search_query,n_searches,n_carts,TECHNICAL_SCORE,intent_class,INTENT_SCORE,loyalty_index,FINAL_SCORE,PRIORITY_LOSS_INDEX
молоко,5971,5908,76.1550089621048,1. Рутина (База),0.0,32.09125475285171,38.1,369.74
хлеб,4589,5180,76.14764065844861,1. Рутина (База),0.0,18.36228287841191,38.1,284.18
сыр,4158,4445,71.24748047107522,1. Рутина (База),0.0,11.137559508895013,35.6,267.68
яйца,2880,2267,78.31709213931393,1. Рутина (База),0.0,29.789750328515115,39.2,175.22
творог,2552,2767,73.48521167571019,1. Рутина (База),0.0,11.524364847980008,36.7,161.43
сметана,2635,2662,80.26096748851995,1. Рутина (База),0.0,25.32825880114177,40.1,157.76
мороженое,2354,3732,70.65666079338999,1. Рутина (База),0.0,12.47743229689067,35.3,152.24
чипсы,2187,2500,72.41355878829145,1. Рутина (База),0.0,24.015369836695488,36.2,139.52
вода,2080,1581,72.02208097742067,1. Рутина (База),0.0,10.971547536433032,36.0,133.1
туалетная бумага,2076,1963,77.28002485125681,1. Рутина (База),0.0,32.66222961730449,38.6,127.38
курица,1981,1914,73.65635195167238,1. Рутина (База),0.0,9.860896445131376,36.8,125.14
масло сливочное,1997,1677,77.14927941977095,1. Рутина (База),0.0,20.93632958801498,38.6,122.67
колбаса,1896,2072,71.89993162864899,1. Рутина (База),0.0,11.441192711209277,35.9,121.44
торт,1704,836,66.98568017823247,1. Рутина (База),0.0,6.526151444184231,33.5,113.33
печенье,1719,1901,69.89970239669816,1. Рутина (База),0.0,10.270124257158294,34.9,111.82
помидоры,1823,1808,78.91261170176196,1. Рутина (База),0.0,22.021924482338612,39.5,110.37
сок,1706,1456,71.09744411101386,1. Рутина (База),0.0,13.345554537121908,35.5,109.95
огурцы,1827,1510,80.86087064250242,1. Рутина (База),0.0,28.982725527831093,40.4,108.83
сосиски,1617,1425,74.82006189535119,1. Рутина (База),0.0,14.094955489614245,37.4,101.21
шоколад,1479,1338,71.3699824044001,1. Рутина (База),0.0,10.695443645083934,35.7,95.12
яйца куриные,1927,1466,83.08238708621396,1. Рутина (База),19.494528400208452,28.688845401174166,51.3,93.87
майонез,1514,1472,79.95165954399872,1. Рутина (База),0.0,27.20887245841035,40.0,90.88
йогурт,1416,2503,73.71239730309317,1. Рутина (База),0.0,9.549790156428843,36.9,89.41
картофель,1470,1339,79.40919596271829,1. Рутина (База),0.0,19.37771345875543,39.7,88.63
кола,1391,956,75.17126047295973,1. Рутина (База),0.0,17.3502722323049,37.6,86.82
кефир,1435,1414,80.69137025368728,1. Рутина (База),0.0,21.07302533532042,40.3,85.6
макароны,1327,1857,76.16179620396105,1. Рутина (База),0.0,19.323621227887617,38.1,82.17
морковь,1363,1224,80.96432588635976,1. Рутина (База),0.0,20.366056572379367,40.5,81.12
вода 5 л,1296,973,74.8266427768833,3. Специфичный (Атрибуты),0.22915101427498996,17.34402852049911,37.5,80.96
сливки,1331,1177,79.44748052252172,1. Рутина (База),0.0,23.971486761710793,39.7,80.23
бананы,1268,867,78.49784062959293,1. Рутина (База),0.0,13.96135265700483,39.2,77.03
конфеты,1130,1429,70.45690196314288,1. Рутина (База),0.0,7.762085822922325,35.2,73.19
яблоки,1209,1207,82.39356070327808,1. Рутина (База),0.0,21.13835376532399,41.2,71.09
пельмени,1113,849,73.99681643530033,1. Рутина (База),0.0,11.30492676431425,37.0,70.12
рис,1100,897,76.85054660434422,1. Рутина (База),0.0,19.044585987261147,38.4,67.73
салат,1013,963,74.42771920122362,1. Рутина (База),0.0,6.824946846208364,37.2,63.6
фарш,1026,855,80.68666781215428,1. Рутина (База),0.0,21.86700767263427,40.3,61.21
творожный сыр,928,823,77.29206647838227,1. Рутина (База),0.0,14.670231729055258,38.6,56.94
индейка,886,882,73.87829549367808,1. Рутина (База),0.0,12.405063291139241,36.9,55.87
сахар,965,849,73.21565792664467,1. Рутина (База),13.522607781282858,38.41628959276018,43.4,54.65
креветки,836,439,71.9267199284232,1. Рутина (База),0.0,8.940936863543788,36.0,53.53
огурцы свежие,1557,1321,86.4580915179661,1. Рутина (База),46.79636835278859,31.377672209026127,66.6,51.96
картошка,853,747,79.40665031986055,1. Рутина (База),0.0,12.857142857142858,39.7,51.43
мука,841,663,79.99150084707858,1. Рутина (База),0.0,19.44281524926686,40.0,50.46
чай,768,588,70.39037813986148,1. Рутина (База),0.0,5.292529252925293,35.2,49.77
энергетик,767,774,75.60694929983262,1. Рутина (База),0.0,13.555166374781086,37.8,47.7
хлебцы,768,758,76.58247087693125,1. Рутина (База),0.0,17.188208616780045,38.3,47.39
цветы,780,55,64.71693810028546,2. Выбор вкуса (Бренды),14.036931818181817,3.642384105960265,39.4,47.29
кофе,719,472,69.61374680492212,2. Выбор вкуса (Бренды),0.0,3.5462058602554474,34.8,46.87
авокадо,1202,709,83.96056271711278,1. Рутина (База),40.05059021922428,32.081447963800905,62.0,45.67
помидоры свежие,766,783,80.87722265119709,1. Рутина (База),0.0,14.210526315789473,40.4,45.62
кофе растворимый,712,520,71.87533703337907,1. Рутина (База),0.0,8.240887480190175,35.9,45.61
наполнитель для кошачьего туалета,708,396,71.20165856472993,3. Специфичный (Атрибуты),0.0,5.569620253164557,35.6,45.59
рыба,691,482,68.0821530741078,2. Выбор вкуса (Бренды),0.0,3.822363203806503,34.0,45.58
зубная паста,703,471,71.60104017832423,1. Рутина (База),0.0,8.548094373865698,35.8,45.13
лаваш,738,616,80.26964471390002,1. Рутина (База),0.0,25.560165975103732,40.1,44.18
лук,1009,951,85.39767583470073,1. Рутина (База),29.15598290598291,25.63342318059299,57.3,43.11
пицца,674,513,72.51073620639374,1. Рутина (База),0.0,11.63265306122449,36.3,42.96
без сахара,644,494,66.94732710886127,2. Выбор вкуса (Бренды),0.0,3.12460468058191,33.5,42.84
мясо,651,422,69.16276742578108,2. Выбор вкуса (Бренды),0.0,3.2189168573607936,34.6,42.59
ветчина,658,570,72.87311730634846,1. Рутина (База),0.0,6.256860592755214,36.4,41.82
гречка,799,710,83.34988289111072,1. Рутина (База),12.969543147208128,30.735930735930733,48.2,41.42
сыр творожный,664,580,77.0815781942512,1. Рутина (База),0.0,9.650582362728786,38.5,40.81
салфетки бумажные,646,320,74.62335406470687,1. Рутина (База),0.0,11.808118081180812,37.3,40.5
капуста,672,473,79.7409360602696,1. Рутина (База),0.0,8.431372549019608,39.9,40.41
сухарики,643,509,78.34994417636868,1. Рутина (База),0.0,23.031674208144796,39.2,39.11
черри,807,682,83.82146184420756,1. Рутина (База),20.256081946222793,24.270462633451956,52.0,38.7
масло подсолнечное,732,714,83.23493605111591,1. Рутина (База),12.531806615776077,30.909090909090907,47.9,38.15
крабовые палочки,633,645,80.72874587863113,1. Рутина (База),0.0,22.95373665480427,40.4,37.75
говядина,601,367,70.0890815532342,2. Выбор вкуса (Бренды),5.436077057793355,4.165720771850171,37.8,37.4
бекон,618,513,81.41206042984277,1. Рутина (База),0.0,19.655172413793103,40.7,36.64
"молоко 3,2",600,540,79.27032459016802,1. Рутина (База),0.0,12.529002320185615,39.6,36.22
гель для стирки,559,385,70.60977357638502,3. Специфичный (Атрибуты),0.0,4.577883472057075,35.3,36.16
перец,585,435,76.68340194368737,1. Рутина (База),0.0,9.645232815964523,38.3,36.07
кетчуп,599,584,82.48917505412292,1. Рутина (База),0.0,21.54981549815498,41.2,35.19
мармелад,569,499,76.75856079187713,1. Рутина (База),0.0,11.577726218097448,38.4,35.06
вода питьевая,547,411,72.04215749337087,1. Рутина (База),0.0,4.665153234960273,36.0,35.0
яйцо,611,409,81.36723092858777,1. Рутина (База),5.6118881118881205,7.850287907869482,43.5,34.53
батон,658,507,83.21857183997648,1. Рутина (База),16.474358974358978,13.66576819407008,49.8,33.0
филе куриное,546,409,79.44191370583737,1. Рутина (База),0.0,8.329938900203667,39.7,32.91
сметана 20,647,561,83.4873350231792,1. Рутина (База),16.248062015503876,11.425661914460285,49.9,32.44
кондиционер для белья,509,393,72.57391832317035,3. Специфичный (Атрибуты),0.0,6.432078559738134,36.3,32.43
лимонад,496,442,71.40505009599006,1. Рутина (База),0.0,4.505606523955148,35.7,31.89
подгузники трусики,514,368,70.5512371167052,2. Выбор вкуса (Бренды),5.888659793814433,3.6763236763236766,38.2,31.75
моцарелла,524,402,80.96774579865671,1. Рутина (База),0.0,17.4025974025974,40.5,31.19
киндер,528,468,81.93202156580004,1. Рутина (База),0.0,15.548172757475083,41.0,31.17
прокладки женские,495,440,74.4600200506376,1. Рутина (База),0.0,10.208816705336426,37.2,31.07
вода детская,521,382,80.85876726613547,1. Рутина (База),0.0,16.536796536796537,40.4,31.04
колбаса докторская,517,424,80.53413928501296,1. Рутина (База),0.0,11.745152354570637,40.3,30.88
кукуруза,509,457,79.13369532577823,1. Рутина (База),0.0,15.70446735395189,39.6,30.76
клубника,525,184,69.95421942240748,2. Выбор вкуса (Бренды),14.95112781954887,4.370546318289786,42.5,30.21
соус,463,407,70.59216763374386,1. Рутина (База),0.0,5.278858625162128,35.3,29.96
чай в пакетиках,473,516,73.86461618707185,3. Специфичный (Атрибуты),0.0,6.692607003891051,36.9,29.83
картофель свежий,679,667,84.59382811384242,1. Рутина (База),27.675675675675677,16.633416458852867,56.1,29.78
лук репчатый,926,871,86.96468186486253,1. Рутина (База),49.24731182795699,27.133956386292834,68.1,29.53
масло,461,339,73.79954735982123,1. Рутина (База),0.0,5.7360406091370555,36.9,29.09
хлеб белый,490,511,81.34615965565865,1. Рутина (База),0.0,9.808061420345489,40.7,29.07
корм для кошек сухой,441,307,69.84862427120304,3. Специфичный (Атрибуты),0.0,2.9776915615906887,34.9,28.7
ряженка,498,421,82.32342372760753,1. Рутина (База),3.2719836400817996,10.767263427109974,42.8,28.49
сыр нарезка,468,582,78.4831070700975,1. Рутина (База),0.0,13.197278911564625,39.2,28.43
вода газированная,448,324,74.36542469972218,1. Рутина (База),0.0,5.674255691768827,37.2,28.14
котлеты,436,296,71.71453365095579,1. Рутина (База),0.0,5.183887915936952,35.9,27.97
зелень,467,582,80.23289294503542,1. Рутина (База),0.0,7.451984635083227,40.1,27.97
морковь свежая,680,633,85.40893317547061,1. Рутина (База),33.592375366568916,21.752577319587626,59.5,27.54
сок детский,444,482,76.54726386525586,1. Рутина (База),0.0,13.732193732193732,38.3,27.41
оливки,444,323,78.2056625107787,1. Рутина (База),0.0,11.099656357388316,39.1,27.04
яблоки свежие,461,542,83.08590357768708,1. Рутина (База),0.0,13.861892583120204,41.5,26.95
салфетки,415,191,70.45042011651576,1. Рутина (База),0.0,5.601173020527859,35.2,26.88
кофе молотый,430,338,75.02613394838068,1. Рутина (База),0.0,7.6643990929705215,37.5,26.87
гель для душа,418,288,71.81543705734386,3. Специфичный (Атрибуты),0.0,4.873096446700507,35.9,26.79
круассан,437,337,78.2938491731019,1. Рутина (База),0.0,9.6011396011396,39.1,26.59
сливочное масло,433,383,78.09262704696035,1. Рутина (База),0.0,8.492239467849224,39.0,26.39
кофе в зернах,405,234,70.33485832931713,3. Специфичный (Атрибуты),0.0,4.246823956442831,35.2,26.26
чипсы lays,424,448,77.27848512432938,1. Рутина (База),0.0,10.900243309002432,38.6,26.02
орехи,406,279,71.92252698371009,1. Рутина (База),0.0,5.063520871143376,36.0,26.0
влажные салфетки,420,307,77.99083719382473,1. Рутина (База),0.0,10.199335548172757,39.0,25.62
exponenta,520,588,84.50500582055616,1. Рутина (База),17.278225806451616,27.86729857819905,50.9,25.54
сыр плавленый,399,419,74.09536808690673,1. Рутина (База),0.0,4.9821640903686095,37.0,25.12
тунец,397,222,75.32489054582953,1. Рутина (База),0.0,8.50574712643678,37.7,24.75
йогурт питьевой,399,548,76.3918056390641,1. Рутина (База),0.0,6.841448189762797,38.2,24.66
сметана 15,546,535,84.88380541799988,1. Рутина (База),25.70397111913357,21.31474103585657,55.3,24.41
паштет,396,354,77.88890672782935,1. Рутина (База),0.0,9.291338582677165,38.9,24.18
грибы,396,332,78.17104533715572,1. Рутина (База),0.0,9.196675900277008,39.1,24.12
оливковое масло,383,214,74.16399693990208,1. Рутина (База),0.0,7.8966789667896675,37.1,24.1
сырок,392,423,77.51858676740693,1. Рутина (База),0.0,6.923076923076923,38.8,24.01
кокосовое молоко,403,372,81.30677368029944,1. Рутина (База),0.0,18.507462686567163,40.7,23.92
минеральная вода,379,307,73.85996171031634,1. Рутина (База),0.0,6.007827788649706,36.9,23.9
фрутоняня,372,475,71.72103636493942,1. Рутина (База),0.0,5.331088664421998,35.9,23.86
соль,527,360,83.3646563031373,1. Рутина (База),26.212424849699403,21.052631578947366,54.8,23.83
корм для кошек влажный,359,213,69.62178222598291,3. Специфичный (Атрибуты),0.0,2.626387176325524,34.8,23.4
семечки,379,321,76.74041768189494,1. Рутина (База),0.0,13.319502074688796,38.4,23.36
мандарины,561,491,84.88501237895085,1. Рутина (База),32.25,19.561752988047807,58.6,23.24
протеин,345,139,66.43840487239189,2. Выбор вкуса (Бренды),0.0,1.8508655126498004,33.2,23.04
кофе в зернах 1 кг,354,322,70.37773658647255,3. Специфичный (Атрибуты),0.0,6.064030131826742,35.2,22.94
зефир,373,250,77.21126217536037,1. Рутина (База),0.0,10.822510822510822,38.6,22.9
бумажные полотенца,671,600,86.45929248235585,1. Рутина (База),46.095791001451374,54.054054054054056,66.3,22.63
порошок стиральный,402,242,71.4033928380673,2. Выбор вкуса (Бренды),16.621052631578944,4.026622296173045,44.0,22.51
шампунь,337,167,67.99021447836671,2. Выбор вкуса (Бренды),0.0,2.31622746185853,34.0,22.24
банан,360,215,76.49169470558341,1. Рутина (База),0.0,7.142857142857142,38.2,22.23
томатная паста,619,510,85.93341363263043,1. Рутина (База),42.491961414791,42.14876033057851,64.2,22.15
пирожное,336,231,68.20995592211692,2. Выбор вкуса (Бренды),0.0,2.9577464788732395,34.1,22.14
курица филе,367,308,79.38392871853335,1. Рутина (База),0.0,7.146171693735498,39.7,22.13
салфетки влажные,358,222,76.4518840407514,1. Рутина (База),0.0,8.50574712643678,38.2,22.12
сгущенное молоко,381,375,82.7685780921296,1. Рутина (База),3.232323232323239,12.458471760797341,43.0,21.72
пармезан,355,282,77.71300033885593,1. Рутина (База),0.0,9.067524115755626,38.9,21.71
попкорн,354,247,77.84990399811277,1. Рутина (База),0.0,14.444444444444443,38.9,21.62
брокколи,360,318,80.13970477699863,1. Рутина (База),0.0,14.389140271493211,40.1,21.57
томаты,348,238,76.43900773084827,1. Рутина (База),0.0,4.948024948024948,38.2,21.5
таблетки для посудомоечной машины,343,251,74.85371925784851,3. Специфичный (Атрибуты),0.0,5.961995249406176,37.4,21.46
икра,327,177,71.0004070221368,1. Рутина (База),0.0,4.903047091412742,35.5,21.09
блины,337,316,75.75150421831856,1. Рутина (База),0.0,5.73502722323049,37.9,20.94
хлеб черный,352,334,81.19823509587711,1. Рутина (База),0.0,7.749419953596288,40.6,20.91
яйца с0,492,464,84.50681243205068,1. Рутина (База),31.17747440273037,17.121771217712176,57.8,20.74
стейк,348,202,70.4783561560828,2. Выбор вкуса (Бренды),11.160120845921448,4.1995841995842,40.8,20.59
масло оливковое,322,189,72.63415835948885,1. Рутина (База),0.0,6.974169741697416,36.3,20.51
зелень свежая,343,444,80.41450539084981,1. Рутина (База),0.0,5.6850192061459675,40.2,20.51
пастила,334,241,77.73691314259487,1. Рутина (База),0.0,10.90497737556561,38.9,20.42
бумага туалетная,333,331,77.55569017660879,1. Рутина (База),0.0,7.862232779097387,38.8,20.39
перец болгарский,569,501,86.05216197973573,1. Рутина (База),43.104026845637584,17.82918149466192,64.6,20.16
творожок,349,668,76.0507599122152,4. Закупка (Вес),9.229068803536888,4.252068746021642,42.6,20.02
лапша,310,163,71.89856271476248,1. Рутина (База),0.0,4.643874643874644,35.9,19.86
агуша,317,414,75.54437832960122,1. Рутина (База),0.0,6.8885191347753745,37.8,19.73
яйцо куриное,445,317,83.78298464390672,1. Рутина (База),28.055555555555557,10.53156146179402,55.9,19.62
сок яблочный,311,225,75.38028393332932,1. Рутина (База),0.0,6.598240469208211,37.7,19.38
вафли,307,241,74.30870709381207,1. Рутина (База),0.0,6.67590027700831,37.2,19.29
цветы живые,319,24,62.60220962201005,2. Выбор вкуса (Бренды),16.880546075085324,2.9629629629629632,39.7,19.22
готовая еда,301,369,69.07777756893717,4. Закупка (Вес),3.53008705634746,2.071869736103313,36.3,19.17
манго,293,140,71.49849870098265,1. Рутина (База),0.0,5.1660516605166045,35.7,18.83
"масло сливочное 82,5",488,405,79.90184495352231,3. Специфичный (Атрибуты),42.96816479400749,10.91644204851752,61.4,18.82
сырники,310,184,78.95424269314294,1. Рутина (База),0.0,5.5589123867069485,39.5,18.76
огурцы маринованные,314,247,81.24445817971386,1. Рутина (База),0.0,17.5177304964539,40.6,18.64
хлеб тостовый,311,278,80.3861973526178,1. Рутина (База),0.0,8.66043613707165,40.2,18.6
конфеты шоколадные,308,393,71.35023905720651,2. Выбор вкуса (Бренды),8.54293628808864,4.0894901144641,39.9,18.5
протеиновые батончики,282,138,69.02317459125933,2. Выбор вкуса (Бренды),0.0,2.5045372050816694,34.5,18.47
грудка куриная,307,215,80.23173696663149,1. Рутина (База),0.0,7.388316151202749,40.1,18.38
фрукты,302,460,72.70955249037131,4. Закупка (Вес),6.061005336319916,3.48221044663134,39.4,18.31
мед,298,208,77.43694611160137,1. Рутина (База),0.0,7.1477663230240545,38.7,18.26
колбаса вареная,292,268,77.0640717182613,1. Рутина (База),0.0,4.953789279112754,38.5,17.95
сок апельсиновый,293,213,78.02437802971417,1. Рутина (База),0.0,8.160919540229884,39.0,17.87
сырок глазированный,298,368,80.1494719311776,1. Рутина (База),0.0,7.3453093812375245,40.1,17.86
рыба слабосолёная,285,199,74.81370268379968,1. Рутина (База),0.0,5.089514066496164,37.4,17.84
какао,286,201,75.95356266677594,1. Рутина (База),0.0,8.00796812749004,38.0,17.74
шоколад молочный,288,330,71.33386878146261,2. Выбор вкуса (Бренды),5.993421052631575,3.7037037037037037,38.7,17.66
прокладки,279,224,73.76264498457047,1. Рутина (База),0.0,5.586034912718204,36.9,17.61
колбаса нарезка,285,333,76.99011581187946,1. Рутина (База),0.0,7.551020408163265,38.5,17.53
мираторг,267,304,69.2505522385066,2. Выбор вкуса (Бренды),0.0,2.7118644067796613,34.6,17.46
творог детский,295,569,81.86162700898744,1. Рутина (База),0.0,12.342733188720173,40.9,17.43
картошка свежая,412,395,85.1618731211726,1. Рутина (База),30.319410319410323,11.933534743202417,57.7,17.41
суп,309,265,71.8306327980364,2. Выбор вкуса (Бренды),15.96655518394649,3.7271448663853732,43.9,17.34
блинчики,275,280,75.3825089022607,1. Рутина (База),0.0,5.175600739371534,37.7,17.13
масло растительное,282,272,78.66942243748764,1. Рутина (База),0.0,9.347079037800686,39.3,17.11
лимон,731,598,88.71777801074832,1. Рутина (База),64.53389830508475,31.308900523560208,76.6,17.09
помидоры черри,374,322,84.20478479318594,1. Рутина (База),24.444444444444443,12.828685258964143,54.3,17.08
фасоль,278,221,78.47126109642238,1. Рутина (База),0.0,10.99502487562189,39.2,16.89
наггетсы,285,263,82.06620733152027,1. Рутина (База),0.0,14.53038674033149,41.0,16.81
куриное филе,278,223,79.59974512659848,1. Рутина (База),0.0,5.853018372703412,39.8,16.74
молоко безлактозное,591,500,87.45925928878226,1. Рутина (База),56.357504215851606,26.178010471204185,71.9,16.6
свинина,318,238,72.45308396366535,2. Выбор вкуса (Бренды),23.215434083601288,3.9600665557404326,47.8,16.59
овощи замороженные,260,335,73.91230098155755,1. Рутина (База),0.0,4.646324549237171,37.0,16.39
пакет подарочный,252,164,70.9627633050725,1. Рутина (База),0.0,4.954682779456193,35.5,16.26
тесто,264,165,77.08316265741853,1. Рутина (База),0.0,6.573705179282868,38.5,16.23
апельсины,375,305,84.35350607794254,1. Рутина (База),29.26315789473685,16.850828729281766,56.8,16.2
ягоды,260,122,69.13436496998638,2. Выбор вкуса (Бренды),6.661290322580644,2.341650671785029,37.9,16.15
морс,275,280,82.70084313753125,1. Рутина (База),0.0,15.469613259668508,41.4,16.13
капуста свежая,368,257,83.25421755097237,1. Рутина (База),29.720101781170484,9.145907473309608,56.5,16.01
кукуруза консервированная,437,422,86.18752759256101,1. Рутина (База),40.87837837837838,34.87603305785124,63.5,15.94
огурец,261,184,78.44181275135256,1. Рутина (База),0.0,7.330677290836653,39.2,15.86
тюльпаны,306,22,69.6170601424981,2. Выбор вкуса (Бренды),27.957142857142856,3.098591549295775,48.8,15.67
молоко ультрапастеризованное,256,203,78.36705943013271,1. Рутина (База),0.0,8.787878787878787,39.2,15.57
макароны barilla,266,366,83.2438540930738,1. Рутина (База),0.0,19.162303664921463,41.6,15.53
сгущенка,275,252,82.74791775377102,1. Рутина (База),5.14705882352942,11.402714932126695,43.9,15.41
рыба замороженная,233,154,68.26889151089468,2. Выбор вкуса (Бренды),0.0,2.4798711755233493,34.1,15.35
пудинг,230,124,67.24253796624585,2. Выбор вкуса (Бренды),0.0,2.8117913832199544,33.6,15.27
салат свежий,255,296,80.30471830808806,1. Рутина (База),0.0,5.7925636007827785,40.2,15.26
зубная щетка,237,169,71.89447074488064,1. Рутина (База),0.0,5.8075601374570445,35.9,15.18
вареники,250,178,79.41102169243369,1. Рутина (База),0.0,5.545171339563863,39.7,15.07
печенье детское,235,174,72.4457214112883,1. Рутина (База),0.0,6.192170818505338,36.2,14.99
фрукты свежие,249,453,73.17602457652224,4. Закупка (Вес),6.464502318943989,3.280231716147719,39.8,14.98
пиво,235,86,73.1711012021004,1. Рутина (База),0.0,5.029239766081871,36.6,14.9
шампунь для волос,225,111,68.34529003424167,3. Специфичный (Атрибуты),0.0,1.78743961352657,34.2,14.81
йогурт греческий,241,291,77.06013145340873,1. Рутина (База),0.0,5.480225988700565,38.5,14.81
средство для мытья посуды,235,190,74.10567934209766,3. Специфичный (Атрибуты),0.0,4.308390022675737,37.1,14.79
каша детская,251,407,74.67335340042008,4. Закупка (Вес),7.750166619061222,4.1915550978372815,41.2,14.76
подгузники,224,184,69.4719737620441,2. Выбор вкуса (Бренды),0.0,1.686526122823098,34.7,14.62
газировка,239,204,71.25495297404237,2. Выбор вкуса (Бренды),7.705069124423957,2.8294036061026353,39.5,14.46
шампиньоны,353,313,85.18481037119963,1. Рутина (База),32.861271676300575,14.16289592760181,59.0,14.46
шпинат,291,224,82.86289403369743,1. Рутина (База),17.800687285223376,13.099415204678362,50.3,14.45
селедка,240,178,80.65406845918304,1. Рутина (База),0.0,9.31937172774869,40.3,14.32
пюре детское,225,319,71.18352948160017,4. Закупка (Вес),4.8773029584894125,2.5705076551168413,38.0,13.94
подарочный набор,202,84,62.743358477219225,2. Выбор вкуса (Бренды),0.0,1.4711033274956218,31.4,13.86
булочка,227,247,71.44860443779912,2. Выбор вкуса (Бренды),6.8789237668161505,2.5702393340270553,39.2,13.81
греческий йогурт,225,260,77.21814655610419,1. Рутина (База),0.0,7.008086253369272,38.6,13.81
черноголовка,228,200,80.10853982056194,1. Рутина (База),0.0,6.8728522336769755,40.1,13.67
печень,231,149,80.23374913185798,1. Рутина (База),1.37777777777778,9.254658385093167,40.8,13.67
роллы,224,86,69.49322868507222,2. Выбор вкуса (Бренды),8.651162790697676,3.8914027149321266,39.1,13.65
kinder,229,184,80.83313571996602,1. Рутина (База),0.0,9.154228855721392,40.4,13.64
кабачок,219,113,75.83987096913793,1. Рутина (База),0.0,9.338842975206612,37.9,13.6
спагетти,229,212,81.86724169241114,1. Рутина (База),0.0,11.712707182320441,40.9,13.53
вода негазированная,281,220,73.7030643133719,2. Выбор вкуса (Бренды),31.083333333333336,3.542673107890499,52.4,13.38
горошек,226,211,81.75530899466509,1. Рутина (База),0.0,12.339181286549707,40.9,13.36
цветная капуста,219,171,79.81623242036234,1. Рутина (База),0.0,9.447513812154696,39.9,13.16
сливки 10%,266,240,83.78885358770219,1. Рутина (База),17.90874524714829,14.035087719298245,50.8,13.07
форель,236,93,70.75186614762589,2. Выбор вкуса (Бренды),18.609442060085836,3.5632183908045976,44.7,13.06
корм для собак,195,76,66.02741120683918,3. Специфичный (Атрибуты),0.0,1.4312617702448212,33.0,13.06
наушники беспроводные,189,49,61.772973745757255,2. Выбор вкуса (Бренды),0.0,1.4369501466275658,30.9,13.06
сельдь,214,167,78.44790655410465,1. Рутина (База),0.0,9.226519337016574,39.2,13.01
бананы свежие,583,392,88.70759766189086,1. Рутина (База),66.76100628930817,12.21183800623053,77.7,12.98
фисташки,205,89,73.6584292692751,1. Рутина (База),0.0,8.811881188118813,36.8,12.95
вода 5л,207,186,75.26345387633708,1. Рутина (База),0.0,6.863468634686346,37.6,12.91
варенье,212,176,78.37618764576608,1. Рутина (База),0.0,7.963800904977375,39.2,12.89
мыло,242,124,71.86097900820644,2. Выбор вкуса (Бренды),21.765217391304343,4.412811387900356,46.8,12.87
презервативы,240,147,71.79014854809039,2. Выбор вкуса (Бренды),21.16363636363637,3.576642335766423,46.5,12.85
зарядка для iphone,200,193,72.31275088840941,3. Специфичный (Атрибуты),0.0,4.37641723356009,36.2,12.77
краска для волос,271,27,52.93827657338854,3. Специфичный (Атрибуты),53.31983805668016,2.967032967032967,53.1,12.7
милка,208,142,78.1497976568388,1. Рутина (База),0.0,4.8797250859106525,39.1,12.67
помидор,210,194,79.30129650590827,1. Рутина (База),0.0,4.837905236907731,39.7,12.67
горошек консервированный,319,329,85.78040110564629,1. Рутина (База),34.878787878787875,27.1900826446281,60.3,12.65
памперсы трусики,211,137,70.89646573931076,2. Выбор вкуса (Бренды),9.48108108108108,1.8488529014844806,40.2,12.62
индилайт,203,211,76.39436451756161,1. Рутина (База),0.0,6.187683284457478,38.2,12.55
джем,209,164,80.1943534607656,1. Рутина (База),0.0,10.186335403726707,40.1,12.52
соевый соус,367,291,85.84751450802042,1. Рутина (База),45.90551181102362,31.978021978021978,65.9,12.52
каша,190,122,68.54466689389072,2. Выбор вкуса (Бренды),0.0,1.8740399385560678,34.3,12.49
хлеб бездрожжевой,204,174,79.84845162348819,1. Рутина (База),0.0,5.979381443298969,39.9,12.26
шоколад без сахара,188,121,70.0344541622603,3. Специфичный (Атрибуты),0.0,3.4472934472934473,35.0,12.22
доширак,354,339,86.54389714408642,1. Рутина (База),44.859550561797754,47.74647887323944,65.7,12.14
овощи,186,218,70.34471546731184,2. Выбор вкуса (Бренды),0.0,1.8151540383014155,35.2,12.06
свекла,454,397,88.07221391841615,1. Рутина (База),59.933184855233854,18.81516587677725,74.0,11.8
наполнитель для кошачьего туалета комкующийся,198,147,70.42144548407316,3. Специфичный (Атрибуты),10.6989247311828,4.07202216066482,40.6,11.77
кока кола,187,65,74.75561902228189,1. Рутина (База),0.0,5.855855855855856,37.4,11.71
сыр тертый,315,284,85.79391893972269,1. Рутина (База),40.063897763578275,31.20879120879121,62.9,11.68
творожок детский,198,413,82.370657431166,1. Рутина (База),0.0,11.132075471698112,41.2,11.65
сырки глазированные,194,238,80.35121977488294,1. Рутина (База),0.0,6.08695652173913,40.2,11.61
соль пищевая,202,161,80.89028297654792,1. Рутина (База),5.7264957264957275,17.692307692307693,43.3,11.45
сливки 20%,264,256,84.77142106183734,1. Рутина (База),28.514492753623188,14.970760233918128,56.6,11.45
приправа,175,139,69.76604037849242,2. Выбор вкуса (Бренды),0.0,2.477718360071301,34.9,11.4
хумус,221,193,83.09172541111849,1. Рутина (База),14.009216589861751,13.687943262411348,48.6,11.37
индейка филе,189,151,79.77914608876463,1. Рутина (База),0.0,6.536796536796537,39.9,11.36
куриная грудка,191,129,80.35672717939394,1. Рутина (База),1.2698412698412653,5.352697095435684,40.8,11.3
туалетная бумага 12 рулонов,334,317,82.70430790828591,3. Специфичный (Атрибуты),49.673913043478265,12.629482071713147,66.2,11.29
конфеты подарочные,199,145,69.78393416363686,2. Выбор вкуса (Бренды),17.078947368421048,2.6802218114602585,43.4,11.26
кефир 1%,214,201,83.4506601789332,1. Рутина (База),11.401869158878512,11.754385964912279,47.4,11.25
филе,201,148,71.6392558623669,2. Выбор вкуса (Бренды),16.50526315789474,3.515439429928741,44.1,11.24
черри томаты,242,213,84.06300619209216,1. Рутина (База),23.15352697095436,9.638009049773755,53.6,11.23
минеральная вода газированная,179,148,74.74939074464079,3. Специфичный (Атрибуты),0.0,4.471299093655589,37.4,11.21
креветки очищенные,182,102,77.71537232725346,1. Рутина (База),0.0,5.635359116022099,38.9,11.13
фарш говяжий,263,199,83.82050121761236,1. Рутина (База),31.59851301115242,9.900497512437811,57.7,11.12
пицца замороженная,178,155,76.01651264514395,1. Рутина (База),0.0,5.719557195571955,38.0,11.03
детское питание,177,331,70.62552396126914,4. Закупка (Вес),4.7667050691244235,1.8481295365717476,37.7,11.03
киви,270,166,83.76183111089446,1. Рутина (База),34.712643678160916,12.67175572519084,59.2,11.01
дезодорант женский,248,217,74.71963500917988,2. Выбор вкуса (Бренды),36.79166666666667,4.419551934826884,55.8,10.97
конфеты в коробках,169,130,70.58294137173627,3. Специфичный (Атрибуты),0.0,3.927492447129909,35.3,10.94
багет,325,124,83.41323475886733,1. Рутина (База),49.640522875817,6.850828729281767,66.5,10.88
виноград,342,199,85.33955584911442,1. Рутина (База),51.556195965417864,11.637426900584794,68.4,10.79
маслины,245,192,84.13072171607843,1. Рутина (База),28.666666666666657,19.00990099009901,56.4,10.68
освежитель воздуха,179,59,75.81721693606737,1. Рутина (База),5.411764705882348,5.315315315315315,40.6,10.63
пюре фруктовое,205,244,73.01891747675819,2. Выбор вкуса (Бренды),23.512690355329944,3.7480798771121355,48.3,10.61
сыр твердый,172,70,69.5520210414601,2. Выбор вкуса (Бренды),7.845238095238095,2.4054982817869415,38.7,10.54
туалетная бумага zewa,287,314,80.88618135927061,3. Специфичный (Атрибуты),45.82908163265306,13.029045643153527,63.4,10.52
кальмар,171,99,77.11684400925893,1. Рутина (База),0.0,5.469613259668508,38.6,10.51
клубника в шоколаде,193,6,62.578299824037984,3. Специфичный (Атрибуты),28.582887700534755,0.9836065573770493,45.6,10.5
сыр легкий,173,165,80.6747171651479,1. Рутина (База),0.0,9.116022099447513,40.3,10.32
сладости,153,158,66.094653580351,2. Выбор вкуса (Бренды),0.0,1.4891611687087654,33.0,10.24
свечи,153,30,66.22031848617593,2. Выбор вкуса (Бренды),0.0,2.127659574468085,33.1,10.23
подарок,145,79,60.72084718541673,2. Выбор вкуса (Бренды),0.0,1.38353765323993,30.4,10.1
barilla,168,181,80.08572458064155,1. Рутина (База),0.0,8.578199052132701,40.0,10.07
овсянка,170,151,81.64348716731908,1. Рутина (База),0.0,6.265560165975104,40.8,10.06
лосось,153,75,68.56864433863781,2. Выбор вкуса (Бренды),0.0,1.9685039370078738,34.3,10.05
мидии,171,95,78.94336286019195,1. Рутина (База),3.636363636363626,5.248618784530386,41.3,10.04
колбаса сырокопченая,200,141,72.96007634234502,2. Выбор вкуса (Бренды),26.641711229946523,3.5162094763092266,49.8,10.04
малина,199,90,72.55538314905817,2. Выбор вкуса (Бренды),26.72820512820513,3.4482758620689653,49.6,10.02
бургер,161,135,76.41882602927225,1. Рутина (База),0.0,4.639175257731958,38.2,9.95
трусики подгузники,162,116,70.56121546462796,2. Выбор вкуса (Бренды),7.619631901840485,1.7818740399385562,39.1,9.87
нарезка,165,276,73.78187164980801,4. Закупка (Вес),7.0086338242762825,3.403205918618989,40.4,9.83
базилик,163,111,79.56876087361208,1. Рутина (База),0.0,5.811518324607329,39.8,9.82
"кефир 3,2",201,206,84.03234761659661,1. Рутина (База),18.9041095890411,10.785340314136125,51.5,9.75
мука пшеничная,188,161,82.35542912832656,1. Рутина (База),13.981042654028428,11.418439716312058,48.2,9.74
кофе в капсулах,156,200,75.37588735620288,3. Специфичный (Атрибуты),0.0,3.629764065335753,37.7,9.72
стиральный порошок,183,116,72.1079383801926,2. Выбор вкуса (Бренды),22.067039106145245,2.9667519181585678,47.1,9.68
укроп,266,223,86.06430433366135,1. Рутина (База),41.245136186770424,17.02290076335878,63.7,9.67
лапша быстрого приготовления,269,220,81.06419525954117,3. Специфичный (Атрибуты),47.23048327137547,15.602836879432624,64.1,9.64
мороженое пломбир,192,238,73.26073243706253,2. Выбор вкуса (Бренды),26.284263959390863,3.211875843454791,49.8,9.64
чиабатта,221,175,74.9570381193893,2. Выбор вкуса (Бренды),37.97115384615385,3.176043557168784,56.5,9.62
песто,214,156,83.3898031109079,1. Рутина (База),26.796116504854368,15.445544554455447,55.1,9.61
тампоны,191,127,82.15597002751478,1. Рутина (База),17.222222222222214,10.495867768595042,49.7,9.61
веган,142,143,64.81877429319329,2. Выбор вкуса (Бренды),0.0,1.6608594657375146,32.4,9.6
фрикадельки,156,101,77.1712862260894,1. Рутина (База),0.0,7.163120567375887,38.6,9.58
пряники,161,113,80.988327334414,1. Рутина (База),0.0,10.18018018018018,40.5,9.58
йогурт детский,159,268,81.28964870365796,1. Рутина (База),0.0,9.209621993127147,40.6,9.44
наушники,134,53,59.55296927254762,2. Выбор вкуса (Бренды),0.0,1.2296983758700695,29.8,9.41
букет,156,5,63.419637424735555,2. Выбор вкуса (Бренды),16.661764705882355,0.9803921568627452,40.0,9.35
замороженные овощи,158,265,74.44605901591275,4. Закупка (Вес),7.661173749638624,3.2277710109622415,41.1,9.31
мороженное,149,217,70.53996079928834,4. Закупка (Вес),4.564577198148927,2.104752667313288,37.6,9.3
свечи для торта,180,121,76.35101672539078,3. Специфичный (Атрибуты),20.976331360946745,6.019900497512437,48.7,9.24
губки для мытья посуды,233,209,80.83399321634617,3. Специфичный (Атрибуты),40.15350877192983,12.222222222222221,60.5,9.2
шоколад горький,148,144,76.87427630817716,1. Рутина (База),0.0,5.124555160142348,38.4,9.11
крем для рук,138,39,68.55880529482049,3. Специфичный (Атрибуты),0.0,1.7647058823529411,34.3,9.07
креветки замороженные,165,75,70.77836936759773,2. Выбор вкуса (Бренды),19.514792899408285,3.554502369668246,45.1,9.05
вермишель,198,152,83.34825512964099,1. Рутина (База),25.24509803921569,12.561983471074381,54.3,9.05
игрушки,120,40,49.2090963972283,2. Выбор вкуса (Бренды),0.0,1.1730205278592374,24.6,9.05
рафаэлло конфеты,173,146,77.55561904971778,1. Рутина (База),18.088642659279785,12.066115702479339,47.8,9.03
бальзам для волос,138,87,69.38285623643102,3. Специфичный (Атрибуты),0.0,1.8087318087318087,34.7,9.01
доместос,157,152,82.86895076077107,1. Рутина (База),3.48101265822784,10.066225165562914,43.2,8.92
уцененный товар,102,15,26.420932548045013,2. Выбор вкуса (Бренды),0.0,0.9933774834437087,13.2,8.85
сухой корм для кошек,136,94,69.7821513071531,3. Специфичный (Атрибуты),0.0,1.6755793226381461,34.9,8.85
азбука вкуса,134,104,69.82706888419763,2. Выбор вкуса (Бренды),0.0,1.9585687382297552,34.9,8.72
лимонная кислота,141,87,76.66832018825849,1. Рутина (База),0.0,7.837837837837838,38.3,8.69
увелка,156,194,75.97559409598855,4. Закупка (Вес),12.767357683448502,4.301552106430155,44.4,8.68
творог обезжиренный,143,136,78.83681037950761,1. Рутина (База),0.0,5.887445887445887,39.4,8.66
жвачка,141,115,77.65575817108625,1. Рутина (База),0.0,4.771784232365145,38.8,8.63
клубника свежая,201,37,76.47114815045542,2. Выбор вкуса (Бренды),37.95260663507109,4.065934065934066,57.2,8.6
моцарелла сыр,145,132,81.38349874735304,1. Рутина (База),0.0,6.9109947643979055,40.7,8.6
сыр с плесенью,138,117,75.66243359750872,3. Специфичный (Атрибуты),0.0,4.1637010676156585,37.8,8.58
ванилин,144,117,80.96753792438682,1. Рутина (База),0.0,11.584158415841584,40.5,8.57
бедро куриное,166,136,82.27388461547349,1. Рутина (База),14.457142857142856,5.887445887445887,48.4,8.57
хлопья для завтрака,137,147,74.87829915338955,3. Специфичный (Атрибуты),0.0,4.07202216066482,37.4,8.57
горох,139,100,76.77486242959534,1. Рутина (База),0.0,5.847953216374268,38.4,8.56
капсулы для стирки,209,106,77.30292780328037,3. Специфичный (Атрибуты),41.0,7.0198675496688745,59.2,8.54
арахис,133,65,72.13564812389548,1. Рутина (База),0.0,4.961832061068702,36.1,8.5
зубная паста детская,145,125,76.71986790831862,3. Специфичный (Атрибуты),6.496350364963504,5.924170616113743,41.6,8.47
чайник электрический,128,65,67.9036782015015,2. Выбор вкуса (Бренды),0.0,2.0249221183800623,34.0,8.45
влажный корм для кошек,128,81,69.17712911641776,3. Специфичный (Атрибуты),0.0,1.5547024952015354,34.6,8.37
творог мягкий,210,230,75.86279724735265,2. Выбор вкуса (Бренды),44.49777777777777,3.533026113671275,60.2,8.36
мыло жидкое для рук,172,129,77.72457658682345,3. Специфичный (Атрибуты),25.271084337349393,6.4179104477611935,51.5,8.34
кетчуп heinz,182,187,84.66647826228598,1. Рутина (База),23.711340206185568,13.26241134751773,54.2,8.34
газированная вода,164,101,72.72694558954751,2. Выбор вкуса (Бренды),25.902439024390244,2.518703241895262,49.3,8.31
освежитель воздуха для туалета,128,46,70.54194140570516,3. Специфичный (Атрибуты),0.0,2.288557213930348,35.3,8.29
тоник,134,99,77.07694103241461,1. Рутина (База),0.0,6.149068322981366,38.5,8.24
сухофрукты,135,82,70.3156328947843,2. Выбор вкуса (Бренды),7.9558823529411775,2.404692082111437,39.1,8.22
сникерс,193,149,84.49406500242559,1. Рутина (База),30.430107526881727,11.374045801526718,57.5,8.21
паста,134,51,68.0107733668507,2. Выбор вкуса (Бренды),9.380952380952383,1.588785046728972,38.7,8.21
порошок,133,72,69.85119597378345,2. Выбор вкуса (Бренды),6.8130081300813,2.315112540192926,38.3,8.2
для мытья посуды,129,102,72.9762978043039,3. Специфичный (Атрибуты),0.0,2.543640897755611,36.5,8.19
ваза для цветов,107,21,47.05478874558402,3. Специфичный (Атрибуты),0.0,6.774193548387097,23.5,8.18
актимель,172,194,84.90812498748164,1. Рутина (База),20.0,12.847682119205299,52.5,8.18
кинза,261,124,85.37241918294858,1. Рутина (База),52.016460905349795,12.277227722772277,68.7,8.17
голубика,265,136,85.31469364674325,1. Рутина (База),53.10861423220974,9.006622516556291,69.2,8.16
тыква,134,95,78.62857153700187,1. Рутина (База),0.0,6.291390728476821,39.3,8.13
кефир детский,139,132,82.66743170333562,1. Рутина (База),0.43165467625898657,8.741721854304636,41.5,8.12
боржоми,224,162,85.51753161594225,1. Рутина (База),41.961722488038276,11.48936170212766,63.7,8.12
овощи свежие,136,265,73.75247737976058,4. Закупка (Вес),7.014293276866066,2.2630230572160546,40.4,8.11
хлопья,172,178,73.81872358249339,2. Выбор вкуса (Бренды),31.862857142857138,3.352165725047081,52.8,8.11
bombbar,136,43,68.90719416746519,2. Выбор вкуса (Бренды),11.765432098765435,1.9457013574660633,40.3,8.11
протеиновое печенье,138,108,70.82031753244247,2. Выбор вкуса (Бренды),12.0,2.5058004640371228,41.4,8.09
мюсли,133,112,78.71823251947237,1. Рутина (База),0.0,5.308056872037914,39.4,8.07
батарейки,153,125,72.57206271322745,2. Выбор вкуса (Бренды),22.457142857142863,2.9002320185614847,47.5,8.03
игрушки для детей,111,64,55.2869508813961,3. Специфичный (Атрибуты),0.0,1.2284069097888675,27.6,8.03
брынза,135,116,81.21466831741337,1. Рутина (База),0.0,6.4088397790055245,40.6,8.02
батончики,123,87,69.83657655622744,2. Выбор вкуса (Бренды),0.1538461538461604,2.283464566929134,35.0,8.0
напитки,120,95,66.73319016082759,2. Выбор вкуса (Бренды),0.0,1.4372163388804842,33.4,8.0
тушенка,128,54,75.56420227049186,1. Рутина (База),0.0,5.346534653465347,37.8,7.96
чай листовой,149,87,71.83718804093137,2. Выбор вкуса (Бренды),21.761006289308174,2.8903654485049834,46.8,7.93
памперсы,120,66,67.75940254103348,2. Выбор вкуса (Бренды),0.0,1.1764705882352942,33.9,7.93
груша,212,155,85.32252123359972,1. Рутина (База),40.3448275862069,9.064327485380117,62.8,7.88
фета,134,126,82.32796145565531,1. Рутина (База),0.0,7.826086956521738,41.2,7.88
сушки,189,184,85.16793244905926,1. Рутина (База),32.0,12.185430463576159,58.6,7.83
гранола,129,91,78.7380944506374,1. Рутина (База),0.0,5.027624309392265,39.4,7.82
сковорода,121,52,68.85645914242392,2. Выбор вкуса (Бренды),2.0900900900900865,1.918819188191882,35.5,7.81
вино,112,10,61.02672608990718,2. Выбор вкуса (Бренды),0.0,1.234567901234568,30.5,7.78
тряпки для уборки,128,98,75.55047074418691,3. Специфичный (Атрибуты),2.8225806451612954,4.644549763033175,39.2,7.78
докторская колбаса,129,105,79.68381004356154,1. Рутина (База),0.0,5.497382198952879,39.8,7.76
пицца zotman,131,136,81.54992398517138,1. Рутина (База),0.0,9.006622516556291,40.8,7.76
шампунь для волос женский,119,78,69.76709472394808,3. Специфичный (Атрибуты),0.0,1.852731591448931,34.9,7.75
лепешка,127,83,78.15663347406714,1. Рутина (База),0.0,6.33587786259542,39.1,7.74
икра красная,166,99,73.80552754580219,2. Выбор вкуса (Бренды),33.067415730337075,3.6531365313653135,53.4,7.73
рыба охлажденная,143,55,71.05224217289184,2. Выбор вкуса (Бренды),20.910344827586208,2.2821576763485476,46.0,7.72
майонез слобода,172,156,84.73096372483936,1. Рутина (База),25.454545454545453,9.12280701754386,55.1,7.72
наполнитель,145,102,71.87045684519616,2. Выбор вкуса (Бренды),22.13422818791946,2.608695652173913,47.0,7.68
уксус,124,64,76.220931191486,1. Рутина (База),0.0,6.336633663366337,38.1,7.67
миндаль,122,79,74.30483668636573,1. Рутина (База),0.0,5.602836879432624,37.2,7.67
апельсин,127,96,79.38661335654024,1. Рутина (База),0.0,5.303867403314917,39.7,7.66
добрый кола,145,75,80.24142851562665,1. Рутина (База),14.24460431654677,6.198347107438017,47.2,7.65
треска,122,51,75.25960228365962,1. Рутина (База),0.0,5.0495049504950495,37.6,7.61
корм для кошек,111,57,62.840954229918026,3. Специфичный (Атрибуты),0.0,1.2638580931263859,31.4,7.61
сироп,122,25,67.77142494363669,2. Выбор вкуса (Бренды),8.11666666666667,1.6556291390728477,37.9,7.57
игрушка,100,42,48.543520442679785,2. Выбор вкуса (Бренды),0.0,1.2316715542521994,24.3,7.57
грибы шампиньоны,160,131,83.8464320499362,1. Рутина (База),22.80254777070064,8.136645962732919,53.3,7.47
горбуша,119,77,74.61106955706829,1. Рутина (База),0.0,4.502923976608186,37.3,7.46
без глютена,115,82,69.93662891812492,2. Выбор вкуса (Бренды),0.8620689655172455,1.9951338199513382,35.4,7.43
халяль,137,69,71.333701940616,2. Выбор вкуса (Бренды),20.26865671641791,1.7206982543640896,45.8,7.43
вода 19л,179,84,75.37365701611301,1. Рутина (База),41.694915254237294,16.47058823529412,58.5,7.42
чайник,112,52,67.61282156309933,2. Выбор вкуса (Бренды),0.0,1.329923273657289,33.8,7.41
бабушкино лукошко,120,258,77.02676154223127,1. Рутина (База),0.0,4.768946395563771,38.5,7.38
семга,144,50,71.88806266075083,2. Выбор вкуса (Бренды),25.741007194244602,2.487562189054726,48.8,7.37
хлеб зерновой,124,94,81.27831424732402,1. Рутина (База),0.08264462809917461,5.838509316770186,40.7,7.36
чернослив,128,82,80.24865482103482,1. Рутина (База),4.84615384615384,9.010989010989011,42.5,7.35
кешью,122,77,79.44644423005722,1. Рутина (База),0.0,6.936936936936937,39.7,7.35
руккола,343,284,88.81891346679045,1. Рутина (База),68.37278106508876,14.129353233830845,78.6,7.34
пюре,127,148,71.7861946701337,2. Выбор вкуса (Бренды),12.799999999999997,1.944809461235217,42.3,7.33
немолоко,125,120,82.68825995386649,1. Рутина (База),0.0,7.453416149068322,41.3,7.33
подгузники трусики 5,131,86,75.25795169867679,3. Специфичный (Атрибуты),12.913385826771645,3.8914027149321266,44.1,7.32
творог зерненый,147,120,83.05355822922606,1. Рутина (База),17.5,6.282722513089005,50.3,7.31
сметана 10,149,148,84.35441856033485,1. Рутина (База),17.77027027027026,8.176795580110497,51.1,7.29
апельсины свежие,248,217,87.17309640444158,1. Рутина (База),54.0,10.284360189573459,70.6,7.29
батончики без сахара,112,63,69.98391028440578,3. Специфичный (Атрибуты),0.0,1.532846715328467,35.0,7.28
платье женское,85,1,28.668293917760458,2. Выбор вкуса (Бренды),0.0,0.9090909090909091,14.3,7.28
одежда женская,83,0,24.92141482923781,2. Выбор вкуса (Бренды),0.0,0.0,12.5,7.27
вишня замороженная,131,99,81.57535676743483,1. Рутина (База),8.029197080291965,8.91891891891892,44.8,7.23
экспонента,156,238,85.17542733942076,1. Рутина (База),22.312138728323703,13.14917127071823,53.7,7.22
айсберг салат,222,170,86.34802985256074,1. Рутина (База),48.826086956521735,12.977099236641221,67.6,7.2
тостовый хлеб,119,102,79.23006710835051,1. Рутина (База),0.0,6.335403726708074,39.6,7.19
"молоко 2,5",122,129,82.47064120900284,1. Рутина (База),0.0,7.5438596491228065,41.2,7.17
горчица,229,203,86.77910283321388,1. Рутина (База),50.65217391304348,20.0990099009901,68.7,7.16
lego,92,30,44.9500803183056,2. Выбор вкуса (Бренды),0.0,1.107011070110701,22.5,7.13
lays,156,137,74.37040184820604,2. Выбор вкуса (Бренды),34.42666666666666,3.903133903133903,54.4,7.11
паста зубная,129,94,71.85750427913676,2. Выбор вкуса (Бренды),17.92,2.6038781163434903,44.9,7.11
брокколи замороженные,119,113,81.2778986038823,1. Рутина (База),0.0,8.01418439716312,40.6,7.06
клубника замороженная,126,98,81.79219115641342,1. Рутина (База),6.2992125984252,10.76923076923077,44.0,7.05
набор подарочный,100,36,59.00129830010297,2. Выбор вкуса (Бренды),0.0,1.157556270096463,29.5,7.05
постельное белье 2 спальное,108,41,69.7025039438104,3. Специфичный (Атрибуты),0.0,2.0398009950248754,34.9,7.04
полотенца бумажные,208,189,86.23566470848458,1. Рутина (База),46.25,17.027027027027028,66.2,7.02
влажная туалетная бумага,209,151,81.17348741716822,3. Специфичный (Атрибуты),52.118226600985224,10.709219858156029,66.6,6.97
печенье овсяное,121,101,81.4356984910387,1. Рутина (База),3.66412213740459,9.0990990990991,42.5,6.95
молоко детское,111,69,74.88851504439862,1. Рутина (База),0.0,6.8316831683168315,37.4,6.94
крем для лица,104,48,66.62088712516473,3. Специфичный (Атрибуты),0.0,1.839080459770115,33.3,6.94
сухари,133,64,79.80429171477552,1. Рутина (База),15.9375,7.901234567901235,47.9,6.93
кола без сахара,327,203,85.17972658241531,3. Специфичный (Атрибуты),72.55485893416927,11.871345029239766,78.9,6.91
вода 5 литров,113,66,74.02300987578263,3. Специфичный (Атрибуты),3.6320754716981014,5.454545454545455,38.8,6.91
мясо охлажденное,126,191,72.14124242272489,2. Выбор вкуса (Бренды),18.24516129032257,1.7191719171917192,45.2,6.91
дезодорант мужской,136,89,72.88803267601756,2. Выбор вкуса (Бренды),25.84251968503937,2.688821752265861,49.4,6.89
сливки 33,261,201,87.6771726689854,1. Рутина (База),59.5,28.30985915492958,73.6,6.89
наполнитель для кошачьего туалета силикагелевый,138,72,75.57200690703704,3. Специфичный (Атрибуты),24.59016393442623,4.472049689440993,50.1,6.89
специи,106,88,70.39445913629368,2. Выбор вкуса (Бренды),0.0,1.9954648526077097,35.2,6.87
петелинка,166,153,75.42439135761354,2. Выбор вкуса (Бренды),42.32214765100671,3.5498839907192576,58.9,6.83
пирог,120,37,70.1491765105016,2. Выбор вкуса (Бренды),16.418181818181818,1.67420814479638,43.3,6.81
ватные диски,319,247,89.30912014427307,1. Рутина (База),68.02588996763754,40.49180327868853,78.7,6.81
la roche-posay,111,68,70.07439086028324,2. Выбор вкуса (Бренды),7.603305785123968,1.9941348973607038,38.8,6.79
подсолнечное масло,123,121,82.89052297221238,1. Рутина (База),7.022900763358777,8.581560283687944,45.0,6.77
мандарины свежие,166,154,85.04311802184787,1. Рутина (База),33.39080459770115,9.565217391304348,59.2,6.77
бенто торт,133,29,70.70962358565653,2. Выбор вкуса (Бренды),27.72661870503597,3.186813186813187,49.2,6.75
пирожные,102,74,67.59958452117587,2. Выбор вкуса (Бренды),0.0,1.6780045351473922,33.8,6.75
подгузники трусики xl,123,102,76.4918856113797,3. Специфичный (Атрибуты),13.875968992248062,4.063745019920319,45.2,6.74
швабра,132,46,71.87520805427931,2. Выбор вкуса (Бренды),26.631578947368418,3.0463576158940397,49.3,6.7
8 марта,93,19,56.497926517317666,2. Выбор вкуса (Бренды),0.0,1.2582781456953642,28.2,6.67
выпечка,99,95,65.76346643934528,2. Выбор вкуса (Бренды),0.0,1.459293394777266,32.9,6.64
финики,151,70,80.6848066123513,1. Рутина (База),31.53333333333333,6.306306306306307,56.1,6.63
крылья куриные,177,121,84.43861608653233,1. Рутина (База),40.59139784946237,6.685082872928176,62.5,6.63
тунец консервы,118,77,80.01719796942457,1. Рутина (База),7.65625,5.460992907801419,43.8,6.63
чеснок,460,255,91.88420603639548,1. Рутина (База),79.36651583710407,28.021978021978022,85.6,6.61
детское пюре,101,115,69.13045268133317,2. Выбор вкуса (Бренды),0.0,1.5111695137976349,34.6,6.61
корм для собак сухой,98,45,65.58423848818218,3. Специфичный (Атрибуты),0.0,1.3196480938416422,32.8,6.59
горячая штучка,108,66,77.94648027513705,1. Рутина (База),0.0,5.038167938931298,39.0,6.59
влажные салфетки детские,177,145,80.06620936505476,3. Специфичный (Атрибуты),45.61224489795919,6.5610859728506785,62.8,6.58
чай черный в пакетиках,105,95,74.62876163014212,3. Специфичный (Атрибуты),0.0,2.9595015576323984,37.3,6.58
чизкейк,150,56,75.00380626478308,2. Выбор вкуса (Бренды),37.38255033557047,4.2748091603053435,56.2,6.57
айсберг,178,131,85.47945040365029,1. Рутина (База),40.75581395348837,6.5174129353233825,63.1,6.57
даниссимо,113,164,83.83468526819155,1. Рутина (База),0.0,9.060773480662982,41.9,6.56
десерт,95,50,62.1167329469131,2. Выбор вкуса (Бренды),0.0,1.3123359580052494,31.1,6.55
стейк говядина,136,72,73.10948618922424,2. Выбор вкуса (Бренды),31.082706766917294,2.562277580071174,52.1,6.51
к чаю,81,5,38.088489951144474,2. Выбор вкуса (Бренды),1.386666666666668,0.9803921568627452,19.7,6.5
набор,76,26,29.112100177078233,2. Выбор вкуса (Бренды),0.0,1.0788381742738589,14.6,6.49
подарочный пакет,133,109,73.35440346650218,2. Выбор вкуса (Бренды),29.573770491803273,3.6212624584717608,51.5,6.46
энергетический напиток,173,174,76.68545945176744,2. Выбор вкуса (Бренды),49.060975609756106,4.233576642335766,62.9,6.42
говядина охлажденная,123,76,72.0693080276865,2. Выбор вкуса (Бренды),23.58730158730159,1.9437340153452685,47.8,6.42
липтон,179,159,86.28616547512065,1. Рутина (База),42.22891566265061,17.472527472527474,64.3,6.4
снеки,97,74,68.52555096277008,2. Выбор вкуса (Бренды),0.0,1.7577197149643704,34.3,6.38
семушка,107,168,80.95169598972775,1. Рутина (База),0.0,5.233644859813084,40.5,6.37
суши,103,27,67.68983655475277,2. Выбор вкуса (Бренды),8.744680851063833,2.0610687022900764,38.2,6.36
овсяные хлопья,118,110,82.46961834034914,1. Рутина (База),10.16129032258064,6.832298136645962,46.3,6.33
батончик,96,66,68.39917975918412,2. Выбор вкуса (Бренды),0.0,1.7322834645669292,34.2,6.32
сладкое,92,95,62.6503393920887,2. Выбор вкуса (Бренды),0.0,1.3950073421439062,31.3,6.32
вода минеральная,107,60,70.71603104661949,2. Выбор вкуса (Бренды),11.647058823529413,2.1352313167259784,41.2,6.29
чай гринфилд в пакетиках,146,126,78.63640291518283,3. Специфичный (Атрибуты),35.53571428571429,4.4839857651245545,57.1,6.27
памперсы трусики 5,117,67,75.0028775854738,3. Специфичный (Атрибуты),17.78761061946902,2.3843416370106763,46.4,6.27
молоко кокосовое,105,96,81.40704254115327,1. Рутина (База),0.0,5.303867403314917,40.7,6.23
ополаскиватель для белья,99,97,74.0757209635452,3. Специфичный (Атрибуты),0.0,2.4189526184538654,37.0,6.23
кола добрый,124,75,81.7042010768804,1. Рутина (База),17.75,8.241758241758243,49.7,6.23
грудинка,103,46,77.69320245654043,1. Рутина (База),2.0,5.054945054945055,39.8,6.2
ласка,104,78,80.9118311193625,1. Рутина (База),0.0,5.531914893617022,40.5,6.19
наггетсы куриные,141,116,84.30639604454731,1. Рутина (База),28.05755395683454,11.485148514851485,56.2,6.18
подгузники трусики 4,97,63,72.63532850702832,3. Специфичный (Атрибуты),0.0,3.134328358208955,36.3,6.18
блендер,91,31,64.47843238831477,2. Выбор вкуса (Бренды),0.0,1.5422885572139302,32.2,6.17
шоколадка,94,123,69.09809857247124,2. Выбор вкуса (Бренды),0.0,1.6826265389876882,34.5,6.15
royal canin для кошек,97,83,73.13548064558965,3. Специфичный (Атрибуты),0.0,2.237196765498652,36.6,6.15
плавленый сыр,137,149,74.55184493471673,2. Выбор вкуса (Бренды),36.153846153846146,3.034623217922607,55.4,6.12
кружка,84,23,54.492559712000464,2. Выбор вкуса (Бренды),0.0,1.6312056737588654,27.2,6.11
орехи смесь,120,57,79.36385944027985,1. Рутина (База),19.32203389830508,5.135135135135135,49.3,6.08
геркулес,189,146,85.88787772211994,1. Рутина (База),49.95049504950495,16.043956043956044,67.9,6.06
барилла,103,151,82.34897104529136,1. Рутина (База),0.0,7.9057591623036645,41.2,6.06
milka,155,92,77.32029856832656,2. Выбор вкуса (Бренды),44.48717948717949,4.360189573459715,60.9,6.06
порошок стиральный автомат,94,61,71.1819266945054,3. Специфичный (Атрибуты),0.0,1.9003115264797508,35.6,6.05
салфетки влажные детские,177,140,80.55973814851059,3. Специфичный (Атрибуты),51.36585365853659,6.334841628959276,66.0,6.02
сырки,171,175,77.50336569963949,2. Выбор вкуса (Бренды),52.090909090909086,3.8802660753880267,64.8,6.02
шишкин лес 5 л,87,38,61.86240664111931,3. Специфичный (Атрибуты),0.0,2.3602484472049685,30.9,6.01
кроссовки мужские,89,0,45.007030950652464,2. Выбор вкуса (Бренды),20.176470588235293,0.0,32.6,6.0
фрутоняня пюре,131,143,74.19810901318571,2. Выбор вкуса (Бренды),34.26573426573427,2.972972972972973,54.2,6.0
футболка женская,75,9,40.5942889957349,2. Выбор вкуса (Бренды),0.0,0.989010989010989,20.3,5.98
маска для волос,96,31,70.38671477845844,3. Специфичный (Атрибуты),5.0,1.7127071823204418,37.7,5.98
пастила без сахара,149,120,77.31750870442795,3. Специфичный (Атрибуты),42.442922374429216,7.9470198675496695,59.9,5.98
мясо говядина,91,79,65.8064548150906,2. Выбор вкуса (Бренды),2.8842105263157976,1.3144758735440931,34.3,5.97
ананас,170,45,83.3650808350082,2. Выбор вкуса (Бренды),46.46153846153846,2.795031055900621,64.9,5.96
ватные палочки,192,166,86.84669425974324,1. Рутина (База),51.06382978723404,23.380281690140848,69.0,5.96
камамбер,120,97,82.6653321752909,1. Рутина (База),18.174603174603178,6.423841059602649,50.4,5.95
мята,118,76,81.92471742581291,1. Рутина (База),18.235294117647072,7.524752475247525,50.1,5.89
прокладки ежедневные,97,64,79.37409113477045,1. Рутина (База),0.0,4.885496183206107,39.7,5.85
каша молочная детская,96,145,78.05551324111273,3. Специфичный (Атрибуты),0.0,2.584670231729055,39.0,5.85
грудка,136,97,75.22635104593981,2. Выбор вкуса (Бренды),38.800000000000004,2.6869806094182827,57.0,5.85
cola,106,21,69.61900494154953,2. Выбор вкуса (Бренды),20.216216216216218,2.307692307692308,44.9,5.84
желе,86,25,64.53546605997747,1. Рутина (База),0.0,4.901960784313726,32.3,5.82
колготки женские,131,72,74.2414617533288,2. Выбор вкуса (Бренды),36.955752212389385,1.889763779527559,55.6,5.82
грецкий орех,111,74,81.77701484367556,1. Рутина (База),13.333333333333343,8.131868131868131,47.6,5.82
цветы живые букеты,169,15,64.82250863310816,3. Специфичный (Атрибуты),66.4156626506024,2.459016393442623,65.6,5.81
ветчина нарезка,96,100,79.20694233315767,1. Рутина (База),0.0,4.739336492890995,39.6,5.8
полотенце,99,42,70.24836819006103,2. Выбор вкуса (Бренды),12.989247311827953,2.08955223880597,41.6,5.78
огурцы соленые,200,158,86.84211153305213,1. Рутина (База),55.43689320388349,19.506172839506174,71.1,5.77
детская вода,124,96,74.13044115593485,2. Выбор вкуса (Бренды),33.19672131147541,3.5424354243542435,53.7,5.75
соленые огурцы,98,94,82.70616970231733,1. Рутина (База),0.4081632653061149,4.921465968586387,41.6,5.73
рис круглозерный,124,104,83.75112759156534,1. Рутина (База),24.263565891472865,10.297029702970297,54.0,5.7
вкусвилл,123,2,68.91402315765535,2. Выбор вкуса (Бренды),38.48739495798319,0.9523809523809523,53.7,5.69
лего,72,16,42.23818893523777,2. Выбор вкуса (Бренды),0.0,1.0596026490066226,21.1,5.68
минтай,97,56,78.86842073959279,1. Рутина (База),4.230769230769226,5.544554455445545,41.5,5.67
арахисовая паста,176,101,84.51828826917804,1. Рутина (База),51.12359550561798,7.709923664122138,67.8,5.66
яйцо с0,107,93,82.15767154038998,1. Рутина (База),12.5,5.438596491228069,47.3,5.64
"новотерская вода 1,5",112,22,69.8940881125359,3. Специфичный (Атрибуты),30.13513513513513,1.5602836879432624,50.0,5.6
тетрадь,89,2,50.66653511308454,2. Выбор вкуса (Бренды),23.694117647058825,0.9523809523809523,37.2,5.59
яйца куриные с0,269,189,85.63959392891833,3. Специфичный (Атрибуты),72.81716417910448,11.052631578947368,79.2,5.59
сардельки,127,88,83.2861903027569,1. Рутина (База),28.90625,5.146198830409356,56.1,5.58
аквалор,95,95,82.27828901453569,1. Рутина (База),0.5208333333333428,9.405940594059405,41.4,5.57
безлактозное молоко,164,120,84.06112231103641,1. Рутина (База),48.13253012048193,14.814814814814815,66.1,5.56
курица тушка,186,128,86.48532447738827,1. Рутина (База),53.80434782608695,4.723247232472325,70.1,5.55
авокадо хасс,227,145,87.95421019565343,1. Рутина (База),63.26359832635983,15.934065934065934,75.6,5.54
тест на беременность,255,246,85.9409118924107,3. Специфичный (Атрибуты),70.62,24.356435643564357,78.3,5.54
курага,113,70,80.96709713029585,1. Рутина (База),21.28,7.6923076923076925,51.1,5.52
капуста квашеная,238,159,88.10117460122969,1. Рутина (База),65.63559322033899,8.78453038674033,76.9,5.51
кондиционер для волос,82,33,65.92725827262322,3. Специфичный (Атрибуты),0.0,1.4285714285714284,33.0,5.5
шишкин лес,159,68,82.96526429866556,1. Рутина (База),48.47457627118644,6.126126126126127,65.7,5.45
сельдерей,233,201,88.58924505937074,1. Рутина (База),64.68085106382978,14.25531914893617,76.6,5.44
бальзамический соус,116,75,81.12424229335467,1. Рутина (База),25.307692307692307,6.756756756756757,53.2,5.43
дезодорант,94,70,71.4074974798319,2. Выбор вкуса (Бренды),13.213483146067425,1.70316301703163,42.3,5.42
гранат,110,73,81.97293587207088,1. Рутина (База),19.910714285714292,5.177304964539007,50.9,5.4
крекер,90,61,80.56095566693492,1. Рутина (База),0.0,4.656488549618321,40.3,5.37
смартфон,65,15,34.69061600489039,2. Выбор вкуса (Бренды),0.0,0.9933774834437087,17.3,5.37
жидкое мыло для рук,107,91,78.10363817547099,3. Специфичный (Атрибуты),21.462264150943398,4.117647058823529,49.8,5.37
zotman пицца,90,88,81.07177162264524,1. Рутина (База),0.0,6.7175572519083975,40.5,5.35
фасоль консервированная,144,128,85.66545298211523,1. Рутина (База),40.06666666666667,12.673267326732674,62.9,5.35
маскарпоне,190,84,85.41460346705804,1. Рутина (База),58.31578947368421,13.77049180327869,71.9,5.35
копченая курица,77,5,38.42341934133302,2. Выбор вкуса (Бренды),23.064935064935064,0.9803921568627452,30.7,5.33
тарталетки,115,17,73.54339673628346,2. Выбор вкуса (Бренды),33.79629629629629,4.146341463414634,53.7,5.33
ветчина из индейки,203,161,83.53574845530616,3. Специфичный (Атрибуты),63.99014778325123,14.504504504504505,73.8,5.33
скумбрия,120,51,79.60327984609867,1. Рутина (База),31.764705882352942,4.594594594594595,55.7,5.32
пижама женская,62,1,28.472382863174783,2. Выбор вкуса (Бренды),0.0,0.9090909090909091,14.2,5.32
цезарь,118,60,74.67203688702836,2. Выбор вкуса (Бренды),35.23893805309735,3.3149171270718227,55.0,5.32
телефон,64,16,34.32211810537266,2. Выбор вкуса (Бренды),0.0,1.322314049586777,17.2,5.3
synergetic,81,65,69.05303581577597,2. Выбор вкуса (Бренды),0.0,1.5439429928741093,34.5,5.3
морепродукты,81,64,69.60740978362692,2. Выбор вкуса (Бренды),0.0,2.1262458471760795,34.8,5.28
свекла вареная,186,143,87.21265042914554,1. Рутина (База),55.98984771573604,8.362573099415204,71.6,5.28
добрый,122,106,75.08385045239385,2. Выбор вкуса (Бренды),38.29059829059829,3.3021806853582554,56.7,5.28
святой источник,151,91,79.45311550399805,2. Выбор вкуса (Бренды),50.81118881118881,4.117647058823529,65.1,5.27
пакет,77,34,63.33938736738725,2. Выбор вкуса (Бренды),0.0,1.3545816733067728,31.7,5.26
белок,69,22,47.86908099668682,2. Выбор вкуса (Бренды),0.0,2.1782178217821784,23.9,5.25
смесь,81,40,64.76520682636345,2. Выбор вкуса (Бренды),5.950000000000003,1.2861736334405145,35.4,5.24
носки,90,27,68.60360873531211,2. Выбор вкуса (Бренды),15.071428571428573,1.413612565445026,41.8,5.23
огурец свежий,153,127,86.33564366282542,1. Рутина (База),45.599999999999994,7.016574585635358,66.0,5.21
трусы женские,104,29,71.61121671672643,2. Выбор вкуса (Бренды),28.210526315789473,2.0567375886524824,49.9,5.21
свр,163,13,94.07801399110105,2. Выбор вкуса (Бренды),42.281879194630875,4.193548387096774,68.2,5.19
батон нарезной,250,220,89.57588173356397,1. Рутина (База),69.00763358778626,11.518324607329841,79.3,5.18
нори,233,130,87.74645425997831,1. Рутина (База),67.76892430278885,18.30985915492958,77.8,5.18
карбонад,122,75,83.0553012000844,1. Рутина (База),32.0,6.756756756756757,57.5,5.18
агуша творожок,108,228,86.06607487514921,1. Рутина (База),18.214285714285708,20.54054054054054,52.1,5.17
кекс,126,60,76.5991433079601,2. Выбор вкуса (Бренды),41.38333333333333,3.9735099337748347,59.0,5.17
пеленки,129,91,76.4915966964652,2. Выбор вкуса (Бренды),43.49618320610688,4.312796208530806,60.0,5.16
сироп для кофе,68,20,48.16831318541366,3. Специфичный (Атрибуты),0.0,1.4184397163120568,24.1,5.16
пюре мясное детское,82,134,75.32863624851345,3. Специфичный (Атрибуты),0.0,2.476894639556377,37.7,5.11
манго сушеный,141,72,83.24243381751896,1. Рутина (База),44.26573426573427,11.80327868852459,63.8,5.11
пиво безалкогольное,153,98,85.19180063137362,1. Рутина (База),48.109756097560975,10.76923076923077,66.7,5.1
киндер сюрприз,117,49,75.68195204965822,2. Выбор вкуса (Бренды),37.837037037037035,3.740458015267176,56.8,5.06
сосиски молочные,101,72,81.65874235775992,1. Рутина (База),18.813559322033896,4.768211920529802,50.2,5.03
печень куриная,161,144,86.55603202994584,1. Рутина (База),51.01123595505618,15.824175824175825,68.8,5.03
йогурты,88,216,76.4947305097167,4. Закупка (Вес),9.926470588235293,2.4517593643586837,43.2,5.0
рыба красная,90,74,71.66517396566589,2. Выбор вкуса (Бренды),17.981981981981974,2.6334519572953736,44.8,4.97
петрушка,114,91,84.36884976064682,1. Рутина (База),28.584070796460168,9.00990099009901,56.5,4.96
zotman,83,77,80.77940975133728,1. Рутина (База),0.0,7.623762376237624,40.4,4.95
печенье без сахара,74,26,66.24592081570889,3. Специфичный (Атрибуты),0.0,1.7218543046357617,33.1,4.95
колбаски,138,91,78.32194861168188,2. Выбор вкуса (Бренды),50.064,3.6254980079681274,64.2,4.94
конфеты без сахара,96,47,74.22917990445667,3. Специфичный (Атрибуты),23.789473684210535,2.7485380116959064,49.0,4.9
пакеты,81,63,70.45637396295615,2. Выбор вкуса (Бренды),8.875,2.985781990521327,39.7,4.89
булка,91,88,71.47016308127095,2. Выбор вкуса (Бренды),21.186046511627907,1.6266173752310535,46.3,4.88
шашлык,98,53,72.74579911995573,2. Выбор вкуса (Бренды),27.599999999999998,2.0306513409961684,50.2,4.88
игрушки для мальчиков,63,13,45.462149048900294,3. Специфичный (Атрибуты),0.0,1.0743801652892562,22.7,4.87
перепелиные яйца,109,55,81.54473415065578,1. Рутина (База),29.35779816513761,5.445544554455446,55.5,4.86
озон,64,2,31.476378576300405,2. Выбор вкуса (Бренды),17.457627118644066,1.8181818181818181,24.5,4.83
фарш куриный,186,143,87.76152185445154,1. Рутина (База),60.26315789473684,6.19047619047619,74.0,4.83
печенье юбилейное,153,142,86.9054213739522,1. Рутина (База),50.06622516556291,20.0,68.5,4.82
бумага а4,127,69,83.65651419653656,1. Рутина (База),40.51724137931035,11.311475409836067,62.1,4.81
имбирь,145,100,85.87382496054023,1. Рутина (База),48.01418439716312,9.00900900900901,66.9,4.79
наполнитель для кошачьего туалета древесный,112,78,78.65052999266491,3. Специфичный (Атрибуты),35.89108910891089,4.56140350877193,57.3,4.79
булгур,180,106,86.9949309327107,1. Рутина (База),60.0,10.495049504950495,73.5,4.77
творожная масса,116,83,83.95668214866345,1. Рутина (База),33.826086956521735,7.4774774774774775,58.9,4.77
кисель,100,0,64.89523064584414,2. Выбор вкуса (Бренды),40.0,0.0,52.4,4.76
риет,81,83,82.85307794948822,1. Рутина (База),0.0,5.496688741721854,41.4,4.74
семечки от мартина,199,231,85.68002086903276,3. Специфичный (Атрибуты),67.00892857142857,19.09090909090909,76.3,4.71
лук зеленый,160,139,87.40902364884587,1. Рутина (База),53.757961783439484,12.522522522522523,70.6,4.71
клей,84,6,61.82085851490582,2. Выбор вкуса (Бренды),26.253164556962023,2.857142857142857,44.0,4.7
сыр российский,82,55,70.27284862873235,2. Выбор вкуса (Бренды),15.274999999999999,1.9572953736654803,42.8,4.69
рис басмати,138,96,85.09676724985378,1. Рутина (База),46.98529411764706,8.64864864864865,66.0,4.69
лайм,130,88,85.46696760404413,1. Рутина (База),42.45901639344262,12.3943661971831,64.0,4.68
контейнер,68,8,47.91891530534087,2. Выбор вкуса (Бренды),14.84848484848485,1.9512195121951221,31.4,4.67
голень куриная,153,112,86.55841292493815,1. Рутина (База),52.450331125827816,7.417218543046358,69.5,4.67
киноа,135,83,84.11890955310886,1. Рутина (База),46.66666666666667,9.12087912087912,65.4,4.67
батончики протеиновые,71,35,68.34856906864418,2. Выбор вкуса (Бренды),0.0,1.5151515151515151,34.2,4.67
вода питьевая негазированная,73,56,72.20654028120464,3. Специфичный (Атрибуты),0.0,1.924398625429553,36.1,4.66
витамин с,85,77,68.91524904558085,2. Выбор вкуса (Бренды),21.560975609756092,3.0677290836653386,45.2,4.65
красная рыба,86,58,71.64069852732621,2. Выбор вкуса (Бренды),20.21276595744681,2.748815165876777,45.9,4.65
вишня,95,68,73.39006540152411,2. Выбор вкуса (Бренды),29.13043478260869,2.821576763485477,51.3,4.63
вафельница,84,17,68.92745200587068,2. Выбор вкуса (Бренды),21.161290322580648,1.8681318681318682,45.0,4.62
апельсиновый сок,76,52,78.77343759031132,1. Рутина (База),0.0,6.419753086419753,39.4,4.61
мясо птицы,77,89,70.71983489807616,2. Выбор вкуса (Бренды),9.638554216867469,1.645101663585952,40.2,4.61
кинза свежая,187,102,87.55354860180171,1. Рутина (База),63.144329896907216,7.786259541984733,75.3,4.61
крем для тела,69,41,66.73009931141065,3. Специфичный (Атрибуты),0.0,1.7012448132780082,33.4,4.6
земля для цветов,53,0,26.996847369523508,3. Специфичный (Атрибуты),0.0,0.0,13.5,4.58
трусы,57,12,39.923665195609615,2. Выбор вкуса (Бренды),0.0,1.6901408450704227,20.0,4.56
сыр натура,75,50,78.35293324436391,1. Рутина (База),0.0,4.504504504504505,39.2,4.56
ягоды свежие,133,113,78.30748817287355,2. Выбор вкуса (Бренды),53.14960629921259,4.329501915708812,65.7,4.56
без сахара сладости,69,51,67.76018901026401,3. Специфичный (Атрибуты),0.0,1.5407854984894258,33.9,4.56
пылесос,56,16,37.30802327720183,2. Выбор вкуса (Бренды),0.0,1.0596026490066226,18.7,4.56
корица,90,16,71.16981553993071,2. Выбор вкуса (Бренды),27.5,2.6229508196721314,49.3,4.56
страчателла,144,72,76.34740277919715,1. Рутина (База),60.41095890410959,10.140845070422536,68.4,4.55
молочный коктейль,127,98,78.12599859724418,2. Выбор вкуса (Бренды),50.272000000000006,3.754789272030651,64.2,4.55
эклеры,118,68,82.92036571216983,1. Рутина (База),39.92248062015504,5.190839694656488,61.4,4.55
витамины,62,37,54.64461932885334,2. Выбор вкуса (Бренды),0.0,1.5352697095435683,27.3,4.51
подарочный набор для женщин,60,5,50.076869935362524,3. Специфичный (Атрибуты),0.0,0.9803921568627452,25.0,4.5
конструктор,54,8,33.99117741030733,2. Выбор вкуса (Бренды),0.0,1.1267605633802817,17.0,4.48
подарок женщине,62,16,55.32731443407716,2. Выбор вкуса (Бренды),0.0,1.4414414414414416,27.7,4.48
бритва,68,30,68.30234854865542,2. Выбор вкуса (Бренды),0.0,1.4925373134328357,34.2,4.48
фен для волос,59,11,48.344710812638496,3. Специфичный (Атрибуты),0.0,1.3580246913580247,24.2,4.47
шоколадная паста,81,34,78.22561261107958,1. Рутина (База),11.51898734177216,10.96774193548387,44.9,4.47
леденцы,67,35,66.8518481111124,2. Выбор вкуса (Бренды),0.0,2.046783625730994,33.4,4.46
памперсы трусики 6,70,58,72.73307560610705,3. Специфичный (Атрибуты),0.0,3.0366492146596857,36.4,4.45
форель слабосоленая,123,90,78.25681618085292,2. Выбор вкуса (Бренды),49.417910447761194,4.072398190045249,63.8,4.45
торты,59,34,49.06509674844454,2. Выбор вкуса (Бренды),0.0,1.4107883817427385,24.5,4.45
руккола свежая,191,181,88.52956189556451,1. Рутина (База),64.92753623188406,10.584795321637426,76.7,4.44
растишка,101,106,85.30930662669172,1. Рутина (База),27.15686274509804,8.760330578512397,56.2,4.42
кокос,65,25,63.890798980652775,2. Выбор вкуса (Бренды),0.0,1.5527950310559004,31.9,4.42
ополаскиватель для рта,100,79,78.62924059467638,3. Специфичный (Атрибуты),32.9591836734694,5.231788079470199,55.8,4.42
белый шоколад,73,58,79.11197740077051,1. Рутина (База),0.0,5.742574257425742,39.6,4.41
пакеты для мусора,115,90,80.26241974362449,3. Специфичный (Атрибуты),42.99107142857143,6.870229007633588,61.6,4.41
вода питьевая 5л,70,49,74.00344800298888,3. Специфичный (Атрибуты),0.0,2.707182320441989,37.0,4.41
утка,132,80,80.37521588691246,2. Выбор вкуса (Бренды),53.322580645161295,3.619909502262443,66.8,4.38
snaq fabriq,90,59,73.12936173927166,2. Выбор вкуса (Бренды),29.589743589743588,2.669683257918552,51.4,4.38
чай черный,79,53,71.67383244056657,2. Выбор вкуса (Бренды),17.358974358974365,1.7041800643086815,44.5,4.38
перчатки,100,43,80.53132216837551,1. Рутина (База),32.0408163265306,5.3086419753086425,56.3,4.37
карамель,61,21,56.97392901935242,2. Выбор вкуса (Бренды),0.0,1.390728476821192,28.5,4.36
том ям,133,66,84.20264411348546,1. Рутина (База),50.38167938931298,5.9459459459459465,67.3,4.35
сумка,55,2,38.07065660037336,2. Выбор вкуса (Бренды),3.6153846153846168,0.9523809523809523,20.8,4.35
яшкино,86,50,81.0789309509176,1. Рутина (База),18.089887640449433,4.9504950495049505,49.6,4.34
игрушки для девочек,56,14,45.49059628055114,3. Специфичный (Атрибуты),0.0,1.0687022900763359,22.7,4.33
пиво алкогольное,81,8,68.77467416872919,2. Выбор вкуса (Бренды),24.55696202531646,1.1267605633802817,46.7,4.32
диффузор для дома,64,26,64.92924435961251,3. Специфичный (Атрибуты),0.0,1.7218543046357617,32.5,4.32
чай подарочный,77,32,68.92275821550197,2. Выбор вкуса (Бренды),19.069518716577537,3.1683168316831685,44.0,4.31
книга,59,20,53.81982736804759,2. Выбор вкуса (Бренды),0.0,1.1695906432748537,26.9,4.31
расческа для волос,53,2,37.21162653522075,3. Специфичный (Атрибуты),0.0,0.9523809523809523,18.6,4.31
сыр ламбер,118,8,86.34297327428101,2. Выбор вкуса (Бренды),40.62068965517241,1.9512195121951221,63.5,4.31
малина замороженная,68,29,73.48809212241898,1. Рутина (База),0.0,5.686274509803922,36.7,4.3
лед,131,85,85.94445086108455,1. Рутина (База),48.68852459016394,8.415841584158416,67.3,4.28
томат,93,69,74.32868292481871,2. Выбор вкуса (Бренды),34.0,2.0845921450151055,54.2,4.26
кошачий наполнитель,70,33,67.80308598916909,2. Выбор вкуса (Бренды),10.417910447761198,1.4932126696832577,39.1,4.26
тонометр,67,23,73.21777538853823,1. Рутина (База),0.0,4.509803921568627,36.6,4.25
бокалы,64,26,67.53750570239457,2. Выбор вкуса (Бренды),0.0,1.8439716312056738,33.8,4.24
капсулы nespresso,90,121,73.82486109812615,2. Выбор вкуса (Бренды),31.950000000000003,2.944038929440389,52.9,4.24
фруктовое пюре детское,68,112,75.56079457764238,3. Специфичный (Атрибуты),0.0,2.191780821917808,37.8,4.23
чупа чупс,151,97,86.13371467108718,1. Рутина (База),58.02395209580838,23.658536585365855,72.1,4.22
туалетная бумага 3 слоя,95,144,77.46822345305569,3. Специфичный (Атрибуты),33.772727272727266,5.975103734439834,55.6,4.22
озон fresh,63,167,66.49269804537235,2. Выбор вкуса (Бренды),0.0,1.4261315115286082,33.2,4.21
шарики,61,15,58.37265297174535,2. Выбор вкуса (Бренды),4.206896551724137,1.8518518518518519,31.3,4.19
сливочный сыр,87,62,73.63331018912204,2. Выбор вкуса (Бренды),30.604651162790695,2.9383886255924168,52.1,4.17
гель для душа мужской,66,48,73.64600436252088,3. Специфичный (Атрибуты),0.0,2.0779220779220777,36.8,4.17
завтрак,62,38,65.87108665115096,2. Выбор вкуса (Бренды),0.0,1.2624584717607972,32.9,4.16
вибратор,82,13,70.89272906709022,2. Выбор вкуса (Бренды),27.90909090909091,2.1311475409836067,49.4,4.15
рулет,102,50,76.87993502069652,2. Выбор вкуса (Бренды),41.689320388349515,3.546099290780142,59.3,4.15
pipibend наполнитель,53,7,43.72617841463602,2. Выбор вкуса (Бренды),0.0,1.1475409836065575,21.9,4.14
бульон,94,38,75.0945980363833,2. Выбор вкуса (Бренды),36.78260869565217,4.175824175824176,55.9,4.14
фруто няня,63,55,69.63281444287337,2. Выбор вкуса (Бренды),0.0,1.371571072319202,34.8,4.11
вода 19л питьевая,189,109,84.10762794896854,3. Специфичный (Атрибуты),72.51295336787564,11.978021978021978,78.3,4.1
молоко растительное,98,79,75.53741596285096,2. Выбор вкуса (Бренды),40.88888888888889,3.744075829383886,58.2,4.1
сахарный песок,118,108,85.8792651254412,1. Рутина (База),44.645669291338585,13.333333333333334,65.3,4.1
хоеб,91,91,73.63578975732067,2. Выбор вкуса (Бренды),36.26373626373626,1.8918918918918919,54.9,4.1
свеча,54,8,48.106466393735964,2. Выбор вкуса (Бренды),0.0,1.3114754098360657,24.1,4.1
сахарозаменитель,84,72,81.54292718568827,1. Рутина (База),21.0091743119266,7.128712871287129,51.3,4.09
эконива,74,129,78.11310059085444,4. Закупка (Вес),11.721944570649704,3.5734072022160666,44.9,4.08
маршмеллоу,77,3,65.83100485897447,2. Выбор вкуса (Бренды),28.767123287671232,1.4285714285714286,47.3,4.06
чулки женские,59,6,45.62869014728104,2. Выбор вкуса (Бренды),17.208333333333332,1.1764705882352942,31.4,4.05
бекон сырокопченый,88,72,83.78766593444921,1. Рутина (База),24.204545454545453,7.128712871287129,54.0,4.05
салфетки для уборки,83,57,76.55650651815937,3. Специфичный (Атрибуты),25.764705882352942,4.710743801652892,51.2,4.05
контейнер для хранения,57,10,58.292084255200905,3. Специфичный (Атрибуты),0.0,1.098901098901099,29.1,4.04
сыр маасдам,70,56,82.16877625161874,1. Рутина (База),2.424242424242422,5.045045045045045,42.3,4.04
ламбер,119,6,91.72627346383464,2. Выбор вкуса (Бренды),40.403361344537814,1.1764705882352942,66.1,4.04
салат айсберг,113,80,85.25620922878748,1. Рутина (База),43.39130434782609,4.678362573099415,64.3,4.03
колготки,92,50,74.5438812132065,2. Выбор вкуса (Бренды),37.833333333333336,1.7182130584192439,56.2,4.03
ванильный сахар,94,80,84.86208186051117,1. Рутина (База),29.438202247191015,19.512195121951223,57.2,4.03
m&m’s,90,67,83.42968329211409,1. Рутина (База),27.157894736842096,8.271604938271606,55.3,4.02
сумка женская,52,0,33.16357892260451,2. Выбор вкуса (Бренды),13.0,0.0,23.1,4.0
протеиновые,59,37,64.31873511651011,2. Выбор вкуса (Бренды),0.0,1.4741035856573705,32.2,4.0
постельное белье,60,21,66.84457107604456,2. Выбор вкуса (Бренды),0.0,1.2280701754385963,33.4,3.99
круассаны замороженные,125,116,86.70769313451645,1. Рутина (База),49.52755905511811,16.338028169014084,68.1,3.99
нагетсы,68,72,82.62501620315228,1. Рутина (База),0.0,5.4961832061068705,41.3,3.99
халва,117,35,84.39415597984028,2. Выбор вкуса (Бренды),47.644067796610166,4.320987654320988,66.0,3.98
увлажнитель воздуха,65,27,67.8921915591888,2. Выбор вкуса (Бренды),10.000000000000004,1.6770186335403725,38.9,3.97
мороженое шоколадное,67,85,71.2578578560057,2. Выбор вкуса (Бренды),10.653061224489804,2.2911051212938003,41.0,3.96
чеснок сушеный,94,40,80.61105353220168,1. Рутина (База),35.34653465346534,9.756097560975611,58.0,3.95
памперсы трусики 4,69,44,73.15679231113525,3. Специфичный (Атрибуты),12.555555555555571,1.9909502262443437,42.9,3.94
для стирки,59,56,66.30138090086618,2. Выбор вкуса (Бренды),0.0,1.432225063938619,33.2,3.94
трубочки,83,21,73.59636659190754,2. Выбор вкуса (Бренды),31.89041095890411,3.4426229508196724,52.7,3.92
булочки,86,60,74.38436425640205,2. Выбор вкуса (Бренды),34.40860215053763,2.8436018957345968,54.4,3.92
овсяное печенье,64,53,77.53390687611362,1. Рутина (База),0.0,7.464788732394367,38.8,3.92
шарики воздушные,78,24,66.91952839774618,2. Выбор вкуса (Бренды),32.78378378378379,2.376237623762376,49.9,3.91
подарок мужчине,52,6,50.08967680100492,2. Выбор вкуса (Бренды),0.0,1.1764705882352942,25.0,3.9
фасоль стручковая,65,63,79.93575056877685,1. Рутина (База),0.0,5.206611570247934,40.0,3.9
сыр сливочный,73,43,71.63615379152634,2. Выбор вкуса (Бренды),21.441176470588232,1.5867158671586714,46.5,3.9
сливки 33% для взбивания,249,184,87.77221667088553,3. Специфичный (Атрибуты),80.98039215686275,18.21782178217822,84.4,3.89
обувь женская,47,1,34.54138716868781,2. Выбор вкуса (Бренды),0.0,0.9090909090909091,17.3,3.89
свекла свежая,184,171,89.32942462815814,1. Рутина (База),68.60103626943005,15.405405405405405,79.0,3.87
смесь молочная детская,59,35,68.92579268357495,3. Специфичный (Атрибуты),0.0,1.394422310756972,34.5,3.87
сосиски клинские,149,99,87.71777376013685,1. Рутина (База),60.34013605442177,8.91891891891892,74.0,3.87
моти,132,88,85.88037084289448,1. Рутина (База),55.42635658914729,12.3943661971831,70.7,3.87
линзы контактные,98,49,75.68605178604761,2. Выбор вкуса (Бренды),45.59550561797753,1.2219451371571073,60.6,3.86
зубная щетка детская,64,43,74.51094939772354,3. Специфичный (Атрибуты),4.841269841269849,3.873873873873874,39.7,3.86
творожки,66,137,75.18171951785969,4. Закупка (Вес),8.8301643570738,2.137285491419657,42.0,3.83
косметика,45,10,29.622136470779036,2. Выбор вкуса (Бренды),0.0,0.9900990099009901,14.8,3.83
кокосовая стружка,75,42,80.43033731728416,1. Рутина (База),17.9746835443038,8.23529411764706,49.2,3.81
pringles,126,77,85.6077485878096,1. Рутина (База),54.22222222222223,8.461538461538462,69.9,3.79
форма для выпечки,95,18,71.85921075310445,3. Специфичный (Атрибуты),48.55555555555555,2.535211267605634,60.2,3.78
для кошек,46,11,35.79552418412895,2. Выбор вкуса (Бренды),0.0,1.3580246913580247,17.9,3.78
минералка,77,70,73.34543753979669,2. Выбор вкуса (Бренды),28.413793103448278,2.5830258302583022,50.9,3.78
для унитаза,78,69,73.62184246966945,2. Выбор вкуса (Бренды),29.726027397260275,2.3711340206185567,51.7,3.77
одежда,44,5,28.745736515970634,2. Выбор вкуса (Бренды),0.0,0.9803921568627452,14.4,3.77
сок томатный,98,76,85.10081564387072,1. Рутина (База),38.01980198019802,9.382716049382717,61.6,3.77
протеиновый батончик,57,30,67.8353276859412,2. Выбор вкуса (Бренды),0.0,1.6574585635359114,33.9,3.77
лазанья,96,57,83.42889160967198,1. Рутина (База),38.099999999999994,6.263736263736264,60.8,3.77
тофу,109,30,84.38940868275989,2. Выбор вкуса (Бренды),46.56896551724138,2.9702970297029703,65.5,3.76
гель для душа женский,59,43,72.87872788182382,3. Специфичный (Атрибуты),0.0,1.784232365145228,36.4,3.75
рис в пакетиках,145,161,84.82383667512457,3. Специфичный (Атрибуты),63.75,15.94059405940594,74.3,3.73
орешки,57,32,65.85741429278757,2. Выбор вкуса (Бренды),3.525423728813557,1.4479638009049773,34.7,3.72
томатный сок,85,73,84.19036426373545,1. Рутина (База),28.586956521739125,9.012345679012347,56.4,3.71
паста томатная,73,52,82.32201011380346,1. Рутина (База),16.400000000000006,7.323943661971831,49.4,3.7
паприка,85,35,75.56031860268834,2. Выбор вкуса (Бренды),37.294117647058826,4.320987654320988,56.4,3.7
майонез провансаль,69,66,83.176390954683,1. Рутина (База),10.0,5.454545454545455,46.6,3.69
желе фруктовое,49,18,49.37362209799096,2. Выбор вкуса (Бренды),0.0,2.2222222222222223,24.7,3.69
тушь для ресниц,81,38,75.42369070472897,3. Специфичный (Атрибуты),33.716216216216225,2.5165562913907285,54.6,3.68
шампунь мужской,65,35,71.06855603062739,2. Выбор вкуса (Бренды),15.733333333333338,2.67175572519084,43.4,3.68
телевизор,47,7,43.95888723971785,2. Выбор вкуса (Бренды),0.0,0.9859154929577465,22.0,3.67
8 марта подарки,48,8,46.90827353593739,3. Специфичный (Атрибуты),0.0,0.9876543209876544,23.5,3.67
каша овсяная,87,73,75.4196538336886,2. Выбор вкуса (Бренды),40.3010752688172,3.029045643153527,57.9,3.67
iphone,49,7,47.078246593865764,2. Выбор вкуса (Бренды),4.044444444444443,1.1475409836065575,25.6,3.65
консервы,59,109,71.2154512671155,4. Закупка (Вес),5.199141426186501,1.9782214156079854,38.2,3.65
бутылочка для кормления,56,24,69.76944642486342,3. Специфичный (Атрибуты),0.0,1.702127659574468,34.9,3.65
пюре детское фруктовое,58,74,74.12723046203806,3. Специфичный (Атрибуты),0.0,1.8925831202046035,37.1,3.65
кукла,54,22,64.71656113330089,2. Выбор вкуса (Бренды),0.0,1.0426540284360188,32.4,3.65
хлебцы dr korner,114,147,82.94261128342062,3. Специфичный (Атрибуты),52.94117647058823,13.243243243243244,67.9,3.65
ананасы консервированные,130,112,86.98147741240311,1. Рутина (База),57.16417910447761,15.774647887323944,72.1,3.63
подарки для женщины,49,11,51.70673783522223,3. Специфичный (Атрибуты),0.0,1.208791208791209,25.9,3.63
ягоды замороженные,125,149,78.94948442978459,2. Выбор вкуса (Бренды),62.99186991869919,3.8107416879795397,71.0,3.63
гель для интимной гигиены,47,13,46.143982444834904,3. Специфичный (Атрибуты),0.0,1.8309859154929577,23.1,3.62
дрожжи,119,89,86.55586636927751,1. Рутина (База),52.704918032786885,28.709677419354836,69.6,3.61
фильтр для воды,56,22,70.96071813839431,3. Специфичный (Атрибуты),0.0,1.6793893129770994,35.5,3.61
маска для лица,107,29,75.34875665431943,3. Специфичный (Атрибуты),57.28155339805825,1.8012422360248446,66.3,3.6
консервы рыбные,68,53,72.18059955889187,2. Выбор вкуса (Бренды),21.799999999999997,2.7748691099476437,47.0,3.6
рафаэлло,95,83,82.30896625127279,1. Рутина (База),42.15277777777778,6.859504132231405,62.2,3.59
каша безмолочная детская,57,58,74.0860898276159,3. Специфичный (Атрибуты),0.0,1.8068535825545171,37.0,3.59
удлинитель,69,42,72.00319565615422,2. Выбор вкуса (Бренды),23.80246913580247,2.1989528795811517,47.9,3.59
кролик,84,56,75.52481382724254,2. Выбор вкуса (Бренды),39.26190476190476,3.971631205673759,57.4,3.58
коврик,48,1,39.28257269755491,2. Выбор вкуса (Бренды),11.599999999999998,0.9090909090909091,25.4,3.58
дистиллированная вода,43,3,33.6403557449682,2. Выбор вкуса (Бренды),0.0,0.9677419354838709,16.8,3.58
пакеты фасовочные,148,106,88.05712428355531,1. Рутина (База),63.714285714285715,17.37704918032787,75.9,3.57
барилла макароны,61,73,83.00720067773345,1. Рутина (База),0.0,6.033057851239669,41.5,3.57
растительное молоко,75,54,73.72193141697836,2. Выбор вкуса (Бренды),31.413333333333334,2.6865671641791042,52.6,3.56
масло гхи,124,60,85.3351792028354,1. Рутина (База),57.21739130434783,8.450704225352114,71.3,3.56
томатный соус,57,47,75.07142148796476,1. Рутина (База),0.0,5.802469135802469,37.5,3.56
одноразовая посуда,91,67,76.27106891243261,2. Выбор вкуса (Бренды),45.85714285714286,3.507853403141361,61.1,3.54
кето,52,28,64.3111546269801,2. Выбор вкуса (Бренды),0.0,1.8543046357615895,32.2,3.53
скотч,87,50,83.69122615098462,1. Рутина (База),35.125,16.129032258064516,59.4,3.53
чечевица,94,68,84.58991221467275,1. Рутина (База),40.434782608695656,7.472527472527473,62.5,3.52
безлактозное,83,70,75.32993907276435,2. Выбор вкуса (Бренды),40.0,2.681992337164751,57.7,3.51
моющее средство для посуды,56,45,75.11445227911435,3. Специфичный (Атрибуты),0.0,2.980132450331126,37.6,3.5
заморозка,50,105,56.72691573701234,4. Закупка (Вес),3.468780971258672,1.3108614232209739,30.1,3.5
мармелад жевательный,107,85,80.1275284860973,2. Выбор вкуса (Бренды),54.46280991735537,4.2288557213930345,67.3,3.5
имунеле,71,56,83.52466216961801,1. Рутина (База),17.941176470588246,5.544554455445545,50.7,3.5
the act,88,51,77.04661360778904,2. Выбор вкуса (Бренды),43.632183908045974,2.4170616113744074,60.3,3.49
массажер,49,1,38.46616636977747,2. Выбор вкуса (Бренды),19.617021276595743,0.9090909090909091,29.0,3.48
посуда,42,13,34.21603363092935,2. Выбор вкуса (Бренды),0.0,0.9923664122137404,17.1,3.48
укроп свежий,196,177,90.50450191338847,1. Рутина (База),73.94736842105263,14.62809917355372,82.2,3.48
сердечки куриные,111,83,83.67737627755187,1. Рутина (База),53.80530973451328,9.12087912087912,68.7,3.47
болгарский перец,97,93,86.15191611761891,1. Рутина (База),42.400000000000006,5.7763975155279494,64.3,3.47
арбуз,69,7,70.07353959480277,2. Выбор вкуса (Бренды),29.264705882352942,3.333333333333333,49.7,3.47
букет цветов живые,77,3,64.68583161546793,3. Специфичный (Атрибуты),45.14492753623188,0.9677419354838709,54.9,3.47
подарок на 8 марта,50,16,61.118203840085904,3. Специфичный (Атрибуты),0.0,1.1347517730496455,30.6,3.47
твикс,109,87,86.88069539177322,1. Рутина (База),49.70873786407766,10.74074074074074,68.3,3.46
чай зеленый,72,48,73.65805867169443,2. Выбор вкуса (Бренды),30.472222222222214,1.9917012448132778,52.1,3.45
сгущенка вареная,77,44,82.71447109000292,1. Рутина (База),27.605633802816897,6.19718309859155,55.2,3.45
хамон,98,49,83.49491602678957,1. Рутина (База),46.16161616161616,6.901408450704226,64.8,3.45
вяленые томаты,72,43,81.3351692647768,1. Рутина (База),23.013698630136986,5.3086419753086425,52.2,3.44
планшет,42,6,36.54430743210031,2. Выбор вкуса (Бренды),0.0,0.9836065573770493,18.3,3.43
"сливочное масло 82,5",93,70,80.07815084909583,3. Специфичный (Атрибуты),46.07142857142857,3.867403314917127,63.1,3.43
книги,42,7,36.62892205890604,2. Выбор вкуса (Бренды),0.0,0.9859154929577465,18.3,3.43
без лактозы,66,20,71.57367976044647,2. Выбор вкуса (Бренды),24.848484848484848,1.4184397163120568,48.2,3.42
бумажные салфетки,55,34,75.73246449106064,1. Рутина (База),0.0,4.788732394366197,37.9,3.42
бутылка для воды,46,1,39.36329523930397,3. Специфичный (Атрибуты),12.023809523809518,0.9090909090909091,25.7,3.42
dr pepper,45,0,36.41190194957515,2. Выбор вкуса (Бренды),11.526315789473685,0.0,24.0,3.42
подгузники трусики l,58,34,73.99306606218154,3. Специфичный (Атрибуты),8.214285714285708,2.111801242236025,41.1,3.42
капуста белокочанная,98,46,81.07798848133048,2. Выбор вкуса (Бренды),49.265306122448976,3.8016528925619837,65.2,3.41
машинка игрушка,46,6,51.86199166200417,2. Выбор вкуса (Бренды),0.0,1.1764705882352942,25.9,3.41
мыло жидкое,91,66,77.46546209284966,2. Выбор вкуса (Бренды),47.54022988505747,3.2835820895522385,62.5,3.41
мясо свинина,49,49,58.99286111866123,2. Выбор вкуса (Бренды),1.7307692307692264,1.4803625377643503,30.4,3.41
коллаген,52,22,66.03714869736002,2. Выбор вкуса (Бренды),3.625,1.8181818181818183,34.8,3.39
биолакт,147,135,88.97530676771808,1. Рутина (База),65.06944444444444,14.835164835164836,77.0,3.38
смесь замороженная,67,64,73.03770683833092,2. Выбор вкуса (Бренды),25.96969696969697,2.549800796812749,49.5,3.38
боржоми в стекле,44,19,46.90224978464117,3. Специфичный (Атрибуты),0.0,2.345679012345679,23.5,3.37
вода 5 литров питьевая,58,62,75.80103821606524,3. Специфичный (Атрибуты),7.962962962962962,4.105960264900662,41.9,3.37
пеленки одноразовые 60 90,127,78,82.69268373321049,3. Специфичный (Атрибуты),64.28,5.954198473282443,73.5,3.37
кокосовое масло,62,22,76.06709669873494,1. Рутина (База),15.277777777777786,5.365853658536586,45.7,3.37
бабушкино лукошко пюре,55,94,77.4085608455087,3. Специфичный (Атрибуты),0.0,2.4040920716112533,38.7,3.37
скатерть,70,9,72.161257654806,2. Выбор вкуса (Бренды),31.746031746031743,1.4754098360655739,52.0,3.36
сухой шампунь,109,54,84.66757037797841,1. Рутина (База),53.689320388349515,8.852459016393443,69.2,3.36
трусики,58,42,69.7556398923089,2. Выбор вкуса (Бренды),14.421052631578945,1.6733067729083664,42.1,3.36
пластилин,89,48,77.90441156681224,2. Выбор вкуса (Бренды),46.90243902439024,3.178807947019868,62.4,3.35
борщ,94,58,84.92976572901647,1. Рутина (База),43.793103448275865,4.793388429752066,64.4,3.35
прокладки always,56,66,80.67536765682988,1. Рутина (База),0.0,4.680851063829787,40.3,3.34
детское печенье,71,73,73.9355313773863,2. Выбор вкуса (Бренды),31.888888888888886,2.9083665338645415,52.9,3.34
чокопай,135,68,87.16884159005855,1. Рутина (База),63.55555555555556,8.395061728395062,75.4,3.33
носки женские,82,40,76.42923643555005,2. Выбор вкуса (Бренды),42.43835616438356,3.3057851239669422,59.4,3.33
чеснок свежий,184,134,90.26633175488477,1. Рутина (База),73.6021505376344,16.543209876543212,81.9,3.32
клюква,75,37,75.07195729997053,2. Выбор вкуса (Бренды),36.48101265822785,2.624113475177305,55.8,3.32
zero,73,41,74.44891173131793,2. Выбор вкуса (Бренды),34.470588235294116,2.7152317880794703,54.5,3.32
таорог,61,59,69.82208006505384,2. Выбор вкуса (Бренды),21.806451612903224,1.782477341389728,45.8,3.31
алмазная мозаика,58,3,49.57497303176177,2. Выбор вкуса (Бренды),36.15625,1.4285714285714286,42.9,3.31
савоярди печенье,56,33,65.7888771317713,1. Рутина (База),16.545454545454547,15.714285714285714,41.2,3.29
печенье протеиновое,52,28,69.32315863323697,2. Выбор вкуса (Бренды),4.2499999999999964,1.3270142180094786,36.8,3.29
ritter sport,99,69,80.5746881334642,2. Выбор вкуса (Бренды),52.91743119266055,3.2701421800947865,66.7,3.29
кабачки,102,55,82.14955757615489,2. Выбор вкуса (Бренды),53.35353535353536,4.198473282442748,67.8,3.29
fleur alpine,67,62,73.50517603565669,2. Выбор вкуса (Бренды),28.476190476190474,1.7663817663817662,51.0,3.28
кроссовки женские,50,0,43.91011885600701,2. Выбор вкуса (Бренды),25.30232558139535,0.0,34.6,3.27
кошачий корм влажный,50,33,69.499078286502,3. Специфичный (Атрибуты),0.0,1.4932126696832577,34.7,3.26
крем,42,13,44.661408372141054,2. Выбор вкуса (Бренды),0.0,1.1711711711711712,22.3,3.26
лимоны свежие,132,109,88.24461159643212,1. Рутина (База),62.408759124087595,11.978021978021978,75.3,3.26
маринованные огурцы,60,51,82.56917499236145,1. Рутина (База),8.666666666666671,5.0495049504950495,45.6,3.26
кунжут,75,62,83.69827381245713,1. Рутина (База),30.0,7.654320987654321,56.8,3.24
носки мужские,70,22,73.42709083592555,2. Выбор вкуса (Бренды),34.12698412698413,1.6793893129770994,53.8,3.24
средство для унитаза,52,47,75.29986402335969,3. Специфичный (Атрибуты),0.0,2.4607329842931933,37.6,3.24
корнишоны,86,69,84.99310197874586,1. Рутина (База),39.54545454545454,11.311475409836067,62.3,3.24
новотерская,76,2,73.88348256341108,2. Выбор вкуса (Бренды),41.098591549295776,0.9523809523809523,57.5,3.23
перчатки одноразовые,52,24,75.93525614531828,1. Рутина (База),0.0,4.705882352941177,38.0,3.23
хлеб цельнозерновой,88,50,78.67500876981734,2. Выбор вкуса (Бренды),47.88505747126437,2.923976608187134,63.3,3.23
стиральный порошок автомат,49,25,68.13500406786007,3. Специфичный (Атрибуты),0.0,1.5527950310559004,34.1,3.23
плед,65,1,67.25142957037704,2. Выбор вкуса (Бренды),33.75,0.9090909090909091,50.5,3.22
мимоза,83,5,82.80751658153815,2. Выбор вкуса (Бренды),39.48717948717949,2.380952380952381,61.1,3.22
донат,107,77,86.73076570000599,1. Рутина (База),53.05555555555556,8.461538461538462,69.9,3.22
лак для волос,112,55,81.10726629099557,3. Специфичный (Атрибуты),61.36363636363636,4.954954954954955,71.2,3.22
barilla макароны,55,77,83.15842893059617,1. Рутина (База),0.0,5.099337748344371,41.6,3.21
шампанское,52,8,65.37413647681961,2. Выбор вкуса (Бренды),11.0,1.5686274509803924,38.2,3.21
кальмары замороженные,69,44,81.55215656818736,1. Рутина (База),25.507246376811594,5.432098765432099,53.5,3.21
бумага,64,44,72.57699397534962,2. Выбор вкуса (Бренды),27.03125,2.3036649214659684,49.8,3.21
чудо,78,73,75.75895512594587,2. Выбор вкуса (Бренды),42.151898734177216,2.508591065292096,59.0,3.2
творог 5%,90,82,77.79722441626195,2. Выбор вкуса (Бренды),51.053763440860216,3.1417624521072796,64.4,3.2
футболка,77,16,76.96292791186373,2. Выбор вкуса (Бренды),39.94594594594595,1.9753086419753088,58.5,3.2
пельмени сибирская коллекция,103,87,82.31894834737194,3. Специфичный (Атрибуты),55.51401869158879,5.7615894039735105,68.9,3.2
машинка,37,1,27.75144088361314,2. Выбор вкуса (Бренды),0.0,0.9090909090909091,13.9,3.19
ferrero rocher,69,51,81.08334746912166,1. Рутина (База),26.704545454545453,4.594594594594595,53.9,3.18
миндальное молоко,80,68,84.53143434759541,1. Рутина (База),36.23529411764706,7.472527472527473,60.4,3.17
чай детский,52,29,78.00796311658345,1. Рутина (База),0.0,4.754098360655738,39.0,3.17
магний,57,33,70.70063700697769,2. Выбор вкуса (Бренды),18.03921568627451,1.6417910447761193,44.4,3.17
корм сухой для кошек,48,38,67.72649586566284,3. Специфичный (Атрибуты),0.0,1.2218649517684887,33.9,3.17
адыгейский сыр,45,21,58.0959992772755,2. Выбор вкуса (Бренды),1.720930232558139,1.160220994475138,29.9,3.15
стаканы одноразовые,77,25,77.25518119369066,2. Выбор вкуса (Бренды),41.130434782608695,3.5211267605633805,59.2,3.14
козий сыр,39,10,38.78021151460028,2. Выбор вкуса (Бренды),0.0,1.4084507042253522,19.4,3.14
тюльпаны букет живые,84,1,55.82500827235444,3. Специфичный (Атрибуты),69.34210526315789,0.9090909090909091,62.6,3.14
флешка,55,70,76.30362757360407,4. Закупка (Вес),9.383378016085791,1.70316301703163,42.8,3.14
палочки,49,17,59.26527463686166,2. Выбор вкуса (Бренды),12.799999999999997,1.6831683168316833,36.0,3.13
фруктовое пюре,53,81,74.56166074102339,4. Закупка (Вес),7.506950880444857,2.2437673130193905,41.0,3.13
фунчоза,134,86,88.1376282585115,1. Рутина (База),65.07575757575758,7.747747747747748,76.6,3.13
тирамису,67,12,73.38778015680982,2. Выбор вкуса (Бренды),33.18840579710145,2.9268292682926833,53.3,3.13
байкал,89,52,84.83555811593561,1. Рутина (База),45.05882352941177,5.714285714285714,64.9,3.12
открытка,52,4,53.09224715053234,2. Выбор вкуса (Бренды),27.23404255319149,1.9047619047619047,40.2,3.11
коробка конфет,58,40,71.36156004621839,2. Выбор вкуса (Бренды),21.506172839506174,1.895734597156398,46.4,3.11
матрас,42,0,33.225721735796384,2. Выбор вкуса (Бренды),18.65,0.0,25.9,3.11
наклейки,58,5,61.90948296807414,2. Выбор вкуса (Бренды),31.0,2.380952380952381,46.5,3.11
сендвич,75,52,75.89496604966975,2. Выбор вкуса (Бренды),41.36986301369863,3.0409356725146197,58.6,3.1
крупа,47,44,68.02587314238495,2. Выбор вкуса (Бренды),0.0,1.5658362989323842,34.0,3.1
коробка,41,12,48.83872515444281,2. Выбор вкуса (Бренды),0.0,1.0810810810810811,24.4,3.1
мороженое чистая линия,66,81,81.16866223236428,3. Специфичный (Атрибуты),24.765625,4.475138121546961,53.0,3.1
чемодан,49,5,51.60186456041336,2. Выбор вкуса (Бренды),22.19047619047619,0.9803921568627452,36.9,3.09
лампочка,40,6,45.28183845390357,2. Выбор вкуса (Бренды),0.0,1.9354838709677418,22.6,3.09
ласка для стирки,87,86,80.07533479759059,3. Специфичный (Атрибуты),48.8,5.341614906832298,64.4,3.09
корм для собак влажный,52,26,71.39776914356615,3. Специфичный (Атрибуты),9.700000000000003,1.6149068322981366,40.5,3.09
рыбные палочки,59,43,72.15885117920848,2. Выбор вкуса (Бренды),22.98412698412698,2.847682119205298,47.6,3.09
капсулы dolce gusto,64,69,78.160190299872,3. Специфичный (Атрибуты),25.569620253164558,2.863070539419087,51.9,3.08
груши,82,71,85.91697074453148,1. Рутина (База),38.97435897435898,6.396396396396397,62.4,3.08
яйца перепелиные,65,26,79.87891219101114,1. Рутина (База),25.396825396825392,12.38095238095238,52.6,3.08
батарейки аа,81,59,76.87431841460034,2. Выбор вкуса (Бренды),47.34285714285715,3.9072847682119205,62.1,3.07
роял канин для кошек сухой,48,64,72.06643102335586,3. Специфичный (Атрибуты),0.0,2.057877813504823,36.0,3.07
сырный соус,76,53,83.62561642218715,1. Рутина (База),35.465116279069775,10.392156862745098,59.5,3.07
тортик,42,20,53.8027844561637,2. Выбор вкуса (Бренды),0.0,1.2422360248447204,26.9,3.07
трусы мужские,64,14,71.08295513311549,2. Выбор вкуса (Бренды),33.06896551724138,2.295081967213115,52.1,3.07
рюкзак,42,3,48.81753957390711,2. Выбор вкуса (Бренды),5.684210526315789,0.9677419354838709,27.3,3.06
сахарная пудра,168,116,90.1632701500305,1. Рутина (База),73.42541436464089,55.238095238095234,81.8,3.06
отруби,49,20,75.40884050374615,1. Рутина (База),0.0,4.878048780487806,37.7,3.05
сыр адыгейский,39,19,43.71935710499262,2. Выбор вкуса (Бренды),0.0,1.3475177304964538,21.9,3.05
жидкость для мытья посуды,49,41,75.66853323931171,3. Специфичный (Атрибуты),0.0,2.2651933701657456,37.8,3.05
мед натуральный,80,71,77.24963165351974,2. Выбор вкуса (Бренды),46.88073394495413,4.152046783625731,62.1,3.03
щетка зубная,49,28,68.75636723827189,2. Выбор вкуса (Бренды),7.414634146341463,1.9858156028368794,38.1,3.03
кондиционер для белья детский,50,37,75.5231656361025,3. Специфичный (Атрибуты),3.645833333333343,2.624113475177305,39.6,3.02
мышка для компьютера,36,6,32.12421053275506,3. Специфичный (Атрибуты),0.0,1.4634146341463417,16.1,3.02
мыло для рук,47,30,71.53294168283179,3. Специфичный (Атрибуты),0.0,2.290076335877863,35.8,3.02
ребра свиные,146,94,87.9100848975829,1. Рутина (База),70.8,6.666666666666667,79.4,3.01
мята свежая,88,49,84.73066741432267,1. Рутина (База),46.77777777777778,6.049382716049383,65.8,3.01
оливки без косточек,130,104,84.74372089672872,3. Специфичный (Атрибуты),68.99305555555556,10.297029702970297,76.9,3.01
чиа,59,37,80.67347570640328,1. Рутина (База),17.14285714285714,5.211267605633803,48.9,3.01
коробка подарочная,50,7,64.3345325535718,2. Выбор вкуса (Бренды),15.217391304347828,1.3725490196078431,39.8,3.01
рамен,112,49,85.70463556240334,1. Рутина (База),60.52173913043478,8.032786885245901,73.1,3.01
уголь,50,10,69.32881005780618,1. Рутина (База),10.697674418604649,4.761904761904762,40.0,3.0
азбука вкуса готовая еда,47,45,72.20948026128697,3. Специфичный (Атрибуты),0.0,1.4469453376205788,36.1,3.0
royal canin для собак,50,46,73.64212720973455,3. Специфичный (Атрибуты),6.51898734177216,1.908713692946058,40.1,3.0
кондиционер,48,26,66.60497952096507,2. Выбор вкуса (Бренды),8.333333333333332,1.2935323383084576,37.5,3.0
йогурт безлактозный,52,61,83.44359350195244,1. Рутина (База),1.5094339622641542,4.656488549618321,42.5,2.99
духи женские,35,1,29.709139598563937,2. Выбор вкуса (Бренды),0.0,0.9090909090909091,14.9,2.98
сыр пармезан,81,57,77.95542180642528,2. Выбор вкуса (Бренды),48.35,3.540372670807453,63.2,2.98
изюм,118,60,86.52289077166586,1. Рутина (База),63.1496062992126,9.836065573770492,74.8,2.97
баранина,90,28,84.52180146211144,2. Выбор вкуса (Бренды),49.45882352941176,3.943661971830986,67.0,2.97
chikalab,62,29,73.23417350880665,2. Выбор вкуса (Бренды),30.842105263157894,1.6022099447513811,52.0,2.97
органайзер,34,0,25.68195465335747,2. Выбор вкуса (Бренды),0.0,0.0,12.8,2.96
нож,40,16,52.00846974985595,2. Выбор вкуса (Бренды),0.0,1.5841584158415842,26.0,2.96
фарш домашний,132,93,88.41035501595455,1. Рутина (База),66.80555555555556,9.207920792079209,77.6,2.96
настольные игры,51,16,67.15096331816765,2. Выбор вкуса (Бренды),16.64,1.2213740458015268,41.9,2.96
крупы,50,85,74.48707562223862,4. Закупка (Вес),7.695789950203712,1.9274376417233559,41.1,2.95
вода минеральная газированная,47,30,74.46266113657049,3. Специфичный (Атрибуты),0.0,2.127659574468085,37.2,2.95
семга слабосоленая,75,30,77.797707936222,2. Выбор вкуса (Бренды),43.57746478873239,2.9702970297029703,60.7,2.95
линзы,75,46,74.91839545265839,2. Выбор вкуса (Бренды),46.375,1.1764705882352942,60.6,2.95
для посудомоечной машины средства,47,47,74.84363292518009,3. Специфичный (Атрибуты),0.0,1.7343173431734316,37.4,2.94
алиса,43,16,63.492568897563075,2. Выбор вкуса (Бренды),0.0,1.7582417582417582,31.7,2.93
"вода 1,5 л негазированная",78,50,79.97272141396353,3. Специфичный (Атрибуты),44.78260869565218,4.132231404958678,62.4,2.93
сало,138,76,88.20047053042907,1. Рутина (База),69.26470588235294,9.382716049382717,78.7,2.93
лавровый лист,87,47,84.44504964063786,1. Рутина (База),48.18181818181819,15.161290322580644,66.3,2.93
баклажаны,80,55,84.8241960936666,1. Рутина (База),42.0,6.043956043956044,63.4,2.93
коржи для тортов,34,1,28.509649118935954,3. Специфичный (Атрибуты),0.0,0.9090909090909091,14.3,2.92
red bull,77,65,85.3708983949623,1. Рутина (База),38.76543209876544,8.024691358024691,62.1,2.92
приправа для курицы,91,59,80.73822995251516,3. Специфичный (Атрибуты),55.159574468085104,4.5038167938931295,67.9,2.92
творог 9%,111,116,81.16875939766182,2. Выбор вкуса (Бренды),66.23008849557522,3.304843304843305,73.7,2.92
кофе 3 в 1 в пакетиках,42,20,61.26041560300214,3. Специфичный (Атрибуты),0.0,3.278688524590164,30.6,2.91
трусики подгузники xl,54,44,76.2976593728697,3. Специфичный (Атрибуты),15.847457627118644,2.3036649214659684,46.1,2.91
заказы мои,38,0,33.51683396899902,2. Выбор вкуса (Бренды),14.0,0.0,23.8,2.9
форель охлажденная,60,8,71.72393080266833,2. Выбор вкуса (Бренды),31.639344262295083,1.3114754098360657,51.7,2.9
морковь мытая,113,98,88.15337702521387,1. Рутина (База),60.65040650406504,5.130890052356021,74.4,2.89
блинчики замороженные,94,111,78.62627926028988,2. Выбор вкуса (Бренды),59.835051546391746,3.9501779359430604,69.2,2.89
фольга,83,57,85.27670154046224,1. Рутина (База),45.063291139240505,13.902439024390246,65.2,2.89
байкал вода,42,24,62.560585924161586,1. Рутина (База),0.0,4.705882352941177,31.3,2.89
кедровые орехи,71,20,77.83469140859232,2. Выбор вкуса (Бренды),40.7887323943662,3.9215686274509807,59.3,2.89
сахарный песок 1 кг,303,252,91.65115547782895,3. Специфичный (Атрибуты),89.36728395061729,24.95049504950495,90.5,2.88
груши свежие,79,80,86.24335637853993,1. Рутина (База),40.73170731707317,6.6115702479338845,63.5,2.88
мама лама,39,0,35.35835009730772,2. Выбор вкуса (Бренды),17.45,0.0,26.4,2.87
зарядка type c,42,28,63.45933651498877,3. Специфичный (Атрибуты),0.0,1.8543046357615895,31.7,2.87
багет хлеб,71,39,76.08333674742697,2. Выбор вкуса (Бренды),43.352112676056336,2.5827814569536423,59.7,2.86
напиток,39,24,53.132773206040916,2. Выбор вкуса (Бренды),0.0,1.256544502617801,26.6,2.86
адреналин,119,109,88.37754267631107,1. Рутина (База),63.484848484848484,17.868852459016395,75.9,2.86
маршмеллоу зефир,49,5,65.53083432616025,2. Выбор вкуса (Бренды),18.163265306122447,0.9803921568627452,41.8,2.85
краб,55,12,70.83312282288965,2. Выбор вкуса (Бренды),25.45762711864407,2.3529411764705883,48.1,2.85
основа для пиццы,71,23,68.4747195491309,3. Специфичный (Атрибуты),51.16883116883117,5.609756097560976,59.8,2.85
бри,62,37,82.82191619448378,1. Рутина (База),25.27272727272728,6.065573770491803,54.0,2.85
капли в нос,67,27,74.96400006016975,3. Специфичный (Атрибуты),40.294117647058826,3.802816901408451,57.6,2.84
свинина охлажденная,68,63,75.12725494587193,2. Выбор вкуса (Бренды),41.3134328358209,2.093023255813953,58.2,2.84
parmalat,69,33,76.61662627615607,2. Выбор вкуса (Бренды),40.92537313432836,2.519083969465649,58.8,2.84
влажный корм для собак,43,18,67.74684299792146,3. Специфичный (Атрибуты),0.0,1.2765957446808511,33.9,2.84
матрас надувной,33,0,28.00849181523157,2. Выбор вкуса (Бренды),0.0,0.0,14.0,2.84
обувь,33,0,28.583917507955338,2. Выбор вкуса (Бренды),0.0,0.0,14.3,2.83
швабра для мытья полов,81,14,71.86909964863709,3. Специфичный (Атрибуты),58.33333333333333,1.5384615384615385,65.1,2.83
вода без газа,45,37,74.14827808049716,3. Специфичный (Атрибуты),0.0,1.67420814479638,37.1,2.83
лаваш армянский,142,104,89.37211575026954,1. Рутина (База),70.93525179856115,7.938931297709924,80.2,2.82
ролл,54,24,71.57732133321079,2. Выбор вкуса (Бренды),23.80769230769231,2.376237623762376,47.7,2.82
synergetic для стирки,44,43,71.7429844532675,3. Специфичный (Атрибуты),0.0,1.7131474103585655,35.9,2.82
чтпсы,46,42,70.9763768646008,2. Выбор вкуса (Бренды),6.782608695652179,1.6733067729083664,38.9,2.81
сенежская,78,50,84.90095494653066,1. Рутина (База),42.95774647887324,5.4945054945054945,63.9,2.81
микроволновка,37,5,44.82239883793411,2. Выбор вкуса (Бренды),3.2258064516129057,1.2195121951219514,24.0,2.81
смазка интимная,88,53,79.74353449801828,2. Выбор вкуса (Бренды),56.388888888888886,4.0458015267175576,68.1,2.81
миксер,43,8,53.17211311829511,2. Выбор вкуса (Бренды),15.953488372093025,1.3114754098360657,34.6,2.81
градусник,60,25,73.43351842031515,2. Выбор вкуса (Бренды),33.127272727272725,3.5211267605633805,53.3,2.8
сухой завтрак,48,79,75.19741860772953,4. Закупка (Вес),8.263598326359832,2.316715542521994,41.7,2.8
клубника в шоколаде букет,33,1,30.934497067830875,3. Специфичный (Атрибуты),0.0,0.9090909090909091,15.5,2.79
суповой набор,61,12,70.48572891740855,2. Выбор вкуса (Бренды),37.903225806451616,2.3529411764705883,54.2,2.79
yokosun,52,30,72.01545448000431,2. Выбор вкуса (Бренды),20.5531914893617,1.6574585635359114,46.3,2.79
блины замороженные,89,100,78.43764856246777,2. Выбор вкуса (Бренды),58.77272727272727,3.558718861209964,68.6,2.79
кукурузные палочки,95,60,86.46155540363023,1. Рутина (База),55.0,9.836065573770492,70.7,2.78
часы,32,1,26.170630369488627,2. Выбор вкуса (Бренды),0.0,0.9090909090909091,13.1,2.78
наушники проводные,41,23,64.49901496935442,2. Выбор вкуса (Бренды),0.0,1.4285714285714284,32.2,2.78
карпаччо,99,48,85.18402986969959,1. Рутина (База),58.648648648648646,7.868852459016394,71.9,2.78
лак для ногтей,61,0,39.31490336557319,3. Специфичный (Атрибуты),69.49152542372882,0.0,54.4,2.78
масло оливковое extra virgin,66,43,76.9046457457967,3. Специфичный (Атрибуты),39.25675675675676,3.282442748091603,58.1,2.77
соль для посудомоечной машины,100,86,84.01030533363723,3. Специфичный (Атрибуты),60.520833333333336,6.564885496183206,72.3,2.77
фен,40,14,61.444804719653604,2. Выбор вкуса (Бренды),0.0,1.2612612612612613,30.7,2.77
светильник,34,3,38.31126844602073,2. Выбор вкуса (Бренды),0.0,0.9677419354838709,19.2,2.75
кондиционер для стирки,43,31,72.53986756195997,3. Специфичный (Атрибуты),0.0,1.4027149321266967,36.3,2.74
витамин д,48,17,68.91966602132302,2. Выбор вкуса (Бренды),17.04166666666667,1.8681318681318682,43.0,2.74
баранки,84,42,82.25926647602965,2. Выбор вкуса (Бренды),52.53658536585366,3.7837837837837838,67.4,2.74
творожный сыр для торта,42,18,70.01192942690513,3. Специфичный (Атрибуты),0.0,2.9508196721311477,35.0,2.73
ноутбук,32,1,29.832050879803358,2. Выбор вкуса (Бренды),0.0,0.9090909090909091,14.9,2.72
корм,35,22,44.656537703869326,2. Выбор вкуса (Бренды),0.0,1.0945273631840795,22.3,2.72
бумажные полотенца в рулоне,138,112,86.52266670448921,3. Специфичный (Атрибуты),74.04411764705883,12.307692307692308,80.3,2.72
дрип кофе,77,42,82.61423928481645,1. Рутина (База),46.97916666666667,5.185185185185185,64.8,2.71
жидкое мыло,79,64,78.63856892259354,2. Выбор вкуса (Бренды),52.85714285714286,3.0331753554502368,65.7,2.71
халат женский,37,1,35.29075961579004,2. Выбор вкуса (Бренды),18.0,0.9090909090909091,26.6,2.71
грунт,44,0,46.667452564991684,2. Выбор вкуса (Бренды),30.05,0.0,38.4,2.71
zewa,81,75,78.53492097852305,2. Выбор вкуса (Бренды),54.49382716049383,3.554502369668246,66.5,2.71
бокалы для вина,42,18,71.1377095551321,3. Специфичный (Атрибуты),0.0,1.978021978021978,35.6,2.71
клей момент,38,0,40.06335073430832,2. Выбор вкуса (Бренды),17.09090909090909,0.0,28.6,2.71
чудо творожок,54,89,85.5968228980816,1. Рутина (База),14.181818181818187,9.780219780219781,49.9,2.71
онигири,130,43,87.05006443350541,1. Рутина (База),71.1864406779661,5.3086419753086425,79.1,2.71
растительное масло,68,56,76.3326056726361,2. Выбор вкуса (Бренды),44.231884057971016,3.971631205673759,60.3,2.7
косметичка,32,1,30.950987081872523,2. Выбор вкуса (Бренды),0.0,0.9090909090909091,15.5,2.7
фанта,74,35,83.52985053244912,1. Рутина (База),43.513513513513516,4.929577464788733,63.5,2.7
курица копченая,47,4,51.25041347491873,2. Выбор вкуса (Бренды),33.81818181818182,0.9756097560975611,42.5,2.7
epica йогурт,36,9,49.79870734993216,2. Выбор вкуса (Бренды),0.0,1.1111111111111112,24.9,2.7
кастрюля,47,10,67.56067408642053,2. Выбор вкуса (Бренды),18.04761904761905,1.234567901234568,42.8,2.69
подушка,68,28,77.6018511373228,2. Выбор вкуса (Бренды),43.69230769230769,2.5225225225225225,60.6,2.68
шоколад белый,45,32,80.98395803804053,1. Рутина (База),0.0,6.274509803921569,40.5,2.68
бритва женская,64,40,75.55934711569776,2. Выбор вкуса (Бренды),40.881355932203384,3.9603960396039604,58.2,2.67
ред булл,68,66,85.86881707978883,1. Рутина (База),35.5223880597015,8.148148148148149,60.7,2.67
кабель для iphone,41,30,69.8253911266704,3. Специфичный (Атрибуты),0.0,1.2987012987012987,34.9,2.67
озон фреш,32,9,33.7127046467228,2. Выбор вкуса (Бренды),0.0,0.989010989010989,16.9,2.66
raffaello,60,26,74.79769026977702,2. Выбор вкуса (Бренды),36.645833333333336,3.6619718309859155,55.7,2.66
торт от палыча,76,13,65.22543894043514,3. Специфичный (Атрибуты),64.72222222222223,1.8309859154929577,65.0,2.66
специи и приправы,41,72,70.60513463943472,3. Специфичный (Атрибуты),0.0,1.561822125813449,35.3,2.65
корнерсы,45,64,82.17813587410507,1. Рутина (База),0.0,6.336633663366337,41.1,2.65
куриные ножки,75,61,77.79318264567631,2. Выбор вкуса (Бренды),51.40845070422535,3.567251461988304,64.6,2.65
тарелки,42,9,63.508958943737845,2. Выбор вкуса (Бренды),10.810810810810809,1.267605633802817,37.2,2.64
маслины без косточки,141,129,86.95009395363795,3. Специфичный (Атрибуты),75.59859154929578,12.772277227722773,81.3,2.64
игрушка для девочки,34,8,44.58713798947506,3. Специфичный (Атрибуты),0.0,0.9876543209876544,22.3,2.64
шоколадные конфеты,42,48,69.3797312065757,2. Выбор вкуса (Бренды),5.102040816326529,1.3675213675213675,37.2,2.64
для детей,31,19,29.72955779188719,2. Выбор вкуса (Бренды),0.0,0.9947643979057591,14.9,2.64
ароматизатор для дома,38,10,61.35986434973998,3. Специфичный (Атрибуты),0.0,1.234567901234568,30.7,2.63
средство для стирки,37,26,58.594225995179805,3. Специфичный (Атрибуты),0.0,1.3612565445026177,29.3,2.62
meine liebe,63,29,74.59132787237743,2. Выбор вкуса (Бренды),42.13793103448276,1.6959064327485378,58.4,2.62
макаруны,48,14,69.7674237348767,2. Выбор вкуса (Бренды),21.25925925925926,1.7283950617283952,45.5,2.62
оливковое масло extra virgin,68,51,77.73908507975511,3. Специфичный (Атрибуты),45.52325581395348,4.214876033057851,61.6,2.61
маска,45,14,66.60795889962463,2. Выбор вкуса (Бренды),17.511111111111113,1.3861386138613863,42.1,2.61
морская капуста,91,61,84.15359751392208,2. Выбор вкуса (Бренды),58.475247524752476,3.7888198757763973,71.3,2.61
для волос,31,5,32.56593499471928,2. Выбор вкуса (Бренды),0.0,0.9803921568627452,16.3,2.6
тоник для лица,46,18,72.15129342476348,3. Специфичный (Атрибуты),14.888888888888886,1.978021978021978,43.5,2.6
трубочки для коктейлей,47,2,43.98679345997895,3. Специфичный (Атрибуты),45.33333333333333,0.9523809523809523,44.7,2.6
coca cola,107,9,68.83348360216348,1. Рутина (База),82.5,8.181818181818182,75.7,2.6
лампа,35,6,51.17515474598381,2. Выбор вкуса (Бренды),0.0,0.9836065573770493,25.6,2.6
спрей для носа,41,26,72.99130569462993,3. Специфичный (Атрибуты),0.0,1.984732824427481,36.5,2.6
мясное пюре детское,42,65,76.69060033315849,3. Специфичный (Атрибуты),0.0,1.8518518518518519,38.3,2.59
зарядка на айфон,40,73,70.83204811285867,3. Специфичный (Атрибуты),0.0,2.508591065292096,35.4,2.58
фольга пищевая,83,71,86.68870277640718,1. Рутина (База),51.13924050632911,10.0,68.9,2.58
петрушка свежая,144,121,90.56051599925668,1. Рутина (База),73.66906474820144,9.236641221374047,82.1,2.58
xiaomi,31,4,33.46726911403607,2. Выбор вкуса (Бренды),0.0,0.9756097560975611,16.7,2.58
маракуйя,52,20,72.59029598766836,2. Выбор вкуса (Бренды),28.72727272727273,3.9215686274509807,50.7,2.57
матча,57,8,74.72167541139304,2. Выбор вкуса (Бренды),35.22222222222222,3.8095238095238093,55.0,2.57
пеленки одноразовые,59,40,75.10158565773794,2. Выбор вкуса (Бренды),37.70967741935484,3.053435114503817,56.4,2.57
набор конфет,38,13,64.66058426973471,2. Выбор вкуса (Бренды),0.0,1.0743801652892562,32.3,2.57
окраина,75,53,79.10241538150716,2. Выбор вкуса (Бренды),52.361111111111114,2.9281767955801103,65.7,2.57
тушенка говядина,80,47,84.74351622949871,1. Рутина (База),51.07142857142857,7.704918032786885,67.9,2.57
"вода 0,5 негазированная",50,35,76.10432838037408,3. Специфичный (Атрибуты),21.25,2.4822695035460995,48.7,2.57
ближние горки,39,10,68.2653409700972,2. Выбор вкуса (Бренды),0.0,1.234567901234568,34.1,2.57
утюг,40,12,63.76430717176845,2. Выбор вкуса (Бренды),8.444444444444443,1.3186813186813187,36.1,2.56
айфон,31,2,34.96099618553835,2. Выбор вкуса (Бренды),0.0,0.9523809523809523,17.5,2.56
ножницы,50,0,60.744384952325184,2. Выбор вкуса (Бренды),37.0,0.0,48.9,2.56
расческа,31,1,34.704838678605434,2. Выбор вкуса (Бренды),0.0,0.9090909090909091,17.4,2.56
диффузор,39,17,63.6743840218272,2. Выбор вкуса (Бренды),4.971428571428568,1.297709923664122,34.3,2.56
биолакт детский,102,107,88.49723948151849,1. Рутина (База),61.5,10.594059405940595,75.0,2.55
барни,147,101,89.90917162993644,1. Рутина (База),75.36423841059602,19.80392156862745,82.6,2.55
трюфель,46,11,68.4054338952615,2. Выбор вкуса (Бренды),20.62222222222222,1.5492957746478875,44.5,2.55
кошачий корм сухой,37,22,62.41966473219818,3. Специфичный (Атрибуты),0.0,1.0945273631840795,31.2,2.55
кроссовки,40,0,46.50784826424111,2. Выбор вкуса (Бренды),25.761904761904763,0.0,36.1,2.55
вязанка,66,55,85.38020754666042,1. Рутина (База),37.391304347826086,7.746478873239437,61.4,2.55
kix,44,56,75.97547653167092,4. Закупка (Вес),8.72954014029618,1.6918429003021147,42.4,2.54
черный хлеб,81,73,79.7429035749717,2. Выбор вкуса (Бренды),57.487804878048784,3.8219895287958114,68.6,2.54
шампиньоны свежие,128,124,89.73130575030606,1. Рутина (База),70.64285714285714,10.24793388429752,80.2,2.54
мицеллярная вода,77,51,80.16314920853816,2. Выбор вкуса (Бренды),53.896103896103895,3.167701863354037,67.0,2.54
круассаны,72,51,78.97633418650669,2. Выбор вкуса (Бренды),50.849315068493155,2.5373134328358207,64.9,2.53
котлеты куриные,75,39,81.58357137256513,2. Выбор вкуса (Бренды),50.88607594936709,3.5135135135135136,66.2,2.53
антистатик для одежды спрей,30,0,29.220217802963127,3. Специфичный (Атрибуты),2.068965517241395,0.0,15.6,2.53
соус цезарь,79,62,86.20362829829062,1. Рутина (База),49.62025316455696,12.15686274509804,67.9,2.53
нурофен,75,44,83.99506086250813,1. Рутина (База),48.78378378378378,6.19718309859155,66.4,2.52
сыр моцарелла,75,55,79.47687947061732,2. Выбор вкуса (Бренды),53.22666666666666,3.216374269005848,66.4,2.52
замороженные ягоды,80,100,77.75095594324574,2. Выбор вкуса (Бренды),59.220779220779214,2.849002849002849,68.5,2.52
пахлава,71,37,82.11097516490065,1. Рутина (База),46.92307692307693,6.065573770491803,64.5,2.52
стаканы,37,10,55.62824937997276,2. Выбор вкуса (Бренды),8.277777777777775,1.639344262295082,32.0,2.52
раскраска,51,0,66.62019012084279,2. Выбор вкуса (Бренды),34.775510204081634,0.0,50.7,2.51
ореховый соус,36,2,40.117740659373695,2. Выбор вкуса (Бренды),20.486486486486484,0.9523809523809523,30.3,2.51
сок вишневый,78,45,81.62671969886568,2. Выбор вкуса (Бренды),53.946666666666665,4.455445544554456,67.8,2.51
еда,34,30,49.86512448530446,2. Выбор вкуса (Бренды),2.421052631578945,1.0309278350515463,26.1,2.51
картофель фри,86,54,85.81490512669852,1. Рутина (База),55.90909090909091,7.605633802816902,70.9,2.51
пудинг ehrmann без сахара,30,3,32.677372588032625,3. Специфичный (Атрибуты),0.0,0.9677419354838709,16.3,2.51
черника,42,14,66.14079007714417,2. Выбор вкуса (Бренды),14.837209302325583,1.5384615384615385,40.5,2.5
proplan для кошек,38,25,68.53942253870943,3. Специфичный (Атрибуты),0.0,1.461988304093567,34.3,2.5
пельмени вкусвилл,48,26,71.14372141666863,2. Выбор вкуса (Бренды),24.624999999999996,1.7218543046357617,47.9,2.5
зарядка,33,22,48.412360524068276,2. Выбор вкуса (Бренды),0.0,1.8181818181818183,24.2,2.5
соус томатный,51,36,73.34465355418284,2. Выбор вкуса (Бренды),28.479999999999997,3.5643564356435644,50.9,2.5
филе индейки,79,67,79.86523291092908,2. Выбор вкуса (Бренды),56.88095238095239,4.161490683229813,68.4,2.5
протеиновые батончики без сахара,38,24,68.54043862125316,3. Специфичный (Атрибуты),0.0,1.4035087719298245,34.3,2.5
пеленки для собак,67,46,80.16982641881891,3. Специфичный (Атрибуты),45.49180327868853,3.2624113475177308,62.8,2.49
смазка,75,49,79.56672768359552,2. Выбор вкуса (Бренды),53.971014492753625,3.2450331125827816,66.8,2.49
semper,45,59,78.2392443115408,4. Закупка (Вес),11.174242424242422,2.554112554112554,44.7,2.49
шоколадки,34,34,53.705306600251625,2. Выбор вкуса (Бренды),0.0,1.3545816733067728,26.9,2.49
кофе капсулы,51,48,73.46236827085492,2. Выбор вкуса (Бренды),29.29411764705882,1.7081850533807827,51.4,2.48
подарки на 8 марта,30,3,34.67496775432108,3. Специфичный (Атрибуты),0.0,0.9677419354838709,17.3,2.48
варенье без сахара,36,23,62.139862799442156,3. Специфичный (Атрибуты),0.0,1.4285714285714284,31.1,2.48
пластырь,60,21,77.05906987572753,2. Выбор вкуса (Бренды),40.4,2.307692307692308,58.7,2.48
персики,47,20,68.87421319381406,2. Выбор вкуса (Бренды),25.441860465116278,3.278688524590164,47.2,2.48
полуфабрикаты,33,31,50.176192112736814,2. Выбор вкуса (Бренды),0.0,1.103202846975089,25.1,2.47
томаты свежие,81,79,79.49283923632585,2. Выбор вкуса (Бренды),59.48148148148148,2.3867069486404833,69.5,2.47
горшок для цветов,32,0,29.1514208503634,3. Специфичный (Атрибуты),16.612903225806463,0.0,22.9,2.47
кошачий корм,34,21,55.19580395067578,2. Выбор вкуса (Бренды),0.0,1.0994764397905759,27.6,2.46
с днем рождения,32,12,46.33499456141144,3. Специфичный (Атрибуты),0.0,1.3186813186813187,23.2,2.46
какао порошок,98,62,87.53595431857562,1. Рутина (База),62.371134020618555,12.15686274509804,75.0,2.45
фуэт,54,52,84.39247079861721,1. Рутина (База),24.736842105263165,5.714285714285714,54.6,2.45
альбом для рисования,42,2,50.572355761912476,3. Специфичный (Атрибуты),32.85714285714286,0.9523809523809523,41.7,2.45
teos,91,77,87.7429658507571,1. Рутина (База),58.390804597701155,9.506172839506172,73.1,2.45
квас,231,88,93.09497069684544,1. Рутина (База),85.86046511627907,9.670329670329672,89.5,2.43
раствор для линз,67,51,80.46688148231006,3. Специфичный (Атрибуты),47.109375,3.8931297709923665,63.8,2.43
крабовое мясо,93,61,87.29808839287483,1. Рутина (База),60.54347826086956,8.591549295774648,73.9,2.43
начос,128,100,89.85174220995451,1. Рутина (База),72.1875,32.25806451612903,81.0,2.43
каша детская молочная,39,55,75.21413326553943,3. Специфичный (Атрибуты),0.0,1.5669515669515668,37.6,2.43
краска для бровей,34,3,48.53616630148455,3. Специфичный (Атрибуты),8.666666666666671,0.9677419354838709,28.6,2.43
компот,74,16,80.7794624867477,1. Рутина (База),53.846153846153854,7.619047619047619,67.3,2.42
тушь,56,36,75.08224598365652,2. Выбор вкуса (Бренды),38.60714285714286,2.384105960264901,56.8,2.42
дядя ваня,68,53,78.02799342834628,2. Выбор вкуса (Бренды),51.2063492063492,2.6368159203980097,64.6,2.41
маасдам,50,43,83.90981994456169,1. Рутина (База),19.80000000000001,4.725274725274725,51.9,2.41
пятновыводитель,52,29,74.12362644565427,2. Выбор вкуса (Бренды),33.125,2.0567375886524824,53.6,2.41
корм влажный для кошек,36,24,66.38794051052272,3. Специфичный (Атрибуты),0.0,1.256544502617801,33.2,2.41
пп сладости без сахара,36,11,65.84333591481467,3. Специфичный (Атрибуты),0.0,1.5492957746478875,32.9,2.41
ребра,97,67,85.24908387964297,2. Выбор вкуса (Бренды),65.31914893617021,4.437086092715232,75.3,2.4
цветы букет,42,1,61.06344823499873,2. Выбор вкуса (Бренды),24.631578947368418,0.9090909090909091,42.8,2.4
клавиатура,34,7,58.58783752320493,2. Выбор вкуса (Бренды),0.0,1.3725490196078431,29.3,2.4
мои заказы,34,0,36.37158662230989,2. Выбор вкуса (Бренды),22.444444444444443,0.0,29.4,2.4
листья салата свежие,53,57,80.2694519157824,3. Специфичный (Атрибуты),28.98148148148148,2.2709163346613543,54.6,2.4
тертый сыр,64,61,85.96237749086484,1. Рутина (База),39.0625,6.03960396039604,62.5,2.4
молоко агуша,74,63,86.72349180755131,1. Рутина (База),48.61111111111111,12.352941176470589,67.7,2.39
торт замороженный,35,12,63.25271077580451,2. Выбор вкуса (Бренды),0.0,1.188118811881188,31.6,2.39
новотерская вода,32,12,50.83885803293147,2. Выбор вкуса (Бренды),0.0,1.0810810810810811,25.4,2.39
трусики подгузники 5,50,33,76.56103239786685,3. Специфичный (Атрибуты),27.884615384615387,2.0496894409937885,52.2,2.39
шоколад темный,37,16,67.64655518733011,2. Выбор вкуса (Бренды),3.1764705882352935,1.322314049586777,35.4,2.39
закуска,31,10,46.19132856893317,2. Выбор вкуса (Бренды),0.0,1.098901098901099,23.1,2.38
копчености,35,20,64.7325121441525,2. Выбор вкуса (Бренды),0.0,1.4184397163120568,32.4,2.37
к чаю сладости,42,10,52.64238110281959,3. Специфичный (Атрибуты),34.52380952380952,1.098901098901099,43.6,2.37
суфле,51,32,74.147713647089,2. Выбор вкуса (Бренды),32.981818181818184,2.882882882882883,53.6,2.37
мышь компьютерная,43,8,67.05507997735832,2. Выбор вкуса (Бренды),22.7,1.5686274509803924,44.9,2.37
стейк мираторг,58,25,76.3267493692856,2. Выбор вкуса (Бренды),41.85185185185185,2.4752475247524752,59.1,2.37
выпечка свежая,39,32,68.39907872035523,2. Выбор вкуса (Бренды),10.368421052631568,1.4479638009049773,39.4,2.36
коктейль молочный,63,45,77.71308826036723,2. Выбор вкуса (Бренды),47.35483870967742,2.486187845303867,62.5,2.36
колонка,30,8,42.48203230157421,2. Выбор вкуса (Бренды),0.0,1.5686274509803924,21.2,2.36
aravia,38,17,68.19806558239706,2. Выбор вкуса (Бренды),7.388888888888889,1.297709923664122,37.8,2.36
фетакса,87,60,87.37205039352816,1. Рутина (База),58.604651162790695,6.593406593406594,73.0,2.35
heinz,42,28,71.30168049312694,2. Выбор вкуса (Бренды),16.809523809523803,1.8543046357615895,44.1,2.35
мягкий творог,40,41,82.73502279776382,1. Рутина (База),0.0,6.721311475409837,41.4,2.35
шпинат свежий,128,96,90.21287008868605,1. Рутина (База),73.125,6.808510638297872,81.7,2.35
joonies,50,14,73.73037147942964,2. Выбор вкуса (Бренды),32.46808510638298,1.7283950617283952,53.1,2.35
масло авокадо,66,33,82.79351658575425,1. Рутина (База),46.08695652173913,8.048780487804878,64.4,2.35
"вода негазированная 1,5 л",69,52,81.63444215714304,3. Специфичный (Атрибуты),50.15384615384615,3.6879432624113475,65.9,2.35
орео,73,42,85.63747320131944,1. Рутина (База),49.85507246376812,5.915492957746479,67.7,2.35
пена для бритья,75,49,81.27537924184371,3. Специфичный (Атрибуты),55.95890410958904,4.049586776859504,68.6,2.35
наполеон,62,26,78.66798563162206,2. Выбор вкуса (Бренды),45.719298245614034,2.3423423423423424,62.2,2.34
снежок,92,59,86.5986927720407,2. Выбор вкуса (Бренды),62.47311827956989,3.664596273291925,74.5,2.34
ozon fresh,33,42,58.015613340607864,2. Выбор вкуса (Бренды),0.0,1.1023622047244095,29.0,2.34
ежедневные прокладки,71,48,80.16542413394414,2. Выбор вкуса (Бренды),53.971014492753625,3.178807947019868,67.1,2.34
цукини,64,56,85.94353004267757,1. Рутина (База),40.79365079365079,10.980392156862745,63.4,2.34
капсулы кофе,44,44,72.4553914419114,2. Выбор вкуса (Бренды),21.609756097560982,1.4147909967845658,47.0,2.33
синергетик,38,42,70.35500095171552,2. Выбор вкуса (Бренды),6.857142857142861,1.2316715542521994,38.6,2.33
куриное филе грудки,71,55,81.70411809207678,3. Специфичный (Атрибуты),52.95774647887324,3.216374269005848,67.3,2.32
творог агуша,55,93,86.40403708182302,1. Рутина (База),29.27272727272728,8.378378378378379,57.8,2.32
пончик,84,71,87.5808436831263,1. Рутина (База),57.294117647058826,13.92156862745098,72.4,2.32
розы,31,0,35.11454331361901,2. Выбор вкуса (Бренды),15.62962962962963,0.0,25.4,2.31
куриная грудка филе,75,52,81.56149390921279,3. Специфичный (Атрибуты),56.858974358974365,3.6879432624113475,69.2,2.31
футболка мужская,51,7,72.90754045316766,2. Выбор вкуса (Бренды),36.59574468085106,1.707317073170732,54.8,2.31
чебурек,72,56,86.21128903165754,1. Рутина (База),49.58333333333333,7.887323943661972,67.9,2.31
карандаши,39,8,66.02612664255777,2. Выбор вкуса (Бренды),15.675675675675674,1.9512195121951221,40.9,2.31
смесь детская,34,18,64.34155123998052,2. Выбор вкуса (Бренды),0.0,1.1180124223602483,32.2,2.31
тапочки,52,6,74.7958826776226,2. Выбор вкуса (Бренды),36.31372549019608,1.4634146341463417,55.6,2.31
простоквашино,43,63,79.56259583196966,4. Закупка (Вес),13.043478260869565,2.6141078838174274,46.3,2.31
шпажки,72,12,78.12299056752038,1. Рутина (База),57.96875,5.714285714285714,68.0,2.3
чипсы лейс,64,68,77.17564886114158,2. Выбор вкуса (Бренды),51.3125,2.821576763485477,64.2,2.29
тесто слоеное бездрожжевое,135,129,87.41299414705819,3. Специфичный (Атрибуты),78.61702127659575,15.925925925925927,83.0,2.29
merci,62,28,79.29852822430347,2. Выбор вкуса (Бренды),46.75,2.7722772277227725,63.0,2.29
сливки порционные для кофе,30,5,47.659058974633396,3. Специфичный (Атрибуты),0.0,0.9803921568627452,23.8,2.29
платье для девочки,33,1,36.3672305390676,3. Специфичный (Атрибуты),24.677419354838705,0.9090909090909091,30.5,2.29
джем без сахара,78,35,78.9536526263756,3. Специфичный (Атрибуты),62.701149425287355,6.862745098039216,70.8,2.28
креветки королевские,47,24,72.39026159421786,2. Выбор вкуса (Бренды),30.63529411764706,2.376237623762376,51.5,2.28
детская зубная паста,43,30,75.66081328303616,3. Специфичный (Атрибуты),18.333333333333343,1.8633540372670805,47.0,2.28
пекинская капуста,105,75,88.91329797900401,1. Рутина (База),67.64150943396226,10.563380281690142,78.3,2.28
чечил,67,38,85.01692434385494,1. Рутина (База),46.88524590163935,4.691358024691358,66.0,2.28
блокнот,63,4,86.74988140662974,2. Выбор вкуса (Бренды),40.73684210526316,1.9047619047619047,63.7,2.28
цыпленок,32,15,57.991643155394335,2. Выбор вкуса (Бренды),0.0,1.2396694214876034,29.0,2.27
шницель,67,40,84.63794528691331,1. Рутина (База),47.74647887323944,5.633802816901409,66.2,2.27
нарезка колбаса,66,84,77.0767400223471,2. Выбор вкуса (Бренды),54.205882352941174,2.616822429906542,65.6,2.27
сыр копченый,70,35,82.10123504760382,2. Выбор вкуса (Бренды),52.93939393939394,3.4653465346534653,67.5,2.27
корм для котят,35,18,70.5472747870457,3. Специфичный (Атрибуты),0.0,1.4876033057851241,35.3,2.27
greenfield,59,52,76.81613077315723,2. Выбор вкуса (Бренды),46.276923076923076,2.251082251082251,61.5,2.27
пармезан тертый,98,71,88.47488298608958,1. Рутина (База),65.1923076923077,13.92156862745098,76.8,2.27
освежитель,40,17,68.11351066895116,2. Выбор вкуса (Бренды),18.157894736842106,1.297709923664122,43.1,2.27
холодец,66,55,85.54994707915017,1. Рутина (База),46.0,6.790123456790123,65.8,2.26
десерт без сахара,33,10,62.93178606868637,3. Специфичный (Атрибуты),0.0,1.4084507042253522,31.5,2.26
окорочка куриные,53,38,73.6872838189864,2. Выбор вкуса (Бренды),41.11538461538461,1.8905472636815919,57.4,2.26
сухой корм для собак,33,20,63.05783911151555,3. Специфичный (Атрибуты),0.0,1.4184397163120568,31.5,2.26
крахмал,72,49,86.03287917517076,1. Рутина (База),51.25,23.333333333333332,68.6,2.26
спаржа,108,40,87.15451519209671,1. Рутина (База),71.26050420168067,6.557377049180328,79.2,2.25
куртка женская,30,0,32.07310336005326,2. Выбор вкуса (Бренды),17.62962962962963,0.0,24.9,2.25
перец болгарский свежий,102,94,85.93648423271574,3. Специфичный (Атрибуты),70.0,4.921465968586387,78.0,2.25
joonies трусики,62,31,78.9181820037006,2. Выбор вкуса (Бренды),48.55555555555556,3.0693069306930694,63.7,2.25
сады придонья,52,20,75.75868483667806,2. Выбор вкуса (Бренды),37.84313725490196,1.4184397163120568,56.8,2.25
суши роллы,30,6,50.96045534598288,2. Выбор вкуса (Бренды),0.0,1.1764705882352942,25.5,2.24
мармеладки,48,39,73.9631378457777,2. Выбор вкуса (Бренды),32.56,2.0418848167539267,53.3,2.24
котлеты для бургеров,89,67,83.61732253136334,3. Специфичный (Атрибуты),66.01190476190476,6.633663366336634,74.8,2.24
ведро,43,9,70.60959216633916,2. Выбор вкуса (Бренды),25.333333333333336,2.1951219512195124,48.0,2.24
сковорода для индукционной плиты,34,12,68.65038679220933,3. Специфичный (Атрибуты),0.0,1.188118811881188,34.3,2.23
"вода газированная 1,5",82,56,82.99730321564832,3. Специфичный (Атрибуты),62.59036144578313,3.971631205673759,72.8,2.23
мыло твердое,68,35,81.94834117341853,2. Выбор вкуса (Бренды),52.3235294117647,4.320987654320988,67.1,2.23
жевательная резинка,61,55,77.78585446735322,2. Выбор вкуса (Бренды),49.19444444444444,3.416149068322981,63.5,2.23
к пиву,39,15,69.54029967616269,2. Выбор вкуса (Бренды),16.157894736842103,1.2396694214876034,42.8,2.23
каша жидкая детская,46,62,81.04119263330705,3. Специфичный (Атрибуты),22.60416666666667,3.246073298429319,51.8,2.22
ессентуки 4 минеральная вода,44,20,72.79679125137906,3. Специфичный (Атрибуты),26.086956521739125,2.469135802469136,49.4,2.22
ваниль,36,16,58.27708305680468,2. Выбор вкуса (Бренды),18.375,1.7582417582417582,38.3,2.22
чай подарочный набор,45,9,66.66627038037312,3. Специфичный (Атрибуты),34.49152542372882,1.7647058823529413,50.6,2.22
пенка для умывания лица,34,13,70.09042795574236,3. Специфичный (Атрибуты),0.0,1.6049382716049383,35.0,2.21
силикагелевый наполнитель для кошек,50,32,77.50322125906676,3. Специфичный (Атрибуты),34.25531914893617,2.269503546099291,55.9,2.21
хлоргексидин,40,0,59.93926752751193,2. Выбор вкуса (Бренды),29.473684210526315,0.0,44.7,2.21
сиртаки,72,65,87.15400614130051,1. Рутина (База),51.54929577464789,9.15492957746479,69.4,2.21
кофе в капсулах nespresso,35,41,74.255148685725,3. Специфичный (Атрибуты),0.0,1.6334661354581672,37.1,2.2
йогурт без сахара,84,81,84.86015690717373,3. Специфичный (Атрибуты),62.65060240963856,6.183206106870229,73.8,2.2
synergetic для посуды,43,32,77.6324192157434,3. Специфичный (Атрибуты),20.0,2.269503546099291,48.8,2.2
кабачки свежие,160,90,92.08507269737301,1. Рутина (База),80.4320987654321,21.951219512195124,86.3,2.2
газированный напиток,33,29,66.67383922205775,2. Выбор вкуса (Бренды),0.0,1.2554112554112553,33.3,2.2
скраб для тела,64,32,78.69887898142738,3. Специфичный (Атрибуты),52.54237288135593,2.882882882882883,65.6,2.2
мешки для мусора,49,39,78.69350451308622,3. Специфичный (Атрибуты),31.413043478260875,2.765957446808511,55.1,2.2
сигареты,43,0,64.41141754686042,2. Выбор вкуса (Бренды),33.51111111111111,0.0,49.0,2.19
белизна,79,18,82.57302343127351,1. Рутина (База),62.05128205128205,8.571428571428571,72.3,2.19
творожок агуша,49,107,86.27567271842358,1. Рутина (База),24.230769230769226,10.594059405940595,55.3,2.19
пломбир,39,37,69.75730279507384,2. Выбор вкуса (Бренды),18.153846153846146,1.5352697095435683,44.0,2.19
гель для стирки детского белья,35,29,75.26676487070007,3. Специфичный (Атрибуты),0.0,2.0567375886524824,37.6,2.18
чай зеленый в пакетиках,47,36,78.55225456442287,3. Специфичный (Атрибуты),29.204545454545453,2.7480916030534353,53.9,2.17
провод для айфона,35,32,76.19774570760516,3. Специфичный (Атрибуты),0.0,1.871345029239766,38.1,2.17
nordic,51,85,85.90063935697493,1. Рутина (База),28.94736842105263,8.415841584158416,57.4,2.17
голубика свежая,111,64,89.40791876565378,1. Рутина (База),71.51785714285714,7.901234567901235,80.5,2.17
багет с чесноком,51,16,73.03385844299385,3. Специфичный (Атрибуты),42.129629629629626,2.2535211267605635,57.6,2.16
птица,35,42,70.77828963879776,4. Закупка (Вес),5.522682445759369,1.1965811965811965,38.2,2.16
нарезка мясная,44,45,73.53739195047896,2. Выбор вкуса (Бренды),28.652173913043477,2.0361990950226243,51.1,2.15
"вода 0,5",51,42,75.42624826658411,2. Выбор вкуса (Бренды),40.22641509433962,1.6091954022988504,57.8,2.15
сыр творожный сливочный,48,27,76.23774644311985,3. Специфичный (Атрибуты),34.41176470588235,2.0610687022900764,55.3,2.14
lindt,50,10,76.44251448162854,2. Выбор вкуса (Бренды),38.391304347826086,1.639344262295082,57.4,2.13
чай холодный,74,69,80.51365749946618,2. Выбор вкуса (Бренды),61.97183098591549,3.6125654450261777,71.2,2.13
квашеная капуста,105,76,88.9477048793481,1. Рутина (База),70.5607476635514,5.390070921985815,79.8,2.13
базилик свежий,80,44,84.21437555899435,1. Рутина (База),62.53012048192771,10.731707317073171,73.4,2.13
баклажан,56,40,85.08004429872487,1. Рутина (База),39.03846153846154,5.633802816901409,62.1,2.12
hochland,34,17,68.18996147348642,2. Выбор вкуса (Бренды),7.096774193548388,1.297709923664122,37.6,2.12
нарзан вода минеральная,32,10,67.31164758124704,3. Специфичный (Атрибуты),0.0,0.9900990099009901,33.7,2.12
семена,39,17,70.5227018436441,2. Выбор вкуса (Бренды),20.97560975609756,1.8681318681318682,45.7,2.12
морской коктейль,66,28,83.72635146041019,2. Выбор вкуса (Бренды),51.91044776119403,3.943661971830986,67.8,2.12
сырная тарелка,61,30,79.70314656031834,2. Выбор вкуса (Бренды),50.813559322033896,4.225352112676057,65.3,2.12
фрутоняня вода,54,36,84.6396021329428,1. Рутина (База),36.875,5.070422535211268,60.8,2.12
набор чая,38,12,67.13690895652056,2. Выбор вкуса (Бренды),21.185185185185183,2.3529411764705883,44.2,2.12
шеи куриные,31,18,61.362441841709135,1. Рутина (База),2.1875,8.571428571428571,31.8,2.11
рисовая мука,109,97,89.2386709622976,1. Рутина (База),72.04918032786885,13.661971830985916,80.6,2.11
питьевой йогурт,45,55,73.93102949851172,2. Выбор вкуса (Бренды),32.266666666666666,1.8900343642611683,53.1,2.11
коктейль,43,30,72.72779175148551,2. Выбор вкуса (Бренды),29.173913043478265,1.3574660633484161,51.0,2.11
яблоко,80,73,82.29475502149965,2. Выбор вкуса (Бренды),64.91358024691358,2.508591065292096,73.6,2.11
пшено,77,64,87.36293375144166,1. Рутина (База),57.82051282051282,10.491803278688526,72.6,2.11
батарейки aaa,58,57,76.72849361148415,2. Выбор вкуса (Бренды),50.592592592592595,2.701421800947867,63.7,2.11
клюква замороженная,56,31,83.47439655329417,1. Рутина (База),41.0344827586207,5.081967213114754,62.3,2.11
говядина мясо,34,34,65.51860674930505,2. Выбор вкуса (Бренды),11.238095238095234,1.3026819923371646,38.4,2.1
vichy,31,11,64.67189380329422,2. Выбор вкуса (Бренды),0.0,1.0891089108910892,32.3,2.1
капсулы для посудомоечной машины,73,45,81.6887055574743,3. Специфичный (Атрибуты),60.84507042253521,5.555555555555555,71.3,2.1
rich,48,30,75.22933894645048,2. Выбор вкуса (Бренды),37.21739130434783,1.8633540372670805,56.2,2.1
донат магния вода 1 л,40,10,57.31417377741608,3. Специфичный (Атрибуты),37.4390243902439,4.761904761904762,47.4,2.1
ariel порошок,45,15,64.26519477767458,2. Выбор вкуса (Бренды),43.04761904761905,3.658536585365854,53.7,2.09
паста макароны,38,37,71.41518050059948,2. Выбор вкуса (Бренды),18.70270270270271,1.6017316017316017,45.1,2.09
пена для ванн,46,6,56.602908516030936,3. Специфичный (Атрибуты),52.38636363636363,2.857142857142857,54.5,2.09
желудки куриные,48,35,75.76126755965673,1. Рутина (База),37.199999999999996,5.7377049180327875,56.5,2.09
hi,60,24,80.56116840585997,2. Выбор вкуса (Бренды),49.625,2.1621621621621623,65.1,2.09
морковь по корейски,189,140,89.98944847406136,3. Специфичный (Атрибуты),88.04812834224599,12.612612612612613,89.0,2.08
тимьян,43,1,69.82876645912714,2. Выбор вкуса (Бренды),33.6,0.9090909090909091,51.7,2.08
сладости без сахара,31,31,65.51450728276191,3. Специфичный (Атрибуты),0.0,1.2350597609561753,32.8,2.08
ламбер сыр,55,5,83.34398214758333,2. Выбор вкуса (Бренды),41.0,1.2195121951219514,62.2,2.08
батат,137,28,89.03559316784771,1. Рутина (База),80.56338028169014,9.032258064516128,84.8,2.08
ушастый нянь,39,2,58.115132683540395,2. Выбор вкуса (Бренды),35.611111111111114,0.9523809523809523,46.9,2.07
шиповник,39,7,69.90416281494282,2. Выбор вкуса (Бренды),23.89189189189189,2.258064516129032,46.9,2.07
антисептик,31,1,49.3064362600605,2. Выбор вкуса (Бренды),17.76923076923077,0.9090909090909091,33.5,2.06
святой источник 1.5 литра,97,45,84.05979288107552,3. Специфичный (Атрибуты),73.49462365591398,4.455445544554456,78.8,2.06
чехол на айфон 13,32,9,67.40460512608875,3. Специфичный (Атрибуты),3.9285714285714164,1.267605633802817,35.7,2.06
медовик,47,15,75.53244397436745,2. Выбор вкуса (Бренды),37.239999999999995,2.459016393442623,56.4,2.05
парацетамол,34,8,66.67850649533453,2. Выбор вкуса (Бренды),12.999999999999998,1.9512195121951221,39.8,2.05
тесто слоеное,78,58,83.0412515997633,2. Выбор вкуса (Бренды),64.33333333333334,3.8410596026490067,73.7,2.05
сырок творожный,57,57,77.1911910896165,2. Выбор вкуса (Бренды),51.21428571428571,1.5789473684210527,64.2,2.04
шары воздушные,36,7,54.60978189928278,2. Выбор вкуса (Бренды),32.11764705882353,2.258064516129032,43.4,2.04
печень трески,109,27,87.35625847005842,1. Рутина (База),75.24752475247524,6.585365853658537,81.3,2.04
хрен столовый,30,3,48.783301114644736,2. Выбор вкуса (Бренды),15.76923076923077,0.9677419354838709,32.3,2.03
контейнер для еды,72,16,76.51768125204836,3. Специфичный (Атрибуты),67.21428571428572,3.1372549019607847,71.9,2.03
доместос для унитаза,75,72,84.3642381951584,3. Специфичный (Атрибуты),61.51898734177215,6.486486486486487,72.9,2.03
безлактозное продукты,37,63,78.42333742790383,4. Закупка (Вес),11.920529801324504,2.02572347266881,45.2,2.03
батарейки пальчиковые,50,39,75.70717296612521,2. Выбор вкуса (Бренды),43.02127659574468,2.765957446808511,59.4,2.03
скраб,47,22,75.58182024956137,2. Выбор вкуса (Бренды),38.45454545454545,2.1782178217821784,57.0,2.02
тряпки,54,45,76.93886807448504,2. Выбор вкуса (Бренды),48.18867924528302,3.71900826446281,62.6,2.02
средство для мытья пола,56,42,80.80490895781088,3. Специфичный (Атрибуты),47.129629629629626,3.2061068702290076,64.0,2.02
ингалятор,51,20,77.15326791364197,2. Выбор вкуса (Бренды),43.70731707317073,2.8169014084507045,60.4,2.02
лоток для кошек,36,3,37.88341261531165,3. Специфичный (Атрибуты),50.0,0.9677419354838709,43.9,2.02
коркунов,48,17,76.2798700143408,2. Выбор вкуса (Бренды),39.673469387755105,2.0987654320987654,58.0,2.02
язык говяжий,56,16,82.00128715292547,2. Выбор вкуса (Бренды),46.233333333333334,3.1372549019607847,64.1,2.01
для посуды,40,32,73.00956407876856,2. Выбор вкуса (Бренды),26.717948717948715,2.119205298013245,49.9,2.01
у палыча,49,26,76.34846546020535,2. Выбор вкуса (Бренды),41.5,1.984732824427481,58.9,2.01
язык,50,11,78.09456303709403,2. Выбор вкуса (Бренды),41.32,2.1568627450980395,59.7,2.01
семечки тыквенные,44,38,83.06357187152823,1. Рутина (База),25.454545454545453,5.352112676056338,54.3,2.01
песто соус,45,43,84.4152154892624,1. Рутина (База),26.136363636363626,5.3086419753086425,55.3,2.01
соленая карамель,39,16,71.66067213334534,2. Выбор вкуса (Бренды),25.523809523809522,1.5841584158415842,48.6,2.0
лакомства для собак,34,19,71.36253767996172,3. Специфичный (Атрибуты),11.029411764705884,1.450381679389313,41.2,2.0
lol,47,27,74.96599250424478,2. Выбор вкуса (Бренды),39.833333333333336,1.9148936170212767,57.4,2.0
вареники с картофелем,69,47,81.97523019517203,3. Специфичный (Атрибуты),60.140845070422536,3.5877862595419847,71.1,2.0
вода байкал,37,12,56.588243372981125,2. Выбор вкуса (Бренды),35.33333333333333,3.8709677419354835,46.0,2.0
сыр полутвердый,30,24,66.58878610879589,2. Выбор вкуса (Бренды),0.0,1.702127659574468,33.3,2.0
сникерс батончик,52,49,84.00575945843146,1. Рутина (База),38.93333333333334,6.901408450704226,61.5,2.0
салат листовой,57,42,78.20943006769335,2. Выбор вкуса (Бренды),51.74074074074075,2.4561403508771926,65.0,2.0
чеддер,47,14,76.52693657340674,2. Выбор вкуса (Бренды),38.434782608695656,2.295081967213115,57.5,2.0
вода фрутоняня,49,29,75.13457034352975,1. Рутина (База),43.125,5.686274509803922,59.1,2.0
gerber,44,25,74.65096358108201,2. Выбор вкуса (Бренды),34.92307692307692,1.773049645390071,54.8,1.99
русское море,38,17,71.7226452669373,2. Выбор вкуса (Бренды),23.666666666666668,1.5315315315315317,47.7,1.99
грудка куриная филе,61,45,80.94009792933916,3. Специфичный (Атрибуты),53.769230769230774,3.1914893617021276,67.4,1.99
торт с днем рождения,39,7,68.3167305085428,3. Специфичный (Атрибуты),29.411764705882348,1.3725490196078431,48.9,1.99
форма для запекания,78,15,76.96757621588053,3. Специфичный (Атрибуты),72.06666666666666,4.838709677419355,74.5,1.99
торт бенто,37,8,66.04226802476441,2. Выбор вкуса (Бренды),26.216216216216218,1.3114754098360657,46.1,1.99
активиа,75,98,80.00703239340245,2. Выбор вкуса (Бренды),67.025,3.6162361623616235,73.5,1.99
сок 2л,33,23,79.87833121515622,1. Рутина (База),0.0,7.419354838709677,39.9,1.98
без сахара напиток,35,19,73.53499372081801,3. Специфичный (Атрибуты),13.108108108108098,1.5702479338842976,43.3,1.98
зеркало,31,0,43.32755469440711,2. Выбор вкуса (Бренды),29.241379310344826,0.0,36.3,1.98
птичье молоко,63,34,84.51261443567924,1. Рутина (База),52.794117647058826,5.573770491803279,68.7,1.97
сироп без сахара,67,34,78.82292935293881,3. Специфичный (Атрибуты),62.23529411764706,5.573770491803279,70.5,1.97
тряпка для уборки,33,26,75.71494651443274,3. Специфичный (Атрибуты),5.0,1.7218543046357617,40.4,1.97
сметана 25,84,56,88.38754561508652,1. Рутина (База),64.64285714285714,5.544554455445545,76.5,1.97
вяленое мясо,37,12,70.39621719747697,2. Выбор вкуса (Бренды),23.05555555555555,0.9917355371900827,46.7,1.97
щавель,70,22,91.7435846013962,2. Выбор вкуса (Бренды),51.83783783783784,4.313725490196079,71.8,1.97
весы кухонные,53,11,79.43005719768345,1. Рутина (База),46.04651162790698,10.0,62.7,1.97
тефтели,51,45,76.41803080473997,2. Выбор вкуса (Бренды),46.163265306122454,3.1914893617021276,61.3,1.97
санокс для унитаза,31,8,66.3207747831534,3. Специфичный (Атрибуты),6.724137931034477,1.3114754098360657,36.5,1.97
ваза,100,19,85.50367030663027,1. Рутина (База),75.22727272727273,6.129032258064516,80.4,1.96
джем махеевъ,72,72,87.63205644949953,1. Рутина (База),57.89473684210527,8.88888888888889,72.8,1.96
село зеленое,38,18,72.11440496627819,2. Выбор вкуса (Бренды),24.58823529411765,1.3740458015267176,48.4,1.96
смузи,55,16,82.66505847998783,2. Выбор вкуса (Бренды),46.18181818181818,2.6229508196721314,64.4,1.96
платье,34,0,51.29316562342077,2. Выбор вкуса (Бренды),33.63636363636364,0.0,42.5,1.96
свечки на торт,34,16,73.24324911402525,3. Специфичный (Атрибуты),11.935483870967744,1.9753086419753088,42.6,1.95
пазл,30,1,52.03797595201323,2. Выбор вкуса (Бренды),17.933333333333334,0.9090909090909091,35.0,1.95
горький шоколад,49,47,76.36865681352477,2. Выбор вкуса (Бренды),43.91549295774648,2.3383084577114426,60.1,1.95
перчатки для уборки,79,49,83.36326124296222,3. Специфичный (Атрибуты),67.4,6.049382716049383,75.4,1.94
сэндвич,48,39,76.26055648469648,2. Выбор вкуса (Бренды),43.04,2.5827814569536423,59.7,1.94
окорок,46,21,76.17718308156834,2. Выбор вкуса (Бренды),39.644444444444446,2.0792079207920793,57.9,1.94
пепси,41,0,65.21158867053549,2. Выбор вкуса (Бренды),40.0,0.0,52.6,1.94
кислородный отбеливатель,53,27,79.41193007994738,2. Выбор вкуса (Бренды),47.92156862745098,3.802816901408451,63.7,1.93
карандаши цветные,39,3,64.26694958525725,2. Выбор вкуса (Бренды),36.66666666666667,2.727272727272727,50.5,1.93
котлеты рыбные,60,28,83.62867910035345,2. Выбор вкуса (Бренды),52.06153846153846,3.943661971830986,67.8,1.93
цветы в горшке живые,42,0,47.17481892192909,3. Специфичный (Атрибуты),61.142857142857146,0.0,54.2,1.93
колготки женские 40 den,61,34,79.79280027402463,3. Специфичный (Атрибуты),56.875,1.878453038674033,68.3,1.93
конфеты шоколадные подарочные,35,28,72.3512354482823,3. Специфичный (Атрибуты),18.13432835820896,1.9858156028368794,45.2,1.92
вода святой источник,57,33,80.30769247406107,3. Специфичный (Атрибуты),52.264150943396224,2.185430463576159,66.3,1.92
манка,89,68,89.19684895447595,1. Рутина (База),67.71739130434783,16.585365853658537,78.5,1.92
мочалка,54,15,82.9427184053899,2. Выбор вкуса (Бренды),46.18181818181818,3.658536585365854,64.6,1.91
страчателла сыр,43,23,61.884764864250286,2. Выбор вкуса (Бренды),49.23809523809524,3.7704918032786887,55.6,1.91
пюре мясное,33,49,75.47189726436689,4. Закупка (Вес),8.54402789886661,2.033195020746888,42.0,1.91
авакадо,62,34,83.46180955180684,2. Выбор вкуса (Бренды),55.04761904761905,4.197530864197531,69.3,1.91
спаржа свежая,47,12,76.66440368973994,2. Выбор вкуса (Бренды),42.0,2.3529411764705883,59.3,1.91
купаты,72,27,91.36051632068167,2. Выбор вкуса (Бренды),55.457142857142856,4.426229508196721,73.4,1.91
губки,60,56,79.16387897716926,2. Выбор вкуса (Бренды),57.525423728813564,3.4782608695652173,68.3,1.9
каша фрутоняня,63,59,80.19148678686169,2. Выбор вкуса (Бренды),59.53846153846154,3.089005235602094,69.9,1.9
греча,65,39,83.15276617545773,2. Выбор вкуса (Бренды),58.47457627118644,3.8613861386138617,70.8,1.9
стевия,57,33,80.79033594280335,2. Выбор вкуса (Бренды),52.44827586206897,3.6263736263736264,66.6,1.9
виола,33,4,66.28048106092292,2. Выбор вкуса (Бренды),18.58823529411765,1.9047619047619047,42.4,1.9
фундук,42,22,74.51308183095242,2. Выбор вкуса (Бренды),35.13636363636364,2.417582417582418,54.8,1.9
чиабатта хлеб,41,42,64.86078244659308,2. Выбор вкуса (Бренды),42.8,2.6086956521739126,53.8,1.89
рикотта,92,46,88.46967363765008,1. Рутина (База),70.55555555555556,4.554455445544555,79.5,1.88
ромашка,40,18,73.89985423116953,2. Выбор вкуса (Бренды),32.05128205128205,4.390243902439025,53.0,1.88
dolce gusto капсулы,30,23,74.74154645199177,3. Специфичный (Атрибуты),0.0,1.9008264462809918,37.4,1.88
мерси,57,35,81.41520022554613,2. Выбор вкуса (Бренды),52.5,2.8925619834710745,67.0,1.88
телятина,49,31,77.38955520268492,2. Выбор вкуса (Бренды),45.79591836734694,2.366412213740458,61.6,1.88
соки,34,35,71.57154636089432,2. Выбор вкуса (Бренды),17.833333333333336,1.3409961685823755,44.7,1.88
овощная смесь,43,30,74.73083340292949,2. Выбор вкуса (Бренды),37.85714285714286,1.9867549668874174,56.3,1.88
яица,47,35,76.50825602781721,2. Выбор вкуса (Бренды),43.64,2.046783625730994,60.1,1.88
пирожки,59,30,82.89906818027215,2. Выбор вкуса (Бренды),53.48275862068965,1.8633540372670805,68.2,1.88
фильтр для воды барьер,54,29,72.98656257889635,3. Специфичный (Атрибуты),57.368421052631575,4.084507042253521,65.2,1.88
счастье,43,20,74.88655288369289,2. Выбор вкуса (Бренды),37.674418604651166,1.9801980198019802,56.3,1.88
капуста пекинская,65,42,86.84357732391649,1. Рутина (База),55.3125,4.615384615384616,71.1,1.88
протеиновые печенья,39,26,73.02398552951911,2. Выбор вкуса (Бренды),30.421052631578945,1.5204678362573099,51.7,1.88
лосось охлажденная,32,8,67.3647558599503,2. Выбор вкуса (Бренды),15.93548387096774,1.1267605633802817,41.7,1.87
epica,43,2,70.49608800817144,2. Выбор вкуса (Бренды),42.5,0.9523809523809523,56.5,1.87
молоко топленое,53,45,85.8232504218718,1. Рутина (База),43.63636363636363,7.3770491803278695,64.7,1.87
lovular,37,4,66.20544218546401,2. Выбор вкуса (Бренды),32.6875,0.9756097560975611,49.4,1.87
омега 3,36,19,71.34843488442714,2. Выбор вкуса (Бренды),24.666666666666668,1.5702479338842976,48.0,1.87
терка,35,1,60.2413443357223,2. Выбор вкуса (Бренды),33.6,0.9090909090909091,46.9,1.86
милка шоколад,61,51,80.31745356624621,2. Выбор вкуса (Бренды),58.59016393442623,2.5373134328358207,69.5,1.86
ножки куриные,64,57,87.28797192367017,1. Рутина (База),54.61538461538461,5.135135135135135,71.0,1.86
розмарин,72,46,87.74875875518919,1. Рутина (База),60.88235294117647,7.540983606557377,74.3,1.85
вода 19,59,23,83.91214769559551,1. Рутина (База),53.33333333333333,10.952380952380953,68.6,1.85
булочки для бургеров,138,126,88.59441831698096,3. Специфичный (Атрибуты),84.65517241379311,20.655737704918035,86.6,1.85
бедро,47,32,76.69876824453952,2. Выбор вкуса (Бренды),44.60869565217391,1.871345029239766,60.7,1.85
курица бедро,67,53,82.581710233122,2. Выбор вкуса (Бренды),62.086956521739125,2.9281767955801103,72.3,1.85
шампунь детский,44,23,76.143806160081,2. Выбор вкуса (Бренды),40.42857142857143,2.0720720720720722,58.3,1.84
термос,54,7,87.84110609202918,2. Выбор вкуса (Бренды),44.12765957446808,3.333333333333333,66.0,1.84
ночник,32,0,55.00266570169128,2. Выбор вкуса (Бренды),30.14814814814815,0.0,42.6,1.84
рис для плова,96,70,85.79072725652624,3. Специфичный (Атрибуты),75.8252427184466,8.641975308641976,80.8,1.84
оладьи,62,30,85.29157576775529,2. Выбор вкуса (Бренды),55.483870967741936,4.225352112676057,70.4,1.84
ряженка агуша,51,75,86.93799156879174,1. Рутина (База),40.96153846153846,8.241758241758243,63.9,1.84
филе бедра куриное,105,80,86.94856730293954,3. Специфичный (Атрибуты),77.97169811320755,8.791208791208792,82.5,1.84
lovular трусики,36,14,61.92298258586079,2. Выбор вкуса (Бренды),35.85365853658537,1.971830985915493,48.9,1.84
томаты в собственном соку,105,78,86.79637124269765,3. Специфичный (Атрибуты),78.14814814814815,10.985915492957748,82.5,1.84
хлеб без глютена,38,18,73.48139632413427,3. Специфичный (Атрибуты),29.65116279069767,1.6216216216216217,51.6,1.84
майонез легкий,66,52,83.84690718771104,2. Выбор вкуса (Бренды),60.578947368421055,3.6879432624113475,72.2,1.83
сигареты табачные,31,0,52.05674328428221,2. Выбор вкуса (Бренды),29.703703703703702,0.0,40.9,1.83
коровка из кореновки,35,9,66.74593052259318,3. Специфичный (Атрибуты),28.717948717948715,1.4754098360655739,47.7,1.83
хлеб бородинский,53,41,85.75564396292592,1. Рутина (База),45.27272727272727,4.5054945054945055,65.5,1.83
planto,45,42,84.59705775401576,1. Рутина (База),34.230769230769226,5.185185185185185,59.4,1.83
сердце,35,15,70.68604873780001,2. Выбор вкуса (Бренды),25.257142857142856,2.459016393442623,48.0,1.82
соль для ванны,63,39,82.07254713595621,3. Специфичный (Атрибуты),60.08620689655173,4.814814814814815,71.1,1.82
разрыхлитель,113,91,90.81825076179804,1. Рутина (База),76.90265486725664,17.84313725490196,83.9,1.82
лечо,70,40,86.9608410349201,1. Рутина (База),61.15942028985507,4.938271604938272,74.1,1.82
мягкая игрушка,34,6,67.50096854552302,2. Выбор вкуса (Бренды),25.68,1.1764705882352942,46.6,1.82
хлебные палочки,31,5,52.65835758775365,2. Выбор вкуса (Бренды),30.551724137931032,1.6129032258064515,41.6,1.81
пирожное картошка,57,33,85.32955338517603,1. Рутина (База),51.25,5.409836065573771,68.3,1.81
shock,46,36,76.13737274066864,2. Выбор вкуса (Бренды),45.30232558139535,2.1052631578947367,60.7,1.81
сок ананасовый,46,11,77.50390365924402,2. Выбор вкуса (Бренды),43.85714285714286,3.5483870967741935,60.7,1.81
сулугуни,101,69,90.11028053920069,1. Рутина (База),74.07407407407408,11.311475409836067,82.1,1.81
цельнозерновой хлеб,48,31,76.96185364644133,2. Выбор вкуса (Бренды),47.55102040816327,2.56198347107438,62.3,1.81
мыло детское,32,9,68.35198037838694,2. Выбор вкуса (Бренды),18.375,1.267605633802817,43.4,1.81
колбаса варено-копченая,53,48,78.6600927262652,2. Выбор вкуса (Бренды),53.29824561403508,2.981366459627329,66.0,1.8
чай черный листовой,35,36,77.57718039804908,3. Специфичный (Атрибуты),19.404761904761898,2.2360248447204967,48.5,1.8
rex,38,19,73.66651627651729,2. Выбор вкуса (Бренды),31.4375,1.450381679389313,52.6,1.8
лапша яичная,46,17,78.51734257126975,2. Выбор вкуса (Бренды),43.02127659574468,2.3943661971830985,60.8,1.8
грибы маринованные,51,26,83.59376117408127,1. Рутина (База),45.76923076923077,5.098039215686275,64.7,1.8
клетчатка,34,0,61.39537402761264,2. Выбор вкуса (Бренды),32.55555555555556,0.0,47.0,1.8
любятово,65,64,81.07007552348588,2. Выбор вкуса (Бренды),63.53623188405797,3.5359116022099446,72.3,1.8
фарш индейки,102,76,89.90703287671103,1. Рутина (База),74.81132075471697,12.459016393442624,82.4,1.8
соломка,61,42,86.43320179889325,1. Рутина (База),54.83870967741935,6.885245901639345,70.6,1.79
сыр natura,50,36,78.52453631250539,2. Выбор вкуса (Бренды),50.04081632653062,2.9752066115702482,64.3,1.79
зеленый лук,69,64,88.22661652742832,1. Рутина (База),59.85507246376812,7.901234567901235,74.0,1.79
ватные диски для лица,43,23,66.53500126669294,3. Специфичный (Атрибуты),50.46511627906977,5.609756097560976,58.5,1.78
горошек замороженный,34,32,83.24402899948234,1. Рутина (База),12.222222222222214,7.8048780487804885,47.7,1.78
кефир агуша,62,58,87.41581471417024,1. Рутина (База),55.199999999999996,14.146341463414636,71.3,1.78
тортилья,84,58,88.67076166739089,1. Рутина (База),68.93617021276596,18.70967741935484,78.8,1.78
терафлю,68,47,86.6480264241677,1. Рутина (База),60.921052631578945,9.215686274509805,73.8,1.78
наггетсы мираторг,45,34,84.55268333401972,1. Рутина (База),36.66666666666667,4.788732394366197,60.6,1.77
тряпка,35,18,72.57944843803847,2. Выбор вкуса (Бренды),26.545454545454543,2.535211267605634,49.6,1.77
спички,36,0,63.339102591875765,2. Выбор вкуса (Бренды),38.285714285714285,0.0,50.8,1.77
нарзан,48,6,79.5794736784429,2. Выбор вкуса (Бренды),46.57142857142857,2.857142857142857,63.1,1.77
жевачка,40,25,74.8868751561195,2. Выбор вкуса (Бренды),36.36842105263158,1.773049645390071,55.6,1.77
профитроли,70,44,87.1462985821019,1. Рутина (База),62.266666666666666,8.627450980392158,74.7,1.77
морковь тертая,38,42,84.7735240257592,1. Рутина (База),22.25,4.615384615384616,53.5,1.77
помело,102,68,90.24425319503833,1. Рутина (База),75.14563106796118,9.577464788732394,82.7,1.77
доска разделочная,34,2,65.61152439447153,2. Выбор вкуса (Бренды),30.114285714285717,1.8181818181818181,47.9,1.77
трусики подгузники 4,30,17,71.27731735508225,3. Специфичный (Атрибуты),11.511627906976742,1.6831683168316833,41.4,1.76
буррата,82,51,88.47151839157502,1. Рутина (База),68.69047619047619,10.0,78.6,1.76
урбеч,41,2,76.76121015437805,2. Выбор вкуса (Бренды),37.27777777777778,0.9523809523809523,57.0,1.76
лейс,41,38,75.22830818948324,2. Выбор вкуса (Бренды),39.04761904761905,1.7194570135746605,57.1,1.76
малоежка,58,22,86.83941774481826,2. Выбор вкуса (Бренды),52.58064516129032,4.313725490196079,69.7,1.76
чудо йогурт,34,58,80.88017647495666,4. Закупка (Вес),15.633423180592992,2.4066390041493775,48.3,1.76
зефир в шоколаде,65,43,82.34206639154696,3. Специфичный (Атрибуты),63.87323943661972,3.873873873873874,73.1,1.75
мерси конфеты,49,22,80.87335817662552,2. Выбор вкуса (Бренды),47.689655172413794,3.6065573770491803,64.3,1.75
purina one для кошек,65,51,82.08169455327679,3. Специфичный (Атрибуты),64.0909090909091,3.617021276595745,73.1,1.75
лук порей,42,22,81.51701241104412,1. Рутина (База),35.36585365853658,5.365853658536586,58.4,1.75
филе куриное грудки,52,35,79.6385573013785,3. Специфичный (Атрибуты),53.0327868852459,2.3178807947019866,66.3,1.75
фри,48,23,79.49660573381796,2. Выбор вкуса (Бренды),47.57446808510638,3.23943661971831,63.5,1.75
тапочки домашние,43,5,79.18057263694341,2. Выбор вкуса (Бренды),39.76744186046511,1.2195121951219514,59.5,1.74
красная икра,34,15,71.89224089130097,2. Выбор вкуса (Бренды),25.939393939393938,2.1126760563380285,48.9,1.74
овсяное молоко,45,26,83.75559182500443,1. Рутина (База),38.88888888888889,5.098039215686275,61.3,1.74
тампоны женские,56,18,87.32674454699571,2. Выбор вкуса (Бренды),50.629629629629626,4.390243902439025,69.0,1.74
вареная сгущенка,58,40,86.30879813682874,1. Рутина (База),53.728813559322035,7.843137254901961,70.0,1.74
картошка пирожное,45,10,80.2727074577742,2. Выбор вкуса (Бренды),42.400000000000006,2.439024390243903,61.3,1.74
патчи,38,5,72.96026093430052,2. Выбор вкуса (Бренды),35.65714285714286,1.6129032258064515,54.3,1.74
рыбные котлеты,44,12,78.84581046312616,2. Выбор вкуса (Бренды),41.91111111111111,2.3529411764705883,60.4,1.74
блинчики с мясом,58,58,83.53337260907836,3. Специфичный (Атрибуты),56.66666666666667,5.742574257425742,70.1,1.73
моцарелла мини,65,52,87.30641178664791,1. Рутина (База),59.32432432432432,8.524590163934427,73.3,1.73
ополаскиватель для посудомоечной машины,82,53,82.4837563810562,3. Специфичный (Атрибуты),75.4,12.926829268292684,78.9,1.73
bioderma,33,0,59.60043070381429,2. Выбор вкуса (Бренды),35.6551724137931,0.0,47.6,1.73
сельдерей свежий,77,61,88.79041214462549,1. Рутина (База),66.15384615384616,10.0,77.5,1.73
чулки,41,5,73.75574460200937,2. Выбор вкуса (Бренды),41.9,1.2195121951219514,57.8,1.73
букет цветов,32,3,66.92678772979744,2. Выбор вкуса (Бренды),25.448275862068964,0.9677419354838709,46.2,1.72
пеленки одноразовые детские,72,52,82.57463841186627,3. Специфичный (Атрибуты),69.72222222222223,4.297520661157025,76.1,1.72
тюльпаны букет,38,9,74.1824017585851,2. Выбор вкуса (Бренды),35.333333333333336,1.267605633802817,54.8,1.72
семена чиа,39,19,80.22726770675668,1. Рутина (База),31.702127659574472,9.047619047619047,56.0,1.72
zewa туалетная бумага,44,34,79.61699200383228,3. Специфичный (Атрибуты),41.97916666666667,2.595419847328244,60.8,1.72
лимонный сок,52,56,86.52070181867309,1. Рутина (База),47.25806451612903,18.064516129032256,66.9,1.72
творог пластовой,51,44,85.84567089699627,1. Рутина (База),46.607142857142854,6.19718309859155,66.2,1.72
овощи замороженные смесь,37,45,80.42569996533034,3. Специфичный (Атрибуты),26.41025641025641,1.7241379310344827,53.4,1.72
запеканка,54,29,82.48123391286649,2. Выбор вкуса (Бренды),53.9622641509434,2.0567375886524824,68.2,1.72
супы готовые,47,43,77.13811489447852,2. Выбор вкуса (Бренды),49.77777777777778,2.25130890052356,63.5,1.72
сосиски детские,51,20,82.38721477577062,2. Выбор вкуса (Бренды),50.716981132075475,2.197802197802198,66.6,1.71
сыр чеддер,39,11,75.57810372849457,2. Выбор вкуса (Бренды),36.7027027027027,1.8032786885245902,56.1,1.71
одеяло,50,10,85.69256782294602,2. Выбор вкуса (Бренды),46.31111111111112,2.439024390243903,66.0,1.7
exponenta high-pro,94,80,87.96543287666437,1. Рутина (База),75.86956521739131,7.920792079207921,81.9,1.7
санокс,36,0,65.34416442811126,2. Выбор вкуса (Бренды),40.0,0.0,52.7,1.7
лимонад без сахара,72,30,82.2594480337986,3. Специфичный (Атрибуты),70.72463768115942,2.127659574468085,76.5,1.69
тапки,35,2,69.64185693009046,2. Выбор вкуса (Бренды),33.86666666666667,1.8181818181818181,51.8,1.69
хинкали,52,7,89.84253290132675,2. Выбор вкуса (Бренды),45.148936170212764,1.3725490196078431,67.5,1.69
круасан,51,42,79.38320159849694,2. Выбор вкуса (Бренды),54.25925925925927,1.990521327014218,66.8,1.69
овсяная каша,40,33,75.13080290212217,2. Выбор вкуса (Бренды),40.46153846153846,2.0496894409937885,57.8,1.69
терияки,58,39,86.45799930651468,1. Рутина (База),55.2542372881356,7.647058823529412,70.9,1.69
макароны детские,46,61,76.07361709598702,2. Выбор вкуса (Бренды),50.23529411764706,2.6406926406926403,63.2,1.69
хлеб ржаной,53,39,80.28486881992794,2. Выбор вкуса (Бренды),56.19607843137255,2.154696132596685,68.2,1.68
кабачок свежий,64,33,87.01054229368891,1. Рутина (База),60.46875,5.409836065573771,73.7,1.68
пюре фрутоняня,44,64,76.0095373217397,2. Выбор вкуса (Бренды),47.69230769230769,1.8233618233618234,61.9,1.68
помидоры черри свежие,57,58,83.45788279551812,3. Специфичный (Атрибуты),57.698412698412696,3.8410596026490067,70.6,1.68
protein rex,33,14,72.13277143306314,2. Выбор вкуса (Бренды),25.875,1.3861386138613863,49.0,1.68
мусорные пакеты,55,45,80.57203617347453,2. Выбор вкуса (Бренды),58.32727272727273,4.054054054054054,69.4,1.68
готовый завтрак,35,48,72.24449734247703,2. Выбор вкуса (Бренды),31.675675675675677,1.5434083601286173,52.0,1.68
картина по номерам,72,1,68.17046504275069,3. Специфичный (Атрибуты),85.390625,0.9090909090909091,76.8,1.67
вода с газом,30,7,52.50476286070459,3. Специфичный (Атрибуты),36.0344827586207,1.1475409836065575,44.3,1.67
слабосоленая рыба,42,31,76.52019293653348,2. Выбор вкуса (Бренды),44.09756097560975,1.8128654970760232,60.3,1.67
лосось слабосоленая,38,24,74.69708949871536,2. Выбор вкуса (Бренды),37.641025641025635,1.9834710743801653,56.2,1.67
роллы суши готовые,30,1,40.473316218527344,3. Специфичный (Атрибуты),48.18181818181819,0.9090909090909091,44.3,1.67
купальник женский,30,3,54.92380880561064,2. Выбор вкуса (Бренды),34.41379310344827,0.9677419354838709,44.7,1.66
мясо для запекания,37,13,59.11746805528687,3. Специфичный (Атрибуты),51.25,1.6049382716049383,55.2,1.66
кимчи,35,0,65.41992200386883,2. Выбор вкуса (Бренды),40.0,0.0,52.7,1.66
тесто для пиццы,34,11,64.11352731614114,3. Специфичный (Атрибуты),38.94736842105263,2.1568627450980395,51.5,1.65
шпроты,90,63,89.91754167010693,1. Рутина (База),73.37078651685394,12.352941176470589,81.6,1.65
fitnesshock,37,24,74.88180925359671,2. Выбор вкуса (Бренды),35.891891891891895,2.1621621621621623,55.4,1.65
малина свежая,89,35,89.09446742266067,1. Рутина (База),73.79310344827587,6.862745098039216,81.4,1.65
гренки,45,2,86.34432077855809,2. Выбор вкуса (Бренды),40.93023255813953,1.8181818181818181,63.6,1.64
гречка мистраль,51,36,86.20063126394868,1. Рутина (База),49.6078431372549,7.058823529411765,67.9,1.64
адреналин раш,60,46,86.47215439742082,1. Рутина (База),58.98305084745763,11.219512195121952,72.7,1.64
черкизово,37,32,74.82989023959883,2. Выбор вкуса (Бренды),36.390243902439025,1.5920398009950247,55.6,1.64
чебупицца,112,62,91.54207712412618,1. Рутина (База),79.26605504587155,15.121951219512196,85.4,1.63
хрен,51,9,90.57797179400121,2. Выбор вкуса (Бренды),45.46153846153846,1.7647058823529413,68.0,1.63
бородинский хлеб,49,43,86.39019515969896,1. Рутина (База),47.11538461538461,4.725274725274725,66.8,1.63
читос,56,58,87.44457699730401,1. Рутина (База),54.48275862068965,11.372549019607844,71.0,1.63
фильтр для воды аквафор,30,6,70.19465763159386,3. Специфичный (Атрибуты),21.19047619047619,1.1764705882352942,45.7,1.63
bite,52,48,79.6353547522951,2. Выбор вкуса (Бренды),57.67272727272727,2.807017543859649,68.7,1.63
прокладки женские ежедневные,47,27,79.88776375936915,3. Специфичный (Атрибуты),51.02272727272727,2.6732673267326734,65.5,1.62
индейка нарезка,39,48,85.11665602517607,1. Рутина (База),32.0,4.752475247524752,58.6,1.62
киндер шоколад,61,50,83.1569255649153,2. Выбор вкуса (Бренды),63.714285714285715,3.816793893129771,73.4,1.62
dove,34,20,73.58097320360335,2. Выбор вкуса (Бренды),31.393939393939398,1.6528925619834711,52.5,1.62
fairy,47,28,80.51951620730284,2. Выбор вкуса (Бренды),50.96000000000001,2.7722772277227725,65.7,1.61
торт панчо,30,3,53.945764813103345,2. Выбор вкуса (Бренды),38.58823529411765,2.727272727272727,46.3,1.61
паста шоколадная,43,20,79.32001487193361,2. Выбор вкуса (Бренды),45.91111111111111,3.278688524590164,62.6,1.61
полотенце махровое,39,26,75.79095062998023,2. Выбор вкуса (Бренды),41.44444444444444,1.8439716312056738,58.6,1.61
полотенца бумажные в рулонах,73,70,85.83400492921665,3. Специфичный (Атрибуты),70.25316455696202,6.306306306306307,78.0,1.6
орехи грецкие,34,20,73.52206364985989,2. Выбор вкуса (Бренды),32.18604651162791,3.9215686274509807,52.9,1.6
вода детская 5л,69,54,84.82075917413532,3. Специфичный (Атрибуты),69.2,5.934065934065934,77.0,1.59
сервелат,40,21,77.15833135908959,2. Выбор вкуса (Бренды),43.388888888888886,1.7355371900826446,60.3,1.59
для туалета,32,26,73.22632828665586,2. Выбор вкуса (Бренды),27.225806451612904,1.5204678362573099,50.2,1.59
lays чипсы,35,31,74.53995749092877,2. Выбор вкуса (Бренды),34.611111111111114,1.4027149321266967,54.6,1.59
тема,70,79,81.42811387704919,2. Выбор вкуса (Бренды),73.53125,3.744075829383886,77.5,1.58
цикорий,113,69,91.40124646900226,1. Рутина (База),80.6086956521739,13.529411764705884,86.0,1.58
мука пшеничная 2кг,280,144,95.34000589009912,3. Специфичный (Атрибуты),93.35,14.257425742574258,94.3,1.58
чипсы pringles,52,24,84.87700153015048,2. Выбор вкуса (Бренды),54.27450980392156,3.3802816901408455,69.6,1.58
тархун,66,45,87.23067853013885,2. Выбор вкуса (Бренды),64.79411764705881,4.054054054054054,76.0,1.58
нут,99,46,90.16160220746802,1. Рутина (База),77.87878787878788,9.019607843137255,84.0,1.58
индейка индилайт,50,57,78.22155363190438,2. Выбор вкуса (Бренды),58.79999999999999,3.1491712707182318,68.5,1.57
pusy,42,13,81.09210161127172,2. Выбор вкуса (Бренды),44.30434782608695,2.1311475409836067,62.7,1.57
капучинатор,30,3,64.90488237010949,2. Выбор вкуса (Бренды),30.5,0.9677419354838709,47.7,1.57
перец рамиро,31,10,70.1430245563284,2. Выбор вкуса (Бренды),28.70967741935484,1.9607843137254903,49.4,1.57
земля,30,1,63.59170315922707,2. Выбор вкуса (Бренды),31.5625,0.9090909090909091,47.6,1.57
мохито,47,7,88.22136313321224,2. Выбор вкуса (Бренды),44.9047619047619,1.707317073170732,66.6,1.57
плов,40,21,77.4953064558918,2. Выбор вкуса (Бренды),43.904761904761905,2.307692307692308,60.7,1.57
sen soy,37,19,75.87899885650545,2. Выбор вкуса (Бренды),39.33333333333333,1.7117117117117118,57.6,1.57
нутелла,149,53,93.18237716340673,1. Рутина (База),85.73333333333333,10.392156862745098,89.5,1.57
семга охлажденная,36,10,73.22698865038653,2. Выбор вкуса (Бренды),40.1578947368421,1.4084507042253522,56.7,1.56
юбилейное печенье,51,63,87.19650417988984,1. Рутина (База),51.509433962264154,8.873239436619718,69.4,1.56
тыквенные семечки,52,43,82.00519286930653,2. Выбор вкуса (Бренды),58.0,3.873873873873874,70.0,1.56
спрайт,73,35,88.74649608927294,1. Рутина (База),68.61538461538461,6.862745098039216,78.7,1.56
мистраль,38,31,75.85531483398331,2. Выбор вкуса (Бренды),42.142857142857146,2.366412213740458,59.0,1.56
голень,59,43,84.27243134386234,2. Выбор вкуса (Бренды),62.7,3.873873873873874,73.5,1.56
виноград свежий,63,41,86.75127014577285,2. Выбор вкуса (Бренды),63.74603174603175,4.0594059405940595,75.2,1.56
электронная сигарета,31,0,66.20211491598133,2. Выбор вкуса (Бренды),33.37931034482759,0.0,49.8,1.56
детский творожок,31,67,81.48416931959075,4. Закупка (Вес),17.98657718120805,2.225913621262458,49.7,1.56
сырки творожные,36,31,75.17911176159467,2. Выбор вкуса (Бренды),38.55555555555556,1.7127071823204418,56.9,1.55
миндальная мука,67,30,85.791618183522,1. Рутина (База),68.02816901408451,14.285714285714285,76.9,1.55
лук репчатый свежий,129,133,89.90056503584724,3. Специфичный (Атрибуты),86.00719424460432,6.963350785340314,88.0,1.55
губка для мытья посуды,34,25,78.88636128586175,3. Специфичный (Атрибуты),29.83333333333333,1.9083969465648856,54.4,1.55
fleur alpine каша,31,39,80.2852532134934,3. Специфичный (Атрибуты),19.848484848484844,1.9402985074626864,50.1,1.55
сосиски из индейки,73,61,85.56983017540696,3. Специфичный (Атрибуты),72.07792207792208,5.495495495495495,78.8,1.55
соевый соус без сахара,33,20,74.13727193432055,3. Специфичный (Атрибуты),32.0,2.469135802469136,53.1,1.55
савушкин,41,24,78.49374026901023,2. Выбор вкуса (Бренды),46.0,2.376237623762376,62.2,1.55
mirel,32,16,73.5831215882023,2. Выбор вкуса (Бренды),30.451612903225808,1.4414414414414416,52.0,1.54
аква марис,44,19,81.53260520078459,2. Выбор вкуса (Бренды),48.52173913043478,3.7254901960784315,65.0,1.54
бедро куриное без кости,49,50,83.27249777092509,3. Специфичный (Атрибуты),53.8,3.816793893129771,68.5,1.54
гель для бритья,46,22,78.74879276663728,3. Специфичный (Атрибуты),54.13043478260869,2.417582417582418,66.4,1.54
блин,32,32,73.32682365436669,2. Выбор вкуса (Бренды),30.967741935483865,1.7679558011049723,52.1,1.53
агуша йогурт,35,52,86.01041489868273,1. Рутина (База),26.388888888888886,6.419753086419753,56.2,1.53
сыр безлактозный,45,24,81.0072891769264,2. Выбор вкуса (Бренды),51.2,2.1621621621621623,66.1,1.53
марципан,47,16,85.05410858038177,2. Выбор вкуса (Бренды),50.04255319148936,3.1372549019607847,67.5,1.53
pro plan для кошек стерилизованных,32,16,74.96765156672626,3. Специфичный (Атрибуты),29.16666666666667,1.322314049586777,52.1,1.53
чай гринфилд,42,41,77.24607941106649,2. Выбор вкуса (Бренды),49.99999999999999,1.7748917748917747,63.6,1.53
яблочный сок,41,32,77.6135792366795,2. Выбор вкуса (Бренды),47.853658536585364,2.882882882882883,62.7,1.53
перчатки нитриловые,33,4,73.60836736706777,2. Выбор вкуса (Бренды),34.5625,3.6363636363636362,54.1,1.52
вареная колбаса,39,35,76.42618595104985,2. Выбор вкуса (Бренды),45.8,1.832460732984293,61.1,1.52
bio mio,40,29,77.19451642526636,2. Выбор вкуса (Бренды),46.789473684210535,1.9205298013245033,62.0,1.52
cat step наполнитель,41,21,75.43936883876037,3. Специфичный (Атрибуты),50.65573770491803,1.3043478260869563,63.0,1.52
ежедневник,39,5,80.80420640203234,2. Выбор вкуса (Бренды),41.388888888888886,1.6129032258064515,61.1,1.52
сыр бри,53,35,83.49393430626826,2. Выбор вкуса (Бренды),59.29629629629629,4.320987654320988,71.4,1.52
bombbar батончики,31,9,71.84038246405827,2. Выбор вкуса (Бренды),29.885714285714286,1.267605633802817,50.9,1.52
подгузники трусики xxl,42,22,78.31007805802362,3. Специфичный (Атрибуты),49.404761904761905,1.981981981981982,63.9,1.52
зеленый чай,32,24,73.8121614946506,2. Выбор вкуса (Бренды),31.82352941176471,1.589403973509934,52.8,1.51
помада,35,1,75.69695789586302,2. Выбор вкуса (Бренды),37.87096774193548,0.9090909090909091,56.8,1.51
бедра куриные,64,52,83.72339415855548,2. Выбор вкуса (Бренды),68.96551724137932,2.87292817679558,76.3,1.51
viola,31,24,73.12044738688245,2. Выбор вкуса (Бренды),29.5,1.256544502617801,51.3,1.51
филе бедра,58,45,84.03843074683867,2. Выбор вкуса (Бренды),63.93333333333334,3.71900826446281,74.0,1.51
докторская,41,30,77.80701171512719,2. Выбор вкуса (Бренды),48.871794871794876,2.290076335877863,63.3,1.5
молоко миндальное,41,28,84.45305912224683,1. Рутина (База),42.558139534883715,6.829268292682928,63.5,1.5
сок гранатовый,46,14,86.13624858535668,2. Выбор вкуса (Бренды),48.72340425531915,2.7450980392156863,67.4,1.5
чистая линия,32,18,73.82247393170812,2. Выбор вкуса (Бренды),33.03030303030303,1.4876033057851241,53.4,1.49
боржоми вода,50,47,82.33695865502378,2. Выбор вкуса (Бренды),58.231884057971016,3.884297520661157,70.3,1.49
семена льна,37,25,81.49583180083188,1. Рутина (База),37.84313725490196,4.901960784313726,59.7,1.49
гречневые хлопья,48,47,86.47573486303206,1. Рутина (База),51.272727272727266,9.215686274509805,68.9,1.49
для пола моющее средство,33,22,77.68343295620717,3. Специфичный (Атрибуты),32.121212121212125,2.417582417582418,54.9,1.49
магги,56,52,81.31681280075003,2. Выбор вкуса (Бренды),65.53846153846155,3.4437086092715234,73.4,1.49
hipp,48,51,78.68522499901067,2. Выбор вкуса (Бренды),59.2608695652174,2.0318725099601593,69.0,1.49
баранина охлажденная,33,10,66.10089117122354,2. Выбор вкуса (Бренды),43.80645161290323,1.639344262295082,55.0,1.49
мирамистин,47,48,86.29290067595723,1. Рутина (База),50.71428571428571,9.411764705882353,68.5,1.48
сыр гауда,48,35,81.08424165681907,2. Выбор вкуса (Бренды),57.06382978723404,3.4653465346534653,69.1,1.48
гхи масло,42,22,76.90184504814339,2. Выбор вкуса (Бренды),52.46153846153846,2.7160493827160495,64.7,1.48
слойка,57,46,84.02287084294176,2. Выбор вкуса (Бренды),64.0,3.2624113475177308,74.0,1.48
yokosun подгузники трусики,45,32,81.12744889963119,3. Специфичный (Атрибуты),53.72340425531915,3.9506172839506175,67.4,1.47
ессентуки,39,6,79.71512566052225,2. Выбор вкуса (Бренды),44.66666666666667,1.9354838709677418,62.2,1.47
сок яблочный детский,36,31,80.1996413493103,3. Специфичный (Атрибуты),38.33333333333333,2.7927927927927927,59.3,1.47
отпариватель для одежды,31,8,67.13941555048251,3. Специфичный (Атрибуты),38.33333333333333,1.1267605633802817,52.7,1.47
крекеры,38,16,78.120752283196,2. Выбор вкуса (Бренды),44.294117647058826,1.5841584158415842,61.2,1.47
крылья,58,31,87.9006637000609,2. Выбор вкуса (Бренды),61.535714285714285,3.8271604938271606,74.7,1.47
дамплинги,45,13,87.48685286270306,2. Выбор вкуса (Бренды),47.67857142857143,3.1707317073170733,67.6,1.46
весы напольные,32,11,73.46227288269853,2. Выбор вкуса (Бренды),35.51724137931035,1.3580246913580247,54.5,1.46
селедка филе,46,33,80.94046536578969,2. Выбор вкуса (Бренды),55.469387755102034,3.2673267326732676,68.2,1.46
уксус 9%,33,24,72.71734376361862,1. Рутина (База),38.68421052631579,11.428571428571429,55.7,1.46
филе грудки,40,26,77.98825340026995,2. Выбор вкуса (Бренды),49.24324324324324,1.984732824427481,63.6,1.46
гречка в пакетиках,114,115,89.3680674505355,3. Специфичный (Атрибуты),85.18656716417911,37.096774193548384,87.3,1.45
калинов родник,47,29,82.68321974714173,2. Выбор вкуса (Бренды),55.673469387755105,3.5802469135802473,69.2,1.45
ушные палочки,46,40,86.59971934611707,1. Рутина (База),50.434782608695656,7.843137254901961,68.5,1.45
biorepair зубная паста,36,24,75.64880227290209,3. Специфичный (Атрибуты),43.559322033898304,2.6373626373626373,59.6,1.45
панчо,46,5,92.88064390026491,2. Выбор вкуса (Бренды),44.093023255813954,2.380952380952381,68.5,1.45
мороженое коровка из кореновки,34,14,73.52378066092648,3. Специфичный (Атрибуты),41.47058823529412,1.5384615384615385,57.5,1.45
орзо,34,3,70.68102593932835,2. Выбор вкуса (Бренды),44.411764705882355,0.9677419354838709,57.5,1.44
крылышки куриные,48,26,84.15781758377929,2. Выбор вкуса (Бренды),55.84,2.3423423423423424,70.0,1.44
антиперспирант женский,32,29,74.51826238899505,2. Выбор вкуса (Бренды),36.24242424242424,1.3122171945701357,55.4,1.43
шаурма,75,26,87.44045582574141,1. Рутина (База),74.38356164383562,5.098039215686275,80.9,1.43
панировочные сухари,104,74,91.1335260926768,1. Рутина (База),81.41509433962264,23.870967741935484,86.3,1.43
соки детские,32,26,74.55674351801808,2. Выбор вкуса (Бренды),35.85714285714286,1.6149068322981366,55.2,1.43
отбеливатель,37,18,77.968873368548,2. Выбор вкуса (Бренды),44.70270270270271,2.9508196721311477,61.3,1.43
белок яичный,50,17,82.92407232622455,1. Рутина (База),60.3448275862069,8.095238095238095,71.6,1.42
гхи,50,22,86.67253559088476,2. Выбор вкуса (Бренды),56.36734693877551,2.7160493827160495,71.5,1.42
чехол на айфон 15 про макс,56,12,75.97052404426961,3. Специфичный (Атрибуты),73.33333333333334,2.3529411764705883,74.7,1.42
тема мясное пюре,45,40,83.06954203640302,3. Специфичный (Атрибуты),53.95348837209302,3.6036036036036037,68.5,1.42
перекись водорода,30,0,65.39304028343872,2. Выбор вкуса (Бренды),40.0,0.0,52.7,1.42
рис пропаренный,40,31,85.68309220753673,1. Рутина (База),43.5,5.081967213114754,64.6,1.42
сок фрутоняня,39,20,79.61932780702773,2. Выбор вкуса (Бренды),47.641025641025635,2.8169014084507045,63.6,1.42
grass,30,10,72.2216931531402,2. Выбор вкуса (Бренды),33.23076923076923,1.098901098901099,52.7,1.42
фрутоняня каша,59,64,80.91491637394559,2. Выбор вкуса (Бренды),71.01886792452831,3.1840796019900495,76.0,1.42
лук красный,110,101,92.68899202874579,1. Рутина (База),81.41509433962264,12.469135802469136,87.1,1.42
кальмары,36,23,77.29306849050114,2. Выбор вкуса (Бренды),44.09756097560975,1.7557251908396947,60.7,1.41
йогурт натуральный,43,49,77.88081678671257,2. Выбор вкуса (Бренды),56.57142857142858,2.5654450261780104,67.2,1.41
рычал су,106,101,92.18115251605937,1. Рутина (База),81.16666666666667,32.58064516129032,86.7,1.41
буженина,49,24,85.73437905197902,2. Выбор вкуса (Бренды),56.75,2.6373626373626373,71.2,1.41
соус heinz,39,42,77.39325887257658,2. Выбор вкуса (Бренды),50.74418604651162,3.2061068702290076,64.1,1.4
вода с лимоном,45,24,80.4466651435737,3. Специфичный (Атрибуты),57.5,3.934426229508197,69.0,1.4
арахисовая паста без сахара,63,20,80.24634591707938,3. Специфичный (Атрибуты),75.34722222222223,2.8169014084507045,77.8,1.4
куркума,39,20,79.77223504316233,2. Выбор вкуса (Бренды),48.6,3.9215686274509807,64.2,1.4
пудинг ehrmann,35,3,81.3381959992507,2. Выбор вкуса (Бренды),39.1764705882353,0.9677419354838709,60.3,1.39
желатин,87,48,90.39889480081555,1. Рутина (База),77.64705882352942,9.411764705882353,84.0,1.39
мороженое без сахара,91,25,85.10837300555201,3. Специфичный (Атрибуты),84.40217391304348,2.7472527472527473,84.8,1.39
пастила белевская,42,21,81.69699237021675,2. Выбор вкуса (Бренды),52.29268292682927,3.4426229508196724,67.0,1.39
свр нарезка,35,11,71.7317665835768,2. Выбор вкуса (Бренды),48.58823529411765,2.682926829268293,60.2,1.39
линзы контактные однодневные,46,26,79.76933194916126,3. Специфичный (Атрибуты),59.75609756097561,1.2322274881516586,69.8,1.39
томаты протертые,52,35,86.9758674780276,1. Рутина (База),59.63636363636364,8.536585365853659,73.3,1.39
креатин,35,11,78.05830695434139,2. Выбор вкуса (Бренды),42.45161290322581,1.5492957746478875,60.3,1.39
анчоусы,37,7,82.61241120443543,2. Выбор вкуса (Бренды),42.666666666666664,2.258064516129032,62.6,1.38
лепешки,40,24,79.80081758768056,2. Выбор вкуса (Бренды),51.05263157894737,2.6373626373626373,65.4,1.38
пармалат,48,42,80.60609624616121,2. Выбор вкуса (Бренды),61.86363636363636,2.781456953642384,71.2,1.38
evervess,46,32,82.1074978776878,2. Выбор вкуса (Бренды),58.08888888888889,3.9506172839506175,70.1,1.38
слоеное тесто,56,48,83.56080525637556,2. Выбор вкуса (Бренды),67.25,4.324324324324325,75.4,1.38
марс,46,34,87.29526308446229,1. Рутина (База),52.5,8.292682926829269,69.9,1.38
листья салата,42,33,79.01865425239131,2. Выбор вкуса (Бренды),55.31707317073172,2.0496894409937885,67.2,1.38
халапеньо,49,40,86.79177664916828,1. Рутина (База),57.03703703703703,6.557377049180328,71.9,1.38
сок сады придонья,46,17,78.69909938105435,3. Специфичный (Атрибуты),61.73913043478261,1.8681318681318682,70.2,1.37
макароны без глютена,44,62,82.37305918808947,3. Специфичный (Атрибуты),55.564516129032256,3.6257309941520464,69.0,1.37
чечевица красная,49,41,86.97106687362434,1. Рутина (База),56.92307692307693,13.225806451612902,71.9,1.37
камамбер сыр,44,30,81.09876475201493,2. Выбор вкуса (Бренды),56.97674418604651,2.7027027027027026,69.0,1.36
щавель свежий,40,20,81.54158261658918,2. Выбор вкуса (Бренды),50.23255813953488,3.278688524590164,65.9,1.36
актибио,47,54,79.30203395881922,2. Выбор вкуса (Бренды),62.869565217391305,2.3376623376623376,71.1,1.36
блины с мясом,33,31,79.67736178886655,3. Специфичный (Атрибуты),37.631578947368425,3.8271604938271606,58.7,1.36
мак,32,9,76.24182546681386,2. Выбор вкуса (Бренды),38.53333333333333,2.1951219512195124,57.4,1.36
чери помидоры,63,62,85.15197593615352,2. Выбор вкуса (Бренды),71.53623188405797,3.8509316770186333,78.3,1.36
детские влажные салфетки,35,23,78.37032273017958,3. Специфичный (Атрибуты),44.18918918918919,1.9008264462809918,61.3,1.36
банановое молоко,44,29,85.62621563209736,1. Рутина (База),52.340425531914896,5.686274509803922,69.0,1.36
детский сок,32,26,75.56867717405234,2. Выбор вкуса (Бренды),40.1875,1.7218543046357617,57.9,1.35
водка,38,3,85.54434746691626,2. Выбор вкуса (Бренды),43.27777777777778,0.9677419354838709,64.4,1.35
яблочный уксус,39,12,83.24910673581945,2. Выбор вкуса (Бренды),47.67567567567568,2.9268292682926833,65.5,1.35
always прокладки,38,31,78.370127309532,2. Выбор вкуса (Бренды),50.57142857142857,2.7927927927927927,64.5,1.35
весы,31,16,73.40435872036664,2. Выбор вкуса (Бренды),39.33333333333333,1.5841584158415842,56.4,1.35
лубрикант,32,14,75.9412303954362,2. Выбор вкуса (Бренды),39.41935483870968,1.3861386138613863,57.7,1.35
йогурт питьевой детский,31,55,83.47898894681258,3. Специфичный (Атрибуты),30.161290322580655,3.900709219858156,56.8,1.34
вода сенежская,35,18,77.47088037914531,2. Выбор вкуса (Бренды),45.85,2.535211267605634,61.7,1.34
персил,34,24,76.81033701063143,2. Выбор вкуса (Бренды),44.285714285714285,1.9834710743801653,60.5,1.34
горбуша консервы,51,33,86.92745507854437,1. Рутина (База),60.87719298245614,8.048780487804878,73.9,1.33
швабра с отжимом и ведром,45,14,77.65225086073873,3. Специфичный (Атрибуты),63.41463414634146,1.971830985915493,70.5,1.33
риттер спорт шоколад,39,35,82.22061536285534,3. Специфичный (Атрибуты),49.743589743589745,2.046783625730994,66.0,1.33
удлинитель сетевой,32,21,75.94303057329667,2. Выбор вкуса (Бренды),40.72727272727273,1.7355371900826446,58.3,1.33
nemoloko,46,40,81.53341257595864,2. Выбор вкуса (Бренды),60.83333333333334,2.6490066225165565,71.2,1.33
мойва,36,9,81.8964336448299,2. Выбор вкуса (Бренды),44.285714285714285,2.1951219512195124,63.1,1.33
молоко сгущенное,40,40,79.99639958118694,2. Выбор вкуса (Бренды),53.614035087719294,2.8368794326241136,66.8,1.33
терияки соус,37,28,85.49247259408537,1. Рутина (База),42.43243243243243,4.59016393442623,64.0,1.33
сахар рафинад,71,54,89.9514338828389,1. Рутина (База),72.67605633802816,17.419354838709676,81.3,1.33
инжир,30,8,75.52925402022397,2. Выбор вкуса (Бренды),36.666666666666664,2.5806451612903225,56.1,1.32
белая дача,48,57,79.8324100718576,2. Выбор вкуса (Бренды),65.07999999999998,1.536388140161725,72.5,1.32
чери,52,42,82.98029968344774,2. Выбор вкуса (Бренды),66.25,2.978723404255319,74.6,1.32
пряник,33,16,77.43003017479695,2. Выбор вкуса (Бренды),42.457142857142856,1.9753086419753088,59.9,1.32
кешью жареный,40,15,83.77774512966208,2. Выбор вкуса (Бренды),50.41025641025641,3.658536585365854,67.1,1.32
тряпки в рулонах,37,33,81.83199310651553,3. Специфичный (Атрибуты),47.5,4.074074074074074,64.7,1.31
манты,36,4,85.08433749644463,2. Выбор вкуса (Бренды),41.94444444444444,0.9756097560975611,63.5,1.31
энергетик без сахара,82,45,86.25568946750148,3. Специфичный (Атрибуты),81.6891891891892,7.3770491803278695,84.0,1.31
лазанья листы,34,16,82.724432868608,1. Рутина (База),40.3125,7.619047619047619,61.5,1.31
кокосовые сливки,42,20,83.59396797252239,2. Выбор вкуса (Бренды),54.04651162790697,3.278688524590164,68.8,1.31
масло топленое,39,15,82.58634492278723,2. Выбор вкуса (Бренды),50.473684210526315,3.658536585365854,66.5,1.31
эклер,47,32,84.42428251363623,2. Выбор вкуса (Бренды),59.69230769230769,3.1683168316831685,72.1,1.31
tess,64,53,84.20794941453583,2. Выбор вкуса (Бренды),74.88461538461539,3.291925465838509,79.5,1.31
швепс,37,21,80.34293610153279,2. Выбор вкуса (Бренды),48.95238095238095,3.4426229508196724,64.6,1.31
мелатонин,32,11,77.32823212672638,2. Выбор вкуса (Бренды),41.677419354838705,1.8032786885245902,59.5,1.3
зажигалка,33,3,76.35572297290216,2. Выбор вкуса (Бренды),44.70967741935483,0.9677419354838709,60.5,1.3
полотенца,31,25,75.5264280592005,2. Выбор вкуса (Бренды),40.6060606060606,1.773049645390071,58.1,1.3
сушилка для белья,58,21,81.95834019848975,3. Специфичный (Атрибуты),73.13725490196079,5.121951219512195,77.5,1.3
черри помидоры,52,42,83.8290562431967,2. Выбор вкуса (Бренды),66.28,2.781456953642384,75.1,1.3
панировка,35,20,78.27823524044304,2. Выбор вкуса (Бренды),48.0625,2.8169014084507045,63.2,1.29
принглс чипсы,43,23,84.05692206754478,2. Выбор вкуса (Бренды),55.76744186046511,3.23943661971831,69.9,1.29
заменитель сахара,30,25,74.31264117402381,2. Выбор вкуса (Бренды),39.5625,2.4752475247524752,56.9,1.29
холодный чай,49,49,81.40766929315136,2. Выбор вкуса (Бренды),65.87755102040816,3.043478260869565,73.6,1.29
манка крупа,51,40,87.79787320829281,1. Рутина (База),61.63636363636363,7.843137254901961,74.7,1.29
фери,47,29,83.51078348912418,2. Выбор вкуса (Бренды),61.5609756097561,3.186813186813187,72.5,1.29
momi,39,23,80.33717166126554,2. Выбор вкуса (Бренды),53.542857142857144,2.2772277227722775,66.9,1.29
фисташки соленые,33,18,79.8876181819685,2. Выбор вкуса (Бренды),42.70422535211267,2.9508196721311477,61.3,1.28
рис длиннозерный,38,28,79.70289701164324,2. Выбор вкуса (Бренды),52.78048780487805,2.7722772277227725,66.2,1.28
пленка пищевая,41,26,86.11906520364548,1. Рутина (База),51.282051282051285,8.387096774193548,68.7,1.28
огурцы консервированные,37,31,79.4720241194487,2. Выбор вкуса (Бренды),51.148936170212764,3.406593406593407,65.3,1.28
тарелки одноразовые,36,17,79.67868009508553,2. Выбор вкуса (Бренды),49.0625,2.0987654320987654,64.4,1.28
фломастеры,39,14,84.45267341185775,2. Выбор вкуса (Бренды),50.0,3.414634146341464,67.2,1.28
чабан,36,41,86.37570085332923,1. Рутина (База),42.77777777777778,5.061728395061729,64.6,1.28
коврик для ванной,32,1,46.282873114503964,3. Специфичный (Атрибуты),73.66666666666667,0.9090909090909091,60.0,1.28
solvie,40,16,84.67439126941682,2. Выбор вкуса (Бренды),51.8974358974359,2.6229508196721314,68.3,1.27
фили бейкер,31,11,77.09353230931156,2. Выбор вкуса (Бренды),40.78787878787878,2.1568627450980395,58.9,1.27
туалетная бумага влажная,42,35,82.67860600005496,3. Специфичный (Атрибуты),56.66666666666667,3.4653465346534653,69.7,1.27
морковка,63,62,84.99443543970455,2. Выбор вкуса (Бренды),74.66666666666666,4.105960264900662,79.8,1.27
постельное белье 1 5 спальное,32,8,73.11334126288742,3. Специфичный (Атрибуты),47.67857142857143,1.5686274509803924,60.4,1.27
хлопья овсяные,48,40,82.91916722125661,2. Выбор вкуса (Бренды),64.03999999999999,3.6036036036036037,73.5,1.27
круасаны,30,15,75.81386609841746,2. Выбор вкуса (Бренды),39.241379310344826,2.1126760563380285,57.5,1.27
отбеливатель для белья,50,34,83.17243189056775,3. Специфичный (Атрибуты),66.22641509433961,3.3663366336633667,74.7,1.27
гранатовый сок,59,20,86.48820549922516,1. Рутина (База),70.80645161290323,4.878048780487806,78.6,1.26
печень говяжья,41,21,81.81399961511062,2. Выбор вкуса (Бренды),56.75555555555556,3.4426229508196724,69.3,1.26
треска филе,49,36,85.07348651951973,2. Выбор вкуса (Бренды),63.69230769230769,3.2432432432432434,74.4,1.26
курага сухофрукты,31,25,83.71347911990796,1. Рутина (База),34.85714285714286,4.901960784313726,59.3,1.26
нутрилон 1,37,25,80.01265804703422,2. Выбор вкуса (Бренды),52.0,3.5211267605633805,66.0,1.26
перец горошком,38,24,80.83724040156686,2. Выбор вкуса (Бренды),52.68292682926829,3.934426229508197,66.8,1.26
не молоко,43,36,81.30977368680202,2. Выбор вкуса (Бренды),60.418604651162795,3.5643564356435644,70.9,1.25
карри,35,13,81.33451669425716,2. Выбор вкуса (Бренды),47.05555555555556,2.5490196078431375,64.2,1.25
шоколад милка,33,19,78.56431257337823,2. Выбор вкуса (Бренды),45.78378378378378,1.450381679389313,62.2,1.25
блеск для губ,31,3,60.42664245221109,3. Специфичный (Атрибуты),59.0,0.9677419354838709,59.7,1.25
запеканка творожная,38,18,81.28955536258282,2. Выбор вкуса (Бренды),52.848484848484844,1.7821782178217822,67.1,1.25
мидии замороженные,37,15,82.22782367809015,2. Выбор вкуса (Бренды),50.333333333333336,2.459016393442623,66.3,1.25
сыр фета,47,45,81.46783887618213,2. Выбор вкуса (Бренды),65.19148936170212,4.054054054054054,73.3,1.25
бульмени,47,24,85.9951292093637,1. Рутина (База),61.08695652173913,4.705882352941177,73.5,1.24
мясные чипсы,52,28,87.38633286821612,1. Рутина (База),64.90566037735849,6.829268292682928,76.1,1.24
хлеб для тостов,30,19,78.08717973574923,3. Специфичный (Атрибуты),39.5,3.114754098360656,58.8,1.24
масло растительное подсолнечное,43,51,83.99432525836993,3. Специфичный (Атрибуты),58.23529411764706,4.594594594594595,71.1,1.24
баунти,61,47,89.06057372667362,1. Рутина (База),70.16129032258064,9.215686274509805,79.6,1.24
пирожок,30,8,77.17855867137709,2. Выбор вкуса (Бренды),40.333333333333336,0.9876543209876544,58.8,1.24
нутрилак,36,20,80.09854611555338,2. Выбор вкуса (Бренды),51.6875,2.469135802469136,65.9,1.23
патчи для глаз,56,22,82.22801963106318,3. Специфичный (Атрибуты),73.7962962962963,3.6065573770491803,78.0,1.23
рамиро,31,2,76.86535901895748,2. Выбор вкуса (Бренды),43.61538461538461,1.8181818181818181,60.2,1.23
сыр чечил,34,32,86.33339883681361,1. Рутина (База),41.21212121212121,4.507042253521127,63.8,1.23
твикс батончик,32,26,85.65552401610094,1. Рутина (База),37.5,8.387096774193548,61.6,1.23
молоко 3.2,34,35,77.73389547785997,2. Выбор вкуса (Бренды),50.4390243902439,2.67175572519084,64.1,1.22
соус барбекю,40,25,82.25867057375287,2. Выбор вкуса (Бренды),56.95,4.0983606557377055,69.6,1.22
взбитые сливки,35,18,75.98373346885717,2. Выбор вкуса (Бренды),54.36363636363636,4.390243902439025,65.2,1.22
козинаки,30,2,75.38054642781086,2. Выбор вкуса (Бренды),43.214285714285715,1.8181818181818181,59.3,1.22
авокадо спелый,49,38,83.92882827269634,2. Выбор вкуса (Бренды),66.26086956521739,3.4234234234234235,75.1,1.22
птитим,69,50,89.48090487867557,1. Рутина (База),75.13888888888889,12.195121951219512,82.3,1.22
масло кокосовое,30,12,77.21210892186915,2. Выбор вкуса (Бренды),41.878787878787875,2.9268292682926833,59.5,1.21
рисовый уксус,43,28,78.26439390520639,1. Рутина (База),65.68181818181819,25.454545454545453,72.0,1.21
помпа для воды 19л,44,10,72.30776442582669,3. Специфичный (Атрибуты),72.56410256410257,3.225806451612903,72.4,1.21
"вода питьевая негазированная 1,5",34,17,78.2703530415436,3. Специфичный (Атрибуты),50.44117647058823,1.8681318681318682,64.4,1.21
куриные сердечки,33,18,71.42442621683583,2. Выбор вкуса (Бренды),55.45454545454545,4.390243902439025,63.4,1.21
чай замороженный,39,42,79.28248727693796,2. Выбор вкуса (Бренды),58.72727272727273,3.2061068702290076,69.0,1.21
merries трусики,43,35,82.1914364151043,2. Выбор вкуса (Бренды),61.5,2.67175572519084,71.8,1.21
чипсы с солью,41,33,82.80108276323267,3. Специфичный (Атрибуты),58.86363636363637,5.409836065573771,70.8,1.2
сырники замороженные,38,18,84.13732093741392,2. Выбор вкуса (Бренды),52.829268292682926,2.535211267605634,68.5,1.2
экспонента exponenta,54,50,84.76280447894334,2. Выбор вкуса (Бренды),70.73684210526315,3.546099290780142,77.7,1.2
сок агуша,42,35,81.30668131222708,2. Выбор вкуса (Бренды),61.5,2.8925619834710745,71.4,1.2
молоко parmalat,50,35,86.3307748791702,2. Выбор вкуса (Бренды),65.63265306122449,4.320987654320988,76.0,1.2
облепиха замороженная,53,50,88.22268550039661,1. Рутина (База),66.66666666666666,4.504504504504505,77.4,1.2
burn,38,30,86.1535122603732,1. Рутина (База),50.51282051282051,5.882352941176471,68.3,1.2
картошка фри,49,34,86.04112517724012,2. Выбор вкуса (Бренды),65.14285714285714,4.197530864197531,75.6,1.2
ессентуки 17 минеральная вода,31,17,77.28673970845503,3. Специфичный (Атрибуты),45.15625,1.8681318681318682,61.2,1.2
дорадо,38,12,85.87776333055714,2. Выбор вкуса (Бренды),51.48571428571428,2.3529411764705883,68.7,1.19
мои заказы на ozon,38,0,60.39963577481156,3. Специфичный (Атрибуты),76.76470588235294,0.0,68.6,1.19
персил гель для стирки,36,35,82.82223139461276,3. Специфичный (Атрибуты),51.28571428571429,2.67175572519084,67.1,1.19
snickers,30,11,78.67834506194652,2. Выбор вкуса (Бренды),42.599999999999994,1.5492957746478875,60.6,1.18
хрутка,38,33,80.27905404462399,2. Выбор вкуса (Бренды),57.5609756097561,1.9298245614035086,68.9,1.18
романо салат,44,19,87.97350923672943,2. Выбор вкуса (Бренды),58.205128205128204,2.676056338028169,73.1,1.18
чебупели,68,36,89.76726761890268,1. Рутина (База),75.5072463768116,11.612903225806452,82.6,1.18
сыр для бургера,42,45,84.453181091793,3. Специфичный (Атрибуты),60.0,4.054054054054054,72.2,1.17
хлопья гречневые,45,43,87.77629646479629,1. Рутина (База),60.19607843137255,7.049180327868853,74.0,1.17
сим карта,40,13,87.35617874767621,2. Выбор вкуса (Бренды),54.05882352941176,3.1707317073170733,70.7,1.17
хурма,111,38,93.22293424964914,1. Рутина (База),85.77981651376147,9.26829268292683,89.5,1.17
болоньезе,32,17,84.12765076559397,1. Рутина (База),42.58064516129032,8.095238095238095,63.4,1.17
липтон чай холодный,56,59,86.72283427503486,3. Специфичный (Атрибуты),71.36363636363636,9.672131147540984,79.0,1.17
имбирь свежий,60,47,89.89157092527921,1. Рутина (База),71.1864406779661,5.802469135802469,80.5,1.17
айран,42,32,86.96310291322654,1. Рутина (База),58.0,5.245901639344263,72.5,1.16
орешки со сгущенкой,37,21,71.87053429501182,3. Специфичный (Атрибуты),65.3409090909091,4.11764705882353,68.6,1.16
лимоны,48,37,88.29474806409809,1. Рутина (База),63.46938775510204,7.254901960784315,75.9,1.16
фейри для посуды,33,24,81.2023631786055,3. Специфичный (Атрибуты),48.54838709677419,2.6373626373626373,64.9,1.16
сыр косичка,92,31,92.05714905387443,1. Рутина (База),82.70833333333333,5.081967213114754,87.4,1.16
для пола,37,31,79.1363158246746,2. Выбор вкуса (Бренды),58.375,1.9254658385093166,68.8,1.16
маскарпоне сыр,60,29,89.14502007961048,1. Рутина (База),72.06896551724138,7.073170731707318,80.6,1.16
"вода детская 0,33",53,40,85.6166513474939,3. Специфичный (Атрибуты),70.68627450980392,6.557377049180328,78.2,1.16
кетчуп томатный,40,35,81.30129019858168,2. Выбор вкуса (Бренды),60.78048780487805,3.8461538461538463,71.0,1.16
глазированные сырки,36,39,78.5420671243887,2. Выбор вкуса (Бренды),57.72972972972972,1.9402985074626864,68.1,1.15
наполнитель силикагелевый,30,18,77.32361202231577,2. Выбор вкуса (Бренды),45.77777777777777,1.6216216216216217,61.6,1.15
соус терияки,44,33,87.04176894500162,1. Рутина (База),60.625,6.470588235294118,73.8,1.15
топленое масло,34,12,83.37035338404473,2. Выбор вкуса (Бренды),49.0,1.6901408450704227,66.2,1.15
быстрого приготовления,36,40,78.05168382919555,2. Выбор вкуса (Бренды),58.24242424242424,2.484472049689441,68.1,1.15
сахар песок,32,42,86.27506673829706,1. Рутина (База),41.77777777777778,10.24390243902439,64.0,1.15
momi трусики,35,16,82.32671947778294,2. Выбор вкуса (Бренды),51.81818181818182,1.7582417582417582,67.1,1.15
белый хлеб,35,26,79.44853728523506,2. Выбор вкуса (Бренды),54.72727272727272,2.5742574257425743,67.1,1.15
таро,30,1,84.07334343112694,2. Выбор вкуса (Бренды),39.68,0.9090909090909091,61.9,1.14
отривин,39,22,84.2254082178165,2. Выбор вкуса (Бренды),57.128205128205124,3.098591549295775,70.7,1.14
ананас свежий,31,9,80.35745904834994,2. Выбор вкуса (Бренды),45.9375,1.7647058823529413,63.1,1.14
манная крупа,57,48,89.42910550300702,1. Рутина (База),70.50847457627118,15.483870967741934,80.0,1.14
помидоры маринованные,45,31,85.02736477815908,2. Выбор вкуса (Бренды),64.27906976744185,3.406593406593407,74.7,1.14
цветная капуста замороженная,36,31,82.23601371263021,3. Специфичный (Атрибуты),54.34210526315789,5.081967213114754,68.3,1.14
чоко пай,35,12,85.34071298724764,2. Выбор вкуса (Бренды),49.599999999999994,2.9268292682926833,67.5,1.14
масло подсолнечное рафинированное,47,50,84.51508568777409,3. Специфичный (Атрибуты),66.86440677966101,4.9504950495049505,75.7,1.14
микрозелень,37,17,78.4370672037498,2. Выбор вкуса (Бренды),59.94117647058823,3.3333333333333335,69.2,1.14
молоко пармалат,35,31,86.58559751635399,1. Рутина (База),48.88888888888889,5.081967213114754,67.7,1.13
мешки для мусора 60 л,35,24,81.62285972354269,3. Специфичный (Атрибуты),53.90625,2.9629629629629632,67.8,1.13
ананасовый сок,35,14,83.71135018118414,2. Выбор вкуса (Бренды),52.375,2.295081967213115,68.0,1.12
тональный крем для лица,33,5,68.67973821513145,3. Специфичный (Атрибуты),63.333333333333336,1.2195121951219514,66.0,1.12
нори для суши,69,29,85.74334642229907,3. Специфичный (Атрибуты),81.66666666666667,5.686274509803922,83.7,1.12
салатная смесь,31,35,77.01393900340051,2. Выбор вкуса (Бренды),50.89473684210527,1.6587677725118481,64.0,1.12
тунец в собственном соку,93,68,89.49782776799027,3. Специфичный (Атрибуты),86.5625,7.472527472527473,88.0,1.11
буррата сыр,37,23,81.37288351433787,2. Выбор вкуса (Бренды),58.46153846153847,3.7704918032786887,69.9,1.11
пончики,41,37,87.45593691972783,1. Рутина (База),58.33333333333333,6.065573770491803,72.9,1.11
ariel,34,22,80.38177661494666,2. Выбор вкуса (Бренды),54.625,1.981981981981982,67.5,1.1
ацидофилин,31,4,82.54442764841485,2. Выбор вкуса (Бренды),46.21428571428571,1.9047619047619047,64.4,1.1
rocs,39,39,80.33311929350391,2. Выбор вкуса (Бренды),63.36842105263158,2.422360248447205,71.9,1.1
лангустины,33,3,91.19575427309927,2. Выбор вкуса (Бренды),42.26315789473684,1.4285714285714286,66.7,1.1
rocs зубная паста,36,34,83.7858946709102,3. Специфичный (Атрибуты),54.83870967741935,4.197530864197531,69.3,1.1
мажитэль,48,41,88.7980419041757,1. Рутина (База),65.51020408163265,10.0,77.2,1.1
острый соус,30,11,80.86149090172893,2. Выбор вкуса (Бренды),46.25806451612903,1.5492957746478875,63.6,1.09
линзы acuvue,32,17,77.11775929403437,2. Выбор вкуса (Бренды),54.58333333333334,1.0559006211180124,65.9,1.09
прошутто,37,20,85.19736211424693,2. Выбор вкуса (Бренды),55.8,2.197802197802198,70.5,1.09
леденцы без сахара,30,25,79.78653258097631,3. Специфичный (Атрибуты),47.77777777777778,2.7472527472527473,63.8,1.09
сливки 33%,43,25,87.4335968561654,2. Выбор вкуса (Бренды),62.04651162790698,4.0983606557377055,74.7,1.09
капуста цветная,30,22,78.8894391824282,2. Выбор вкуса (Бренды),48.5945945945946,2.7160493827160495,63.7,1.09
вернель,38,29,82.47341487007567,2. Выбор вкуса (Бренды),60.36842105263158,3.186813186813187,71.4,1.09
цикорий сублимированный,35,27,83.31489821644112,1. Рутина (База),55.2112676056338,5.294117647058824,69.3,1.08
сыр с плесенью голубой,38,25,81.90493444048047,3. Специфичный (Атрибуты),61.282051282051285,4.0983606557377055,71.6,1.08
сыр брест литовск,48,33,85.0899209196929,3. Специфичный (Атрибуты),70.0,5.409836065573771,77.5,1.08
безалкогольное пиво,32,15,81.93834912561435,2. Выбор вкуса (Бренды),50.6875,2.1126760563380285,66.3,1.08
чайник заварочный,51,16,86.21100543614105,1. Рутина (База),71.48936170212767,5.161290322580645,78.9,1.08
ремит,32,18,80.92068744765163,2. Выбор вкуса (Бренды),52.0,2.2222222222222223,66.5,1.07
вырезка говяжья,35,12,87.20907056697382,2. Выбор вкуса (Бренды),51.42857142857143,3.8709677419354835,69.3,1.07
рисовая бумага,32,26,74.35711341338717,1. Рутина (База),58.94736842105263,23.636363636363633,66.7,1.07
сок без сахара,40,25,82.62759875125366,3. Специфичный (Атрибуты),63.90243902439024,3.5211267605633805,73.3,1.07
груша конференция,38,22,86.85098946088378,2. Выбор вкуса (Бренды),56.652173913043484,3.6065573770491803,71.8,1.07
сальчичон,37,22,83.40878798569652,2. Выбор вкуса (Бренды),58.64705882352941,3.098591549295775,71.0,1.07
нутрилон 2,40,28,83.99766047267218,2. Выбор вкуса (Бренды),62.73684210526315,3.943661971830986,73.4,1.07
merries подгузники трусики,30,34,79.13646964614045,3. Специфичный (Атрибуты),50.0,3.3663366336633667,64.6,1.06
индейка бедро,39,27,83.9896025444637,2. Выбор вкуса (Бренды),61.641025641025635,4.426229508196721,72.8,1.06
коврик для йоги,30,2,58.316765017326674,3. Специфичный (Атрибуты),70.71428571428572,0.9523809523809523,64.5,1.06
киви свежий,73,55,91.75926470293028,1. Рутина (База),79.32432432432432,5.445544554455446,85.5,1.06
икра кабачковая,76,46,91.74388339507598,1. Рутина (База),80.26666666666667,11.219512195121952,86.0,1.06
яйцо куриное с0,72,49,88.16831081279939,3. Специфичный (Атрибуты),82.4,3.475177304964539,85.3,1.06
простокваша,33,8,83.76367004305352,2. Выбор вкуса (Бренды),52.19354838709677,2.5806451612903225,68.0,1.06
коробки для переезда картонные,56,26,84.39225557117848,3. Специфичный (Атрибуты),77.98076923076923,5.098039215686275,81.2,1.05
братья ореховы,38,39,81.7838916859997,2. Выбор вкуса (Бренды),63.2,3.5135135135135136,72.5,1.05
сосиски с сыром,71,51,88.22423517772731,3. Специфичный (Атрибуты),82.26027397260273,4.214876033057851,85.2,1.05
состски,32,34,78.08573758483983,2. Выбор вкуса (Бренды),56.121212121212125,1.4718614718614718,67.1,1.05
лимонад черноголовка,41,43,82.70505481117706,2. Выбор вкуса (Бренды),66.29787234042553,2.670807453416149,74.5,1.05
мандарин,46,40,85.21996777610397,2. Выбор вкуса (Бренды),69.36170212765957,3.6036036036036037,77.3,1.04
бумага для выпечки,60,51,87.11073927810699,3. Специфичный (Атрибуты),78.27586206896552,10.0,82.7,1.04
подушечки,34,22,81.49620816986499,2. Выбор вкуса (Бренды),57.0625,3.6065573770491803,69.3,1.04
куриные бедра,41,36,83.06399951801755,2. Выбор вкуса (Бренды),66.04761904761904,1.8848167539267013,74.6,1.04
рыбный соус,31,13,83.54069609573278,2. Выбор вкуса (Бренды),49.42857142857143,2.5490196078431375,66.5,1.04
малиновое варенье,34,32,87.2254013179109,1. Рутина (База),52.42424242424242,5.245901639344263,69.8,1.03
гавайская смесь,38,36,87.28800024922587,1. Рутина (База),58.25,8.78048780487805,72.8,1.03
магнат,43,44,82.75879848286766,2. Выбор вкуса (Бренды),69.42222222222222,3.963963963963964,76.1,1.03
нан 2,32,20,84.35616190818882,1. Рутина (База),51.891891891891895,6.451612903225806,68.1,1.02
любятово печенье,42,37,83.23753530467525,2. Выбор вкуса (Бренды),68.23809523809524,3.6633663366336635,75.7,1.02
шейка свиная,32,18,82.54480136385347,2. Выбор вкуса (Бренды),53.64705882352941,2.535211267605634,68.1,1.02
вода шишкин лес,57,26,85.71688335152507,3. Специфичный (Атрибуты),78.59649122807018,2.5742574257425743,82.2,1.02
редис,75,48,91.97353838823616,1. Рутина (База),81.06666666666666,7.868852459016394,86.5,1.01
карпаччо мираторг,32,17,75.52041907997649,1. Рутина (База),61.666666666666664,15.454545454545453,68.6,1.01
микролакс,38,26,86.76717627415702,1. Рутина (База),60.68181818181819,8.387096774193548,73.7,1.0
кунжутное масло,39,29,86.93709285721802,1. Рутина (База),61.91489361702128,5.686274509803922,74.4,1.0
"минеральная вода газированная 1,5",41,22,83.09815040971384,3. Специфичный (Атрибуты),67.94871794871796,3.098591549295775,75.5,1.0
туалетная бумага 4 слоя,40,38,85.28802957875683,3. Специфичный (Атрибуты),65.0,3.7623762376237626,75.1,0.99
чак чак,32,8,89.28220352124015,2. Выбор вкуса (Бренды),48.9375,2.5806451612903225,69.1,0.99
облепиха,39,29,86.99794088062625,1. Рутина (База),62.22222222222222,4.754098360655738,74.6,0.99
ритер спортс,35,36,82.68345245813114,2. Выбор вкуса (Бренды),60.530612244897966,2.384105960264901,71.6,0.99
смесь для выпечки,33,18,79.42380277158159,3. Специфичный (Атрибуты),60.833333333333336,2.2222222222222223,70.1,0.99
стрепсилс,45,39,84.19117871562455,2. Выбор вкуса (Бренды),71.9047619047619,3.8613861386138617,78.0,0.99
сосиски окраина,40,30,88.20838910200528,1. Рутина (База),62.36842105263158,4.918032786885246,75.3,0.99
пастила белевская без сахара,41,45,84.53504956491716,3. Специфичный (Атрибуты),67.11538461538461,5.555555555555555,75.8,0.99
палочки ватные,33,31,87.1032160468884,1. Рутина (База),53.23529411764706,6.07843137254902,70.2,0.98
шпинат замороженный,30,22,86.18070392191991,1. Рутина (База),48.33333333333333,7.096774193548387,67.3,0.98
зубочистки,50,30,89.64307933629519,1. Рутина (База),71.25,14.285714285714285,80.4,0.98
мацони,51,52,89.32936375898466,1. Рутина (База),72.37288135593221,7.323943661971831,80.9,0.98
зеленая гречка,31,40,86.16631662575358,1. Рутина (База),50.85106382978723,5.633802816901409,68.5,0.98
сорбет,32,28,79.10909910877147,2. Выбор вкуса (Бренды),59.92307692307693,2.31404958677686,69.5,0.98
спагетти barilla,58,42,89.86296361537676,1. Рутина (База),76.55172413793103,10.24390243902439,83.2,0.97
грибы свежие,40,31,86.28442311237279,2. Выбор вкуса (Бренды),65.4090909090909,2.366412213740458,75.8,0.97
бальзамический уксус,33,17,85.69836545369753,2. Выбор вкуса (Бренды),55.24324324324325,4.146341463414634,70.5,0.97
кунжут семена,36,34,84.09204418605574,2. Выбор вкуса (Бренды),62.04,4.197530864197531,73.1,0.97
пельмени цезарь,46,25,88.07720262586811,1. Рутина (База),69.64285714285714,6.097560975609756,78.9,0.97
брокколи свежая,43,31,87.51556715647058,2. Выбор вкуса (Бренды),67.31818181818181,4.366197183098592,77.4,0.97
тряпка для пола,38,7,77.1274784735785,3. Специфичный (Атрибуты),71.94444444444444,3.333333333333333,74.5,0.97
choco pie,49,53,87.9850255039807,2. Выбор вкуса (Бренды),72.54545454545453,2.0306513409961684,80.3,0.97
брюссельская капуста,31,14,84.46351976650632,2. Выбор вкуса (Бренды),52.90909090909091,3.414634146341464,68.7,0.97
вино безалкогольное,32,23,81.26892466045523,2. Выбор вкуса (Бренды),57.9375,1.9008264462809918,69.6,0.97
баклажаны свежие,106,89,95.33749557746515,1. Рутина (База),86.57894736842105,12.535211267605634,91.0,0.96
смесь орехов,30,19,81.61333489547584,2. Выбор вкуса (Бренды),54.05882352941177,2.345679012345679,67.8,0.96
киндер пингви,62,49,91.13666331833087,1. Рутина (База),77.8688524590164,15.806451612903226,84.5,0.96
феликс для кошек влажный,35,9,71.72650598011944,3. Специфичный (Атрибуты),74.11764705882354,1.267605633802817,72.9,0.95
рычал су 1 л,57,50,85.39182752487015,3. Специфичный (Атрибуты),81.13207547169812,12.195121951219512,83.3,0.95
рулька,32,6,93.14630887583357,2. Выбор вкуса (Бренды),47.4375,2.857142857142857,70.3,0.95
fit parad,35,29,85.93282518469528,1. Рутина (База),60.3448275862069,5.686274509803922,73.1,0.94
twix,31,45,87.43167863328158,1. Рутина (База),52.10526315789473,6.338028169014085,69.8,0.94
принглс,37,29,86.83388644087296,2. Выбор вкуса (Бренды),62.808510638297875,4.084507042253521,74.8,0.93
томаты черри,39,36,83.95787025369238,2. Выбор вкуса (Бренды),68.55,2.9752066115702482,76.3,0.93
салями,30,19,81.68036275681494,2. Выбор вкуса (Бренды),56.57142857142857,2.345679012345679,69.1,0.93
ролтон,62,25,87.58725354162385,1. Рутина (База),82.45901639344262,8.064516129032258,85.0,0.93
подушечки для завтрака,39,36,85.17104221345646,3. Специфичный (Атрибуты),67.4390243902439,3.956043956043956,76.3,0.92
сок мультифрукт,31,13,85.1505354047636,1. Рутина (База),55.51724137931035,6.19047619047619,70.3,0.92
хлебцы ржаные,34,20,85.09877150748406,2. Выбор вкуса (Бренды),60.5625,3.9215686274509807,72.8,0.92
авокадо свежее,34,23,86.30064782946829,2. Выбор вкуса (Бренды),59.85365853658537,2.0720720720720722,73.1,0.92
икра мойвы,42,29,89.14567467594131,1. Рутина (База),67.17948717948718,5.686274509803922,78.2,0.92
газировка без сахара,30,9,76.57527199041829,3. Специфичный (Атрибуты),62.57575757575758,2.903225806451613,69.6,0.91
dr korner,36,45,81.38995959651525,2. Выбор вкуса (Бренды),68.23809523809524,3.435114503816794,74.8,0.91
платочки бумажные,30,17,83.18667993939815,1. Рутина (База),56.12903225806452,5.483870967741935,69.7,0.91
lipton,31,18,83.63285473903875,2. Выбор вкуса (Бренды),57.93103448275862,2.9508196721311477,70.8,0.91
сыр сулугуни,49,33,89.5006458478587,1. Рутина (База),73.39622641509433,4.647887323943662,81.4,0.91
мука рисовая,58,58,90.47869339243327,1. Рутина (База),78.2089552238806,11.372549019607844,84.3,0.91
ребра копченые,39,28,80.71557294002885,1. Рутина (База),72.55813953488372,9.032258064516128,76.6,0.91
ребрышки,32,20,84.95694036706519,2. Выбор вкуса (Бренды),58.27777777777778,2.8169014084507045,71.6,0.91
творог простоквашино,31,28,80.12087626183187,2. Выбор вкуса (Бренды),61.42857142857143,2.1374045801526718,70.8,0.91
гуляш,33,18,86.14481530266585,2. Выбор вкуса (Бренды),59.03030303030303,2.9508196721311477,72.6,0.9
доширак лапша быстрого приготовления,48,49,86.21867763120939,3. Специфичный (Атрибуты),76.21428571428572,6.901408450704226,81.2,0.9
кус кус,39,23,87.89171299136063,1. Рутина (База),65.78947368421052,4.509803921568627,76.8,0.9
ваниш,34,30,83.34330598296685,2. Выбор вкуса (Бренды),63.89473684210526,3.7037037037037037,73.6,0.9
яблоки сезонные,56,36,90.97157452269346,1. Рутина (База),77.03703703703704,5.901639344262295,84.0,0.9
nan 3,35,22,85.74391824121872,2. Выбор вкуса (Бренды),63.030303030303024,3.098591549295775,74.4,0.9
lavazza,30,17,82.70038193336569,2. Выбор вкуса (Бренды),57.03703703703704,2.7868852459016393,69.9,0.9
hdmi кабель,30,13,84.1310212079889,2. Выбор вкуса (Бренды),55.69230769230769,2.5490196078431375,69.9,0.9
мусорные пакеты 60 л,30,29,83.2996314213563,3. Специфичный (Атрибуты),57.25806451612903,4.084507042253521,70.3,0.89
дюшес,35,21,87.50949403595875,2. Выбор вкуса (Бренды),61.55555555555556,4.11764705882353,74.5,0.89
молоко село зеленое,42,28,85.3357532697366,3. Специфичный (Атрибуты),72.5,3.4567901234567904,78.9,0.89
милки вэй,31,25,86.30925105086385,1. Рутина (База),56.0,4.901960784313726,71.2,0.89
тыква свежая,36,16,86.81866513537211,1. Рутина (База),63.714285714285715,5.161290322580645,75.3,0.89
зубная нить,44,23,88.7117632360715,1. Рутина (База),71.36363636363636,7.419354838709677,80.0,0.88
энтеросгель,53,37,89.79817655757446,1. Рутина (База),77.14285714285714,9.02439024390244,83.5,0.88
гербер,31,30,79.8673101154399,2. Выбор вкуса (Бренды),63.40740740740741,2.290076335877863,71.6,0.88
переходник для розетки,36,28,77.16513329896435,3. Специфичный (Атрибуты),73.77049180327869,5.490196078431373,75.5,0.88
роллтон,51,29,89.2524453928868,1. Рутина (База),76.41509433962264,9.35483870967742,82.8,0.88
санта бремор,40,41,82.96881390373886,2. Выбор вкуса (Бренды),73.26315789473684,4.0594059405940595,78.1,0.88
теос,37,28,88.4699983928169,1. Рутина (База),64.32432432432432,4.59016393442623,76.4,0.87
умный пекарь,30,10,87.31764439051636,2. Выбор вкуса (Бренды),54.583333333333336,1.9607843137254903,71.0,0.87
гранола без сахара,40,13,79.74356225289644,3. Специфичный (Атрибуты),77.0,1.6049382716049383,78.4,0.87
ватрушка,34,21,85.15021545170582,2. Выбор вкуса (Бренды),63.53333333333333,2.9577464788732395,74.3,0.87
губка для обуви,34,20,81.05424150731535,3. Специфичный (Атрибуты),67.70833333333334,3.9215686274509807,74.4,0.87
вешалки для одежды,33,20,82.08662935534635,3. Специфичный (Атрибуты),65.78125,2.8169014084507045,73.9,0.86
пшено крупа,32,19,86.74882692886095,2. Выбор вкуса (Бренды),59.31428571428572,3.7254901960784315,73.0,0.86
кускус,49,37,90.01571816714038,1. Рутина (База),74.9090909090909,7.254901960784315,82.5,0.86
аленка,43,38,89.01938858728624,1. Рутина (База),71.11111111111111,9.26829268292683,80.1,0.86
тесто для пельменей,32,26,77.24084516927272,3. Специфичный (Атрибуты),69.4047619047619,3.6619718309859155,73.3,0.85
nutella,78,17,91.66269737360906,1. Рутина (База),86.53333333333333,8.095238095238095,89.1,0.85
граммидин,33,39,88.12234041436945,1. Рутина (База),60.294117647058826,7.647058823529412,74.2,0.85
краковская колбаса,36,27,87.01830059388925,2. Выбор вкуса (Бренды),65.85,3.802816901408451,76.4,0.85
горчица зернистая,44,31,89.06555634461857,1. Рутина (База),72.28070175438596,7.560975609756098,80.7,0.85
яблоко свежее,32,31,82.24348645979286,2. Выбор вкуса (Бренды),65.11764705882354,2.052980132450331,73.7,0.84
бальзам для губ,31,9,78.12431856932494,3. Специфичный (Атрибуты),67.41379310344827,1.4754098360655739,72.8,0.84
макароны макфа,45,52,85.02220654726703,2. Выбор вкуса (Бренды),77.84,3.4437086092715234,81.4,0.84
рис для суши,66,14,87.12391742756233,3. Специфичный (Атрибуты),87.46031746031746,6.666666666666666,87.3,0.84
молоко эконива,37,34,84.8513637397074,2. Выбор вкуса (Бренды),69.74358974358975,4.197530864197531,77.3,0.84
каперсы,50,33,90.14142093623853,1. Рутина (База),76.22641509433961,15.714285714285714,83.2,0.84
булгур крупа,33,19,88.21525536408532,2. Выбор вкуса (Бренды),61.23529411764706,2.676056338028169,74.7,0.83
чехол на айфон 11,38,6,78.23281854147523,3. Специфичный (Атрибуты),78.28571428571429,1.4634146341463417,78.3,0.83
крахмал кукурузный,44,39,89.80183293037602,1. Рутина (База),72.5531914893617,35.45454545454545,81.2,0.83
сыр камамбер,32,26,83.30833149934604,2. Выбор вкуса (Бренды),64.75,2.5742574257425743,74.0,0.83
мороженое магнат,35,31,83.53481539778684,2. Выбор вкуса (Бренды),69.69696969696969,3.0693069306930694,76.6,0.82
хлеб белый нарезной,49,48,87.81656741968924,3. Специфичный (Атрибуты),78.6,5.274725274725275,83.2,0.82
бомбочки для ванны,43,5,78.2383952993982,3. Специфичный (Атрибуты),83.84615384615384,1.6129032258064515,81.0,0.82
яйца с1,36,27,87.28222066149837,2. Выбор вкуса (Бренды),66.89473684210526,2.967032967032967,77.1,0.82
бри сыр,35,29,83.58869698487581,2. Выбор вкуса (Бренды),69.61290322580645,3.186813186813187,76.6,0.82
безалкогольное шампанское,30,19,84.27932875451663,2. Выбор вкуса (Бренды),60.86666666666666,2.345679012345679,72.6,0.82
актимуно,36,34,83.4294770863443,2. Выбор вкуса (Бренды),71.23529411764706,3.7362637362637363,77.3,0.82
халуми,33,19,89.53271528805031,2. Выбор вкуса (Бренды),60.78947368421053,3.7254901960784315,75.2,0.82
молоко простоквашино,32,32,88.16212688311963,1. Рутина (База),60.303030303030305,7.8048780487804885,74.2,0.82
сухари панировочные,63,39,91.92333251533788,1. Рутина (База),82.1875,18.57142857142857,87.1,0.82
аленка шоколад,48,45,90.00033837361251,1. Рутина (База),75.68627450980392,10.975609756097562,82.8,0.82
питахайя,30,13,92.52775410129678,2. Выбор вкуса (Бренды),53.589743589743584,4.193548387096774,73.1,0.81
персики консервированные,38,30,88.38823401063087,1. Рутина (База),68.71794871794872,9.67741935483871,78.6,0.81
грейпфрут,32,24,85.34401581968955,2. Выбор вкуса (Бренды),63.88235294117647,2.9629629629629632,74.6,0.81
пельмени мираторг,32,22,87.29738098488444,2. Выбор вкуса (Бренды),61.84210526315789,3.6065573770491803,74.6,0.81
зеленый горошек консервированный,34,34,85.36759700913606,3. Специфичный (Атрибуты),67.28571428571428,5.573770491803279,76.3,0.8
мочалка для тела,53,15,85.2791326200622,3. Специфичный (Атрибуты),84.61538461538461,2.9411764705882355,84.9,0.8
снуп,58,36,91.5297087014479,1. Рутина (База),81.05263157894737,11.612903225806452,86.3,0.8
варенье малиновое,31,21,85.93903925489812,2. Выбор вкуса (Бренды),62.18181818181818,4.11764705882353,74.1,0.8
перец свежий,33,26,85.01796670397756,2. Выбор вкуса (Бренды),67.15151515151516,4.262295081967213,76.1,0.79
ершики для унитаза,49,21,85.87430557497495,3. Специфичный (Атрибуты),81.95652173913044,5.121951219512195,83.9,0.79
хлеб нарезной,31,29,82.21326624623164,2. Выбор вкуса (Бренды),66.86666666666667,2.396694214876033,74.5,0.79
балык,31,22,85.82687485445271,2. Выбор вкуса (Бренды),63.212121212121204,4.313725490196079,74.5,0.79
корица молотая,41,5,84.65448479981161,1. Рутина (База),77.38095238095238,4.545454545454545,81.0,0.78
аджика,48,22,89.55949939343691,1. Рутина (База),77.77777777777777,5.365853658536586,83.7,0.78
открытка с днем рождения,35,3,75.03661107626091,3. Специфичный (Атрибуты),80.28571428571428,1.4285714285714286,77.7,0.78
пита,77,43,94.2287689590469,1. Рутина (База),85.63380281690141,7.049180327868853,89.9,0.78
adrenaline rush,32,18,86.81757253244474,2. Выбор вкуса (Бренды),64.34482758620689,4.390243902439025,75.6,0.78
вода 19 л,42,23,82.71574520905791,3. Специфичный (Атрибуты),80.25641025641025,10.952380952380953,81.5,0.78
топленое молоко,32,27,84.82688453057217,2. Выбор вкуса (Бренды),66.70588235294117,2.967032967032967,75.8,0.78
almette,30,22,84.92703466638791,2. Выбор вкуса (Бренды),64.0,2.7160493827160495,74.5,0.77
сочник,31,15,89.2919877246954,2. Выбор вкуса (Бренды),61.13333333333333,1.6483516483516485,75.2,0.77
чука,73,46,93.67321939759002,1. Рутина (База),85.28571428571428,14.838709677419354,89.5,0.77
ролик для чистки одежды,37,8,73.22348559338451,3. Специфичный (Атрибуты),85.94594594594595,7.2727272727272725,79.6,0.76
nan 2,30,18,87.5327292889073,2. Выбор вкуса (Бренды),61.61290322580645,4.390243902439025,74.6,0.76
чай тесс,30,31,82.31655222440213,2. Выбор вкуса (Бренды),67.03030303030303,2.366412213740458,74.7,0.76
кабачковая икра,52,35,91.57945376777538,1. Рутина (База),79.6078431372549,11.29032258064516,85.6,0.75
для стекол и зеркал средство,33,17,83.02998133999033,3. Специфичный (Атрибуты),71.36363636363636,3.3333333333333335,77.2,0.75
ржаной край,30,22,87.92767783323175,1. Рутина (База),63.0,5.365853658536586,75.5,0.74
мидии в створках,36,6,78.29895546635191,3. Специфичный (Атрибуты),80.60606060606061,1.4634146341463417,79.5,0.74
альметте,34,28,85.37808377196036,2. Выбор вкуса (Бренды),70.9375,3.076923076923077,78.2,0.74
грейпфрут свежий,54,50,91.86149223453637,1. Рутина (База),80.66666666666667,12.195121951219512,86.3,0.74
перловка крупа,35,29,88.99270033305098,1. Рутина (База),69.21052631578948,9.35483870967742,79.1,0.73
тряпки для кухни,38,7,81.705215158998,3. Специфичный (Атрибуты),79.6875,3.333333333333333,80.7,0.73
domestos,42,49,84.60476898030214,2. Выбор вкуса (Бренды),80.65116279069767,4.049586776859504,82.6,0.73
семушка орехи,36,49,83.04333840981374,2. Выбор вкуса (Бренды),76.95238095238096,2.8654970760233915,80.0,0.72
ягодное лукошко,34,38,89.18749760177633,1. Рутина (База),68.75,12.258064516129032,79.0,0.72
пергамент для выпечки,76,54,90.86442246043273,3. Специфичный (Атрибуты),90.26315789473685,25.71428571428571,90.6,0.72
лаваш тонкий,31,13,87.14705062052977,1. Рутина (База),66.33333333333334,6.19047619047619,76.7,0.72
кукурузный крахмал,40,47,89.64369912504634,1. Рутина (База),74.79166666666666,42.72727272727273,82.2,0.71
салфетки бумажные в коробке,41,22,86.29947403121399,3. Специфичный (Атрибуты),79.0,4.313725490196079,82.6,0.71
попкорн для микроволновой печи,60,55,89.97632549099745,3. Специфичный (Атрибуты),86.37096774193549,17.741935483870968,88.2,0.71
уголь для мангала,40,14,85.05101938820584,3. Специфичный (Атрибуты),79.45945945945945,3.414634146341464,82.3,0.71
сулугуни сыр,35,25,88.84387348409963,2. Выбор вкуса (Бренды),70.70588235294117,4.0983606557377055,79.8,0.71
геркулес традиционный,40,33,90.04853366828365,1. Рутина (База),75.0,10.64516129032258,82.5,0.7
победа без сахара,34,25,85.3303817103967,3. Специфичный (Атрибуты),73.47222222222223,3.5211267605633805,79.4,0.7
приправа для плова,58,34,88.99779887950392,3. Специфичный (Атрибуты),86.72727272727272,10.96774193548387,87.9,0.7
сахар тростниковый,53,37,91.44836273475012,1. Рутина (База),82.37288135593221,17.619047619047617,86.9,0.69
колготки женские 20den,39,14,83.47905514038968,3. Специфичный (Атрибуты),81.1842105263158,1.5384615384615385,82.3,0.69
нурофен экспресс,30,29,86.05667685309581,2. Выбор вкуса (Бренды),68.10526315789474,3.186813186813187,77.1,0.69
помело свежий,33,25,89.15304513280317,1. Рутина (База),69.0909090909091,4.901960784313726,79.1,0.69
нан 4,31,21,88.74794974062316,1. Рутина (База),67.64705882352942,6.774193548387097,78.2,0.68
брынза сербская,46,38,91.46858949183361,1. Рутина (База),78.75,12.258064516129032,85.1,0.68
черноголовка лимонад,32,33,81.56369308075746,2. Выбор вкуса (Бренды),76.11764705882354,2.0496894409937885,78.8,0.68
полисорб,36,18,87.47404422325071,1. Рутина (База),75.14285714285714,5.806451612903226,81.3,0.67
тема биолакт,39,28,90.40686758789023,1. Рутина (База),75.38461538461539,6.829268292682928,82.9,0.67
масло черного тмина,33,0,70.84783668537699,3. Специфичный (Атрибуты),88.33333333333333,0.0,79.6,0.67
лайм свежий,33,21,89.14363426258731,1. Рутина (База),70.28571428571428,5.121951219512195,79.7,0.67
редис свежий,47,36,91.96993515463873,1. Рутина (База),79.42307692307693,11.612903225806452,85.7,0.67
свекла отварная,32,20,88.59073603047923,2. Выбор вкуса (Бренды),70.22222222222223,3.278688524590164,79.4,0.66
груша свежая,35,35,86.66572148506103,2. Выбор вкуса (Бренды),75.63157894736842,3.4653465346534653,81.1,0.66
паприка копченая молотая,32,15,84.40443288512942,3. Специфичный (Атрибуты),74.5,4.838709677419355,79.5,0.66
удон,48,21,91.77267324229189,1. Рутина (База),80.9090909090909,10.0,86.3,0.66
тесто слоеное дрожжевое,50,34,88.90572068206374,3. Специфичный (Атрибуты),85.18867924528303,6.666666666666667,87.0,0.65
томатная паста помидорка,38,30,87.69106851924896,3. Специфичный (Атрибуты),78.28947368421052,7.317073170731708,83.0,0.65
мармелад без сахара,33,13,82.30336028668991,3. Специфичный (Атрибуты),79.13043478260869,2.5490196078431375,80.7,0.64
чан рамен,31,19,88.90493689822524,1. Рутина (База),69.6875,6.129032258064516,79.3,0.64
разрыхлитель для теста,80,79,92.38430202118626,3. Специфичный (Атрибуты),91.62650602409639,12.950819672131148,92.0,0.64
кисло сладкий соус,55,41,90.09182762118122,3. Специфичный (Атрибуты),86.9090909090909,10.0,88.5,0.63
розмарин свежий,48,36,92.00920634663059,1. Рутина (База),82.26415094339623,5.901639344262295,87.1,0.62
називин,31,27,85.71761706802523,2. Выбор вкуса (Бренды),74.4,4.426229508196721,80.1,0.62
тампоны kotex,40,23,90.73429533521274,1. Рутина (База),78.0701754385965,5.609756097560976,84.4,0.62
морковка свежая,34,36,85.77080091655098,2. Выбор вкуса (Бренды),78.17142857142856,2.7480916030534353,82.0,0.61
соус для бургеров,48,37,89.12708637361176,3. Специфичный (Атрибуты),85.58823529411765,9.02439024390244,87.4,0.61
манго сушеный без сахара,54,23,86.80287036262634,3. Специфичный (Атрибуты),90.57692307692308,7.419354838709677,88.7,0.61
мука цельнозерновая,33,25,88.4626759140963,1. Рутина (База),75.71428571428572,4.901960784313726,82.1,0.59
вода 19 литров,49,19,89.01225451745489,3. Специфичный (Атрибуты),86.74418604651163,9.047619047619047,87.9,0.59
хлеб тостовый белый,31,28,86.69245119421778,3. Специфичный (Атрибуты),75.0,3.4567901234567904,80.8,0.59
лаваш бездрожжевой,40,24,91.33518918228813,1. Рутина (База),79.75,4.705882352941177,85.5,0.58
слоеное тесто бездрожжевое,33,22,86.07903992436886,3. Специфичный (Атрибуты),78.71428571428572,5.365853658536586,82.4,0.58
сало белорусское,37,21,90.41586348668396,1. Рутина (База),78.23529411764706,6.774193548387097,84.3,0.58
резинки для волос,50,5,85.82181955202991,3. Специфичный (Атрибуты),90.84905660377359,4.545454545454545,88.3,0.58
pi pi bent,52,2,81.85843658576142,3. Специфичный (Атрибуты),96.1,1.8181818181818181,89.0,0.57
конверт для денег,40,12,85.43315558567575,3. Специфичный (Атрибуты),85.8974358974359,3.8709677419354835,85.7,0.57
средство для стекол,32,18,86.03818103678482,3. Специфичный (Атрибуты),78.38709677419355,2.9508196721311477,82.2,0.57
беруши,34,14,88.4450517232692,1. Рутина (База),77.93103448275862,4.516129032258064,83.2,0.57
перец черный молотый,37,8,83.71105789668498,3. Специфичный (Атрибуты),85.48780487804878,1.5686274509803924,84.6,0.57
аспиратор назальный детский,31,13,83.9420723187495,3. Специфичный (Атрибуты),79.83870967741936,2.1311475409836067,81.9,0.56
яйца куриные с1,42,23,88.58124056818222,3. Специфичный (Атрибуты),84.8,2.8395061728395063,86.7,0.56
рис жасмин,57,19,94.56172634117527,1. Рутина (База),85.9322033898305,9.047619047619047,90.2,0.56
сок 2 литра,36,21,87.97450512627901,3. Специфичный (Атрибуты),80.88235294117646,5.121951219512195,84.4,0.56
барни медвежонок,34,20,90.54725270193711,1. Рутина (База),76.38888888888889,6.451612903225806,83.5,0.56
паста том ям,63,45,90.99827928700648,3. Специфичный (Атрибуты),91.51162790697674,14.516129032258064,91.3,0.55
сода,94,84,98.27949128751906,1. Рутина (База),90.10752688172043,27.096774193548388,94.2,0.55
помидоры в собственном соку,32,19,86.7174570266284,3. Специфичный (Атрибуты),78.70967741935485,4.634146341463415,82.7,0.55
шрирача,36,39,89.88079536096272,1. Рутина (База),79.57446808510639,9.51219512195122,84.7,0.55
красный лук,52,46,94.13266395721132,1. Рутина (База),84.71698113207547,9.019607843137255,89.4,0.55
скитлс,31,30,90.00062954538127,1. Рутина (База),74.84848484848484,9.67741935483871,82.4,0.54
редька,30,20,91.95824520356209,2. Выбор вкуса (Бренды),72.0,3.278688524590164,82.0,0.54
гель для бровей,30,18,85.88557585327447,3. Специфичный (Атрибуты),78.38709677419355,3.5294117647058827,82.1,0.54
шпажки для канапе,30,10,83.70956839014532,3. Специфичный (Атрибуты),81.0344827586207,4.761904761904762,82.4,0.53
добрый кола без сахара,36,21,88.19701459227205,3. Специфичный (Атрибуты),82.5,6.774193548387097,85.3,0.53
кокосовое молоко aroy-d,33,32,87.11960545745812,3. Специфичный (Атрибуты),80.47619047619048,6.274509803921569,83.8,0.53
дрожжи сухие для выпечки,45,33,89.89638557989946,3. Специфичный (Атрибуты),86.62790697674419,15.714285714285714,88.3,0.53
желатин пищевой,39,24,91.79004231934216,1. Рутина (База),81.56862745098039,5.853658536585367,86.7,0.52
пельмени детские,35,7,88.64674132959367,1. Рутина (База),82.85714285714286,6.363636363636363,85.8,0.5
псиллиум,64,17,93.95144688269987,1. Рутина (База),90.53571428571429,8.095238095238095,92.2,0.5
виноград без косточек,38,21,88.55813965714991,3. Специфичный (Атрибуты),85.85365853658537,5.121951219512195,87.2,0.49
teos йогурт греческий,30,17,87.47997833725209,3. Специфичный (Атрибуты),80.0,5.483870967741935,83.7,0.49
вишня замороженная без косточки,37,30,89.1383886619136,3. Специфичный (Атрибуты),84.61538461538461,9.67741935483871,86.9,0.49
мука макфа,45,25,93.96834889059879,1. Рутина (База),84.46808510638297,8.064516129032258,89.2,0.49
горох колотый,32,29,91.05622362008504,1. Рутина (База),78.80952380952381,9.35483870967742,84.9,0.48
кордон блю,33,27,91.23119799533069,1. Рутина (База),80.55555555555556,6.585365853658537,85.9,0.47
полотенца в рулоне тканевые,45,28,90.61835365476507,3. Специфичный (Атрибуты),88.6046511627907,9.032258064516128,89.6,0.47
печенье любятово,30,40,84.95889397683317,2. Выбор вкуса (Бренды),84.48484848484848,4.395604395604396,84.7,0.46
устричный соус,34,23,90.59934324530407,1. Рутина (База),82.5,10.952380952380953,86.5,0.46
дрожжи сухие,31,24,91.30824104566449,1. Рутина (База),78.82352941176471,7.741935483870967,85.1,0.46
бекон для жарки,33,23,88.48439310957737,3. Специфичный (Атрибуты),83.52941176470588,3.7704918032786887,86.0,0.46
моцарелла для пиццы,39,19,89.2055252910481,3. Специфичный (Атрибуты),87.43589743589743,4.634146341463415,88.3,0.46
сода пищевая,75,75,97.868310086848,1. Рутина (База),90.0,68.18181818181817,93.9,0.45
зелень свежая ассорти,55,34,92.62070268949863,3. Специфичный (Атрибуты),90.96491228070175,5.573770491803279,91.8,0.45
корейская морковь,34,24,92.06100857816296,1. Рутина (База),81.76470588235294,4.705882352941177,86.9,0.44
чевапчичи,30,19,91.20151848881311,1. Рутина (База),80.33333333333334,4.634146341463415,85.8,0.43
какао порошок натуральный,36,29,88.10226047295426,3. Специфичный (Атрибуты),87.94871794871796,7.073170731707318,88.0,0.43
печенье мария,30,16,91.72996153016481,1. Рутина (База),80.35714285714286,7.619047619047619,86.0,0.42
оливье,32,10,90.94627154378797,1. Рутина (База),82.58064516129032,4.761904761904762,86.8,0.42
вермишель паутинка,36,21,92.90823791008947,1. Рутина (База),83.61111111111111,6.774193548387097,88.3,0.42
том ям паста,47,27,91.32032540458135,3. Специфичный (Атрибуты),90.80645161290323,12.857142857142856,91.1,0.42
рот фронт батончик,32,32,89.43197943319619,3. Специфичный (Атрибуты),85.75757575757575,10.32258064516129,87.6,0.4
пемолюкс,58,35,97.13842748217554,1. Рутина (База),89.82142857142857,31.818181818181817,93.5,0.38
шпроты в масле,42,25,91.92748870403179,3. Специфичный (Атрибуты),90.1219512195122,11.904761904761905,91.0,0.38
бумажные полотенца zewa,31,50,89.79366593683767,3. Специфичный (Атрибуты),85.4225352112676,12.195121951219512,87.6,0.38
лук зеленый свежий,47,37,93.2108704427262,3. Специфичный (Атрибуты),91.14583333333333,7.254901960784315,92.2,0.37
мандарины сладкие,44,32,95.35875291630428,1. Рутина (База),87.67857142857143,10.32258064516129,91.5,0.37
"молоко пармалат 3,5%",30,26,88.85113953417643,3. Специфичный (Атрибуты),86.42857142857143,8.387096774193548,87.6,0.37
синупрет,40,5,90.42915510482781,1. Рутина (База),91.66666666666667,4.545454545454545,91.0,0.36
тартар,33,12,93.54292521623336,1. Рутина (База),84.82758620689656,10.909090909090908,89.2,0.36
китайская капуста,30,22,93.08532246220562,1. Рутина (База),83.75,7.096774193548387,88.4,0.35
вареники с вишней,31,29,89.81536752666824,3. Специфичный (Атрибуты),87.36111111111111,3.186813186813187,88.6,0.35
савоярди,41,13,90.61633891290384,1. Рутина (База),92.97297297297297,11.818181818181817,91.8,0.34
молочный ломтик,39,32,95.69521299314525,1. Рутина (База),87.85714285714286,15.238095238095237,91.8,0.32
творожная масса с изюмом,31,30,91.13089488008097,3. Специфичный (Атрибуты),89.375,7.317073170731708,90.3,0.3
псиллиум шелуха подорожника,30,12,88.44120543968927,3. Специфичный (Атрибуты),92.72727272727272,10.909090909090908,90.6,0.28
романо,31,11,94.56461358488862,1. Рутина (База),87.09677419354838,5.238095238095238,90.8,0.28
шейкер,31,5,93.31373825812534,1. Рутина (База),90.66666666666667,4.545454545454545,92.0,0.25
маргарин,40,19,95.58810090709096,1. Рутина (База),91.7948717948718,9.047619047619047,93.7,0.25
имбирь маринованный,33,24,95.83223043890297,1. Рутина (База),89.11764705882354,4.705882352941177,92.5,0.25
булочки для хот догов,44,29,94.18612270485632,3. Специфичный (Атрибуты),94.50980392156863,26.36363636363636,94.3,0.25
икра минтая,32,18,96.18870219235147,1. Рутина (База),88.88888888888889,16.363636363636363,92.5,0.24
нутелла паста шоколадная,31,15,92.67131796090445,3. Специфичный (Атрибуты),91.71875,7.142857142857142,92.2,0.24
скумбрия холодного копчения,50,23,96.11159622755684,3. Специфичный (Атрибуты),94.9,10.952380952380953,95.5,0.22
геркулес монастырский,30,26,95.55858022571996,1. Рутина (База),91.08108108108108,6.341463414634147,93.3,0.2
сухарики для салата,32,10,97.01001663548375,3. Специфичный (Атрибуты),94.54545454545455,9.09090909090909,95.8,0.14
