search_query,word_count,n_searches,n_views,n_carts,u_searchers,u_viewers,i_unique_viewed,i_unique_carts,smooth_penetration,smooth_cart_per_view,smooth_views_per_user,smooth_cart_per_item,smooth_diversity,score_text,score_rank,score_ner,score_spam,score_div,TOTAL_QUALITY_SCORE
сода,1,94,98,84,88,88,1,3,0.9888888888888889,0.7870370370370371,1.1348314606741574,14.166666666666666,1.3333333333333333,1.0,0.9999998541578173,0.9139747102181353,1.0,1.0,98.3
сода пищевая,2,75,99,75,75,86,1,1,1.12987012987013,0.6972477064220184,1.1724137931034482,12.666666666666666,0.6666666666666666,1.0,0.9999991214158349,0.8934163829265647,1.0,1.0,97.9
пемолюкс,1,58,63,35,53,52,1,1,0.9636363636363636,0.4931506849315068,1.2452830188679245,6.0,0.6666666666666666,1.0,0.9999479347958344,0.8569734393129423,1.0,1.0,97.1
сухарики для салата,3,32,39,10,29,33,1,1,1.096774193548387,0.22448979591836735,1.2352941176470589,1.8333333333333333,0.6666666666666666,1.0,0.9887770660294208,0.8617237766575243,0.9999999890872426,1.0,97.0
икра минтая,2,32,47,18,32,36,1,1,1.088235294117647,0.3333333333333333,1.3513513513513513,3.1666666666666665,0.6666666666666666,1.0,0.9987273661986602,0.810707743418931,0.9999999999999823,1.0,96.2
скумбрия холодного копчения,3,50,65,23,49,49,2,2,0.9803921568627451,0.32,1.36,3.4285714285714284,0.75,1.0,0.998338442726826,0.8072413686510175,0.9999999999999987,1.0,96.1
имбирь маринованный,2,33,46,24,32,34,4,5,1.0294117647058822,0.44642857142857145,1.4,2.7777777777777777,1.0,1.0,0.9998674527574544,0.7917440691885577,0.9999999999991365,1.0,95.8
молочный ломтик,2,39,58,32,38,42,2,2,1.075,0.4852941176470588,1.4186046511627908,4.714285714285714,0.75,1.0,0.999939075937902,0.7848215737193605,1.0,1.0,95.7
геркулес монастырский,2,30,43,26,29,31,4,4,1.032258064516129,0.5094339622641509,1.4375,3.0,0.8333333333333334,1.0,0.9999624064943772,0.7779666047917149,0.9999999999999064,1.0,95.6
маргарин,1,40,37,19,37,29,2,2,0.7692307692307693,0.425531914893617,1.3333333333333333,2.857142857142857,0.75,0.9615384615384616,0.9997986847152248,0.8180678991012519,0.9999999999996095,1.0,95.6
мандарины сладкие,2,44,79,32,41,55,10,3,1.302325581395349,0.3707865168539326,1.4642857142857142,2.2,0.3333333333333333,1.0,0.999398287220563,0.7685393588735973,0.9999999997210532,1.0,95.4
мука пшеничная 2кг,3,280,432,144,271,296,13,10,1.0879120879120878,0.32805429864253394,1.4646464646464648,8.055555555555555,0.7333333333333333,1.0,0.9985856510684932,0.7684146434364626,1.0,1.0,95.3
баклажаны свежие,2,106,163,89,104,112,29,7,1.0660377358490567,0.5202312138728323,1.4690265486725664,2.6470588235294117,0.25806451612903225,1.0,0.9999697079203544,0.7669050709560943,0.9999999999968087,1.0,95.3
романо,1,31,45,11,30,30,5,2,0.96875,0.21818181818181817,1.5483870967741935,1.2,0.42857142857142855,1.0,0.9872679948317501,0.7409688286250339,0.9999938557876467,1.0,94.6
рис жасмин,2,57,89,19,57,59,13,2,1.0169491525423728,0.20202020202020202,1.5333333333333334,1.1111111111111112,0.2,1.0,0.9824096362380531,0.7456916261592353,0.9999850546614752,1.0,94.6
пита,1,77,109,43,67,67,8,6,0.9855072463768116,0.3697478991596639,1.6470588235294117,3.3846153846153846,0.7,1.0,0.9993856575094875,0.7120527904428595,0.999999999999998,1.0,94.2
булочки для хот догов,4,44,78,29,43,48,6,1,1.0888888888888888,0.3409090909090909,1.653061224489796,2.727272727272727,0.25,1.0,0.9989062923249975,0.7103998429192495,0.9999999999985691,1.0,94.2
красный лук,2,52,87,46,52,53,5,5,1.0,0.4845360824742268,1.6666666666666667,4.7,0.8571428571428571,1.0,0.9999381452491413,0.7066950526114236,1.0,1.0,94.1
свр,1,163,161,13,149,140,1,3,0.9337748344370861,0.08187134502923976,1.1631205673758864,2.3333333333333335,1.3333333333333333,1.0,0.805520185069127,0.8983805145594546,0.9999999999264704,1.0,94.1
мука макфа,2,45,78,25,42,47,2,3,1.0909090909090908,0.29545454545454547,1.6875,3.7142857142857144,1.0,1.0,0.9972853463670922,0.7011320981628467,0.9999999999999999,1.0,94.0
псиллиум,1,64,73,17,55,45,2,2,0.8070175438596491,0.21686746987951808,1.6521739130434783,2.5714285714285716,0.75,1.0,0.986928871307681,0.7106434728341117,0.9999999999932013,1.0,94.0
чука,1,73,118,46,67,68,2,3,1.0,0.3671875,1.7536231884057971,6.714285714285714,1.0,1.0,0.9993533788605721,0.6843075910189294,1.0,1.0,93.7
тартар,1,33,49,12,29,29,3,1,0.967741935483871,0.22033898305084745,1.7333333333333334,1.625,0.4,1.0,0.9878056147796076,0.6893407336745431,0.9999999123575178,1.0,93.5
шейкер,1,31,37,5,29,25,3,1,0.8387096774193549,0.1276595744680851,1.5384615384615385,0.75,0.4,1.0,0.9221671335734546,0.7440728637029609,0.9994469156298522,1.0,93.3
нутелла,1,149,234,53,138,130,2,5,0.9357142857142857,0.22131147540983606,1.8091603053435115,7.714285714285714,1.5,1.0,0.9880405020431979,0.6710783561271378,1.0,1.0,93.2
лук зеленый свежий,3,47,86,37,47,47,9,5,0.9795918367346939,0.3958333333333333,1.8541666666666667,2.7142857142857144,0.5454545454545454,1.0,0.9996353843112697,0.66090813782667,0.9999999999983706,1.0,93.2
хурма,1,111,185,38,103,105,5,4,1.0095238095238095,0.2,1.7735849056603774,3.9,0.7142857142857143,1.0,0.9816843611112658,0.679462351371191,1.0,1.0,93.2
рулька,1,32,43,6,30,28,5,2,0.90625,0.1320754716981132,1.5862068965517242,0.7,0.42857142857142855,1.0,0.928746364313927,0.7294809614433062,0.9990881180344455,1.0,93.1
квас,1,231,340,88,199,184,5,9,0.9203980099502488,0.2542857142857143,1.854054054054054,8.9,1.4285714285714286,1.0,0.9938155319649081,0.6609330028773631,1.0,1.0,93.1
китайская капуста,2,30,59,22,30,32,11,3,1.03125,0.3333333333333333,1.878787878787879,1.4375,0.3076923076923077,1.0,0.9987273661986602,0.6555393284123943,0.9999994284992264,1.0,93.1
панчо,1,46,51,5,42,37,1,2,0.8636363636363636,0.09836065573770492,1.4210526315789473,1.0,1.0,1.0,0.8601539514646518,0.7839236434783561,0.9999546000702375,1.0,92.9
вермишель паутинка,2,36,64,21,34,34,8,3,0.9722222222222222,0.2972972972972973,1.9142857142857144,1.6923076923076923,0.4,1.0,0.9973835738203505,0.6480283663937532,0.99999995529037,1.0,92.9
нутелла паста шоколадная,3,31,59,15,31,31,9,2,0.9696969696969697,0.2318840579710145,1.9375,1.1428571428571428,0.2727272727272727,1.0,0.9903198817263913,0.6432568964590529,0.999989119859778,1.0,92.7
лук красный,2,110,209,101,106,106,32,8,0.9907407407407407,0.4657534246575342,1.9813084112149533,2.7567567567567566,0.2647058823529412,1.0,0.9999099430664962,0.6345396583718581,0.9999999999989345,1.0,92.7
зелень свежая ассорти,3,55,112,34,49,57,6,6,1.1372549019607843,0.28688524590163933,1.9827586206896552,3.1818181818181817,0.875,1.0,0.9967778450947775,0.6342572893801689,0.9999999999999848,1.0,92.6
питахайя,1,30,67,13,30,36,3,3,1.15625,0.18181818181818182,1.8918918918918919,1.75,0.8,1.0,0.9736520191855513,0.652735710989279,0.9999999748900085,1.0,92.5
разрыхлитель для теста,3,80,162,79,78,79,2,6,1.0,0.46511627906976744,2.0625,11.428571428571429,1.75,1.0,0.999908788135979,0.6193063129233334,1.0,1.0,92.4
рычал су,2,106,247,101,106,117,3,3,1.0925925925925926,0.3968871595330739,2.1186440677966103,12.75,0.8,1.0,0.9996429887237902,0.6094146370791782,1.0,1.0,92.2
кабачки свежие,2,160,332,90,156,157,20,4,1.0,0.26608187134502925,2.1202531645569622,3.64,0.22727272727272727,1.0,0.9951152512457622,0.6091383836228884,0.9999999999999999,1.0,92.1
корейская морковь,2,34,72,24,34,34,7,5,0.9722222222222222,0.3048780487804878,2.142857142857143,2.0833333333333335,0.6666666666666666,1.0,0.9977516551947846,0.6052987746091374,0.9999999991042263,1.0,92.1
сыр косичка,2,92,186,31,91,96,5,6,1.043010752688172,0.16326530612244897,1.9484536082474226,3.2,1.0,1.0,0.9618147560660784,0.6410426966276553,0.9999999999999873,1.0,92.1
редис,1,75,151,48,71,70,7,6,0.9726027397260274,0.30434782608695654,2.1690140845070425,4.083333333333333,0.7777777777777778,1.0,0.9977276858597799,0.6009492335520279,1.0,1.0,92.0
розмарин свежий,2,48,103,36,46,48,25,6,1.0208333333333333,0.3274336283185841,2.163265306122449,1.2333333333333334,0.25925925925925924,1.0,0.9985679847576078,0.6018967350944511,0.99999559747947,1.0,92.0
редька,1,30,60,20,28,28,8,6,0.9666666666666667,0.3,2.1724137931034484,1.6153846153846154,0.7,1.0,0.9975212478233336,0.60039110884287,0.9999999035119002,1.0,92.0
редис свежий,2,47,112,36,47,52,16,3,1.0816326530612246,0.30327868852459017,2.169811320754717,1.7619047619047619,0.2222222222222222,1.0,0.9976785743332109,0.6008182056905109,0.9999999777082151,1.0,92.0
грейпфрут свежий,2,54,132,50,54,60,13,4,1.0892857142857142,0.3591549295774648,2.2131147540983607,2.8333333333333335,0.3333333333333333,1.0,0.9992406886026728,0.5938339231246407,0.9999999999995045,1.0,91.9
сухари панировочные,2,63,134,39,60,62,2,2,1.0161290322580645,0.2777777777777778,2.1746031746031744,5.714285714285714,0.75,1.0,0.9961340798605272,0.6000325459063667,1.0,1.0,91.9
чеснок,1,460,952,255,427,437,48,9,1.020979020979021,0.2661122661122661,2.180365296803653,4.830188679245283,0.2,1.0,0.9951182197594258,0.5990920820603481,1.0,1.0,91.9
шпроты в масле,3,42,88,25,40,41,2,2,1.0,0.2653061224489796,2.1666666666666665,3.7142857142857144,0.75,1.0,0.99503887350934,0.601335561692249,0.9999999999999999,1.0,91.9
киви свежий,2,73,165,55,70,74,9,10,1.0416666666666667,0.32,2.24,4.0,1.0,1.0,0.998338442726826,0.589624792419688,1.0,1.0,91.8
удон,1,48,94,21,43,44,2,2,1.0,0.21153846153846154,2.1555555555555554,3.142857142857143,0.75,1.0,0.9854587992938223,0.6031748628207944,0.9999999999999776,1.0,91.8
желатин пищевой,2,39,105,24,38,49,2,4,1.25,0.21739130434782608,2.16,3.5714285714285716,1.25,1.0,0.9870650986110502,0.6024370173560577,0.9999999999999997,1.0,91.8
печенье мария,2,30,61,16,24,28,2,2,1.1153846153846154,0.23943661971830985,2.206896551724138,2.4285714285714284,0.75,1.0,0.9916769990191179,0.5948210775174916,0.9999999999716307,1.0,91.7
сахарный песок 1 кг,4,303,722,252,298,317,2,10,1.06,0.34562841530054644,2.279874213836478,36.142857142857146,2.75,1.0,0.9990048014629743,0.5835529724284727,1.0,1.0,91.7
щавель,1,70,137,22,63,69,4,5,1.0769230769230769,0.1564625850340136,2.0,2.5555555555555554,1.0,1.0,0.95624947650632,0.6309297535714574,0.9999999999920317,1.0,91.7
ламбер,1,119,126,6,113,118,4,5,1.0347826086956522,0.051470588235294115,1.084033613445378,0.7777777777777778,1.0,1.0,0.6427829735583772,0.9439496417568032,0.9995810578765516,1.0,91.7
икра кабачковая,2,76,164,46,72,74,3,4,1.0135135135135136,0.27011494252873564,2.2266666666666666,5.875,1.0,1.0,0.9954937900768037,0.5917003796769951,1.0,1.0,91.7
nutella,1,78,116,17,71,60,2,2,0.8356164383561644,0.14285714285714285,1.9508196721311475,2.5714285714285716,0.75,1.0,0.9425673807323827,0.6405674879548684,0.9999999999932013,1.0,91.7
кабачковая икра,2,52,116,35,51,51,3,3,0.9811320754716981,0.2857142857142857,2.2884615384615383,4.5,0.8,1.0,0.996701494244061,0.5822711941447075,1.0,1.0,91.6
чебупицца,1,112,245,62,106,108,2,4,1.0092592592592593,0.24705882352941178,2.2752293577981653,9.0,1.25,1.0,0.992853813852903,0.5842500423534059,1.0,1.0,91.5
брынза сербская,2,46,107,38,43,46,7,3,1.0444444444444445,0.3333333333333333,2.3404255319148937,3.25,0.4444444444444444,1.0,0.9987273661986602,0.5747021083930277,0.9999999999999923,1.0,91.5
снуп,1,58,117,36,53,51,3,3,0.9454545454545454,0.29133858267716534,2.3076923076923075,4.625,0.8,1.0,0.9970524225622349,0.5794330125101597,1.0,1.0,91.5
купаты,1,72,150,27,66,69,5,6,1.0294117647058822,0.175,2.1857142857142855,2.8,1.0,1.0,0.9698026165776815,0.5982231994570931,0.9999999999993086,1.0,91.4
сахар тростниковый,2,53,123,37,52,53,2,2,1.0,0.2857142857142857,2.3333333333333335,5.428571428571429,0.75,1.0,0.996701494244061,0.5757166424934449,1.0,1.0,91.4
цикорий,1,113,252,69,105,108,2,5,1.0186915887850467,0.26717557251908397,2.3394495412844036,10.0,1.5,1.0,0.9952209402190939,0.5748413832310193,1.0,1.0,91.4
лаваш бездрожжевой,2,40,93,24,40,40,12,5,0.9761904761904762,0.24271844660194175,2.341463414634146,1.4705882352941178,0.42857142857142855,1.0,0.9922057494966057,0.5745541201209015,0.9999995894968986,1.0,91.3
дрожжи сухие,2,31,78,24,28,33,4,3,1.1333333333333333,0.2840909090909091,2.3823529411764706,2.7777777777777777,0.6666666666666666,1.0,0.9965926423876743,0.5688194098964137,0.9999999999991365,1.0,91.3
том ям паста,3,47,131,27,43,58,5,2,1.3111111111111111,0.19858156028368795,2.2711864406779663,2.8,0.42857142857142855,1.0,0.9811573282201923,0.584858942009566,0.9999999999993086,1.0,91.3
лангустины,1,33,39,3,29,27,1,2,0.9032258064516129,0.08163265306122448,1.5,0.6666666666666666,1.0,1.0,0.8045895500902738,0.75647079736603,0.9987273661986602,1.0,91.2
чевапчичи,1,30,69,19,30,29,3,4,0.9375,0.25316455696202533,2.4,2.5,1.0,1.0,0.993675290278404,0.5664006341761396,0.9999999999861121,1.0,91.2
кордон блю,2,33,84,27,32,35,3,4,1.0588235294117647,0.2978723404255319,2.4166666666666665,3.5,1.0,1.0,0.9974134926025734,0.5641464071639611,0.9999999999999993,1.0,91.2
горох колотый,2,32,103,29,31,42,8,3,1.303030303030303,0.26548672566371684,2.4651162790697674,2.3076923076923075,0.4,1.0,0.9950567610922006,0.5577544200070722,0.999999999904979,1.0,91.1
творожная масса с изюмом,4,31,76,30,30,31,7,4,1.0,0.36046511627906974,2.46875,2.5833333333333335,0.5555555555555556,1.0,0.9992603269735644,0.5572844170365195,0.9999999999939643,1.0,91.1
киндер пингви,2,62,147,49,59,60,3,3,1.0,0.3184713375796178,2.459016393442623,6.25,0.8,1.0,0.9982868590005115,0.5585463069160327,1.0,1.0,91.1
панировочные сухари,2,104,247,74,99,101,2,3,1.00990099009901,0.2918287937743191,2.450980392156863,10.714285714285714,1.0,1.0,0.9970811800628162,0.5595951245710233,1.0,1.0,91.1
яблоки сезонные,2,56,134,36,54,54,24,6,0.9821428571428571,0.2569444444444444,2.4909090909090907,1.2758620689655173,0.2692307692307692,1.0,0.994135798125341,0.554445805417273,0.9999971225920593,1.0,91.0
паста том ям,3,63,175,45,56,71,5,3,1.2413793103448276,0.24864864864864866,2.4722222222222223,4.6,0.5714285714285714,1.0,0.9930774631033492,0.5568365012469751,1.0,1.0,91.0
оливье,1,32,58,10,31,26,4,2,0.8181818181818182,0.16176470588235295,2.259259259259259,1.2222222222222223,0.5,1.0,0.9606513698884944,0.5866671272015469,0.9999950800993572,1.0,90.9
пергамент для выпечки,3,76,193,54,75,76,2,2,1.0,0.270935960591133,2.5454545454545454,7.857142857142857,0.75,1.0,0.9955671794823455,0.5476539435392906,1.0,1.0,90.9
разрыхлитель,1,113,284,91,108,110,3,5,1.009090909090909,0.3129251700680272,2.5855855855855854,11.5,1.2,1.0,0.998085891694029,0.542826646395873,1.0,1.0,90.8
тампоны kotex,2,40,132,23,38,56,8,4,1.425,0.16901408450704225,2.3684210526315788,1.8461538461538463,0.5,1.0,0.9659621347470256,0.5707526416132678,0.9999999904003429,1.0,90.7
хрен,1,51,87,9,47,47,7,5,0.9795918367346939,0.10309278350515463,1.875,0.8333333333333334,0.6666666666666666,1.0,0.872782323317702,0.6563566358587778,0.9997596305235805,1.0,90.6
полотенца в рулоне тканевые,4,45,112,28,43,43,2,3,0.9777777777777777,0.23770491803278687,2.6136363636363638,4.142857142857143,1.0,1.0,0.991383690003906,0.5395339927343471,1.0,1.0,90.6
устричный соус,2,34,89,23,33,34,7,2,1.0,0.24242424242424243,2.6285714285714286,2.0,0.3333333333333333,1.0,0.9921597522823884,0.5378074120439686,0.9999999979388464,1.0,90.6
савоярди,1,41,34,13,36,23,2,1,0.631578947368421,0.3181818181818182,1.5416666666666667,2.0,0.5,0.7894736842105263,0.9982769104743848,0.7430663530214341,0.9999999979388464,1.0,90.6
петрушка свежая,2,144,375,121,139,139,39,13,0.9929078014184397,0.3168831168831169,2.7,2.772727272727273,0.34146341463414637,1.0,0.9982315685958553,0.5297942313678858,0.9999999999990917,1.0,90.6
барни медвежонок,2,34,88,20,34,34,7,3,0.9722222222222222,0.21428571428571427,2.6,1.75,0.4444444444444444,1.0,0.9862362132669495,0.5411264469398965,0.9999999748900085,1.0,90.5
мука рисовая,2,58,159,58,57,58,6,5,1.0,0.34911242603550297,2.7457627118644066,5.363636363636363,0.75,1.0,0.9990717862528412,0.5248628833688221,1.0,1.0,90.5
укроп свежий,2,196,516,177,184,189,10,12,1.021505376344086,0.33840304182509506,2.731578947368421,11.866666666666667,1.0833333333333333,1.0,0.9988500776222594,0.5263750180471636,1.0,1.0,90.5
синупрет,1,40,37,5,36,25,1,1,0.6842105263157895,0.1276595744680851,1.5384615384615385,1.0,0.6666666666666666,0.8552631578947368,0.9221671335734546,0.7440728637029609,0.9999546000702375,1.0,90.4
желатин,1,87,216,48,80,81,4,5,1.0,0.2168141592920354,2.6707317073170733,5.444444444444445,1.0,1.0,0.9869149272843682,0.5330298127564095,1.0,1.0,90.4
сало белорусское,2,37,81,21,32,30,8,3,0.9117647058823529,0.24175824175824176,2.7096774193548385,1.6923076923076923,0.4,1.0,0.9920546214607642,0.5287385975830641,0.99999995529037,1.0,90.4
тема биолакт,2,39,106,28,38,39,5,4,1.0,0.25,2.725,2.9,0.7142857142857143,1.0,0.9932620530009145,0.5270813263938512,0.9999999999997456,1.0,90.4
чеснок свежий,2,184,510,134,181,182,27,8,1.0,0.25961538461538464,2.80327868852459,4.21875,0.3103448275862069,1.0,0.994440836837047,0.5188757509071922,1.0,1.0,90.3
нут,1,99,239,46,92,89,5,5,0.9574468085106383,0.18875502008032127,2.688888888888889,4.7,0.8571428571428571,1.0,0.9770652121632136,0.5310148982101869,1.0,1.0,90.2
сахарная пудра,2,168,507,116,162,181,4,2,1.1097560975609757,0.2263056092843327,2.802197802197802,13.0,0.5,1.0,0.9891773290793247,0.5189861784221999,1.0,1.0,90.2
шпинат свежий,2,128,357,96,124,126,43,14,1.007936507936508,0.26430517711171664,2.8346456692913384,2.0208333333333335,0.3333333333333333,1.0,0.9949385564116665,0.5157049496961618,0.9999999983264745,1.0,90.2
помело,1,102,276,68,101,99,8,7,0.970873786407767,0.24125874125874125,2.79,5.3076923076923075,0.8,1.0,0.9919748492506345,0.5202378105012814,1.0,1.0,90.2
сулугуни,1,101,302,69,97,107,11,6,1.0909090909090908,0.22435897435897437,2.824074074074074,4.375,0.5384615384615384,1.0,0.9887476635469483,0.5167663634130852,1.0,1.0,90.1
каперсы,1,50,138,33,48,49,5,2,1.0,0.22972972972972974,2.82,3.4,0.42857142857142855,1.0,0.9898936828938298,0.5171773639180989,0.9999999999999983,1.0,90.1
кисло сладкий соус,3,55,153,41,53,53,3,4,0.9818181818181818,0.25766871165644173,2.888888888888889,5.25,1.0,1.0,0.9942201308394022,0.5103712502196592,1.0,1.0,90.1
попкорн для микроволновой печи,4,60,179,55,59,60,3,3,1.0,0.2962962962962963,2.9836065573770494,7.0,0.8,1.0,0.9973306650658366,0.5014856094840353,1.0,1.0,90.0
кускус,1,49,148,37,49,51,6,5,1.0196078431372548,0.24050632911392406,2.9038461538461537,3.4545454545454546,0.75,1.0,0.9918531716116912,0.5089327367453288,0.999999999999999,1.0,90.0
сахар рафинад,2,71,207,54,67,70,30,3,1.0289855072463767,0.2534562211981567,2.9577464788732395,1.5714285714285714,0.125,1.0,0.9937120767138106,0.5038597671800629,0.9999998502480704,1.0,90.0
скитлс,1,31,95,30,30,32,3,3,1.03125,0.29523809523809524,2.9696969696969697,3.875,0.8,1.0,0.9972735691463361,0.5027579081227277,1.0,1.0,90.0
морковь по корейски,3,189,541,140,181,184,11,11,1.010928961748634,0.2558983666061706,2.9405405405405407,8.8125,0.9230769230769231,1.0,0.994011817481174,0.5054606062218941,1.0,1.0,90.0
аленка шоколад,2,48,137,45,46,46,3,4,0.9791666666666666,0.3129251700680272,2.978723404255319,5.75,1.0,1.0,0.998085891694029,0.5019310269865962,1.0,1.0,90.0
геркулес традиционный,2,40,140,33,40,49,26,3,1.1904761904761905,0.22666666666666666,2.86,1.096774193548387,0.14285714285714285,1.0,0.9892551996880131,0.5131887329754483,0.9999827507507209,1.0,90.0
барни,1,147,396,101,133,133,4,5,0.9925925925925926,0.2512315270935961,2.9776119402985075,11.333333333333334,1.0,1.0,0.9934259851304618,0.5020325963663596,1.0,1.0,89.9
спагетти barilla,2,58,170,42,56,57,5,4,1.0,0.2388888888888889,2.9827586206896552,4.3,0.7142857142857143,1.0,0.9915853225107988,0.5015628582580395,1.0,1.0,89.9
шрирача,1,36,104,39,33,34,4,4,1.0,0.3508771929824561,3.057142857142857,4.444444444444445,0.8333333333333334,1.0,0.9991039764480256,0.4949357916001107,1.0,1.0,89.9
начос,1,128,375,100,122,124,3,3,1.0080645161290323,0.2623376623376623,3.024,12.625,0.8,1.0,0.9947354165153487,0.49785169398237666,1.0,1.0,89.9
имбирь свежий,2,60,174,47,57,58,16,8,1.0,0.2608695652173913,3.0,2.2857142857142856,0.5,1.0,0.9945785463823377,0.5,0.9999999998816226,1.0,89.9
дрожжи сухие для выпечки,4,45,128,33,42,43,5,2,1.0,0.2463768115942029,2.977272727272727,3.4,0.42857142857142855,1.0,0.992755670339234,0.5020636086557408,0.9999999999999983,1.0,89.9
фарш индейки,2,102,303,76,100,102,32,6,1.0098039215686274,0.24600638977635783,2.970873786407767,2.081081081081081,0.20588235294117646,1.0,0.9927018018898847,0.5026498428618447,0.9999999990838223,1.0,89.9
лук репчатый свежий,3,129,410,133,124,135,11,19,1.0793650793650793,0.319047619047619,3.036764705882353,8.375,1.5384615384615385,1.0,0.9983064906776733,0.49672176111468835,1.0,1.0,89.9
шпроты,1,90,257,63,80,87,3,5,1.0731707317073171,0.2397003745318352,2.9545454545454546,8.0,1.2,1.0,0.9917207880533243,0.5041562954520215,1.0,1.0,89.9
крахмал кукурузный,2,44,135,39,43,44,6,1,1.0,0.27586206896551724,3.066666666666667,3.6363636363636362,0.25,1.0,0.9959830861866438,0.4941085603321575,0.9999999999999999,1.0,89.8
энтеросгель,1,53,140,37,52,46,3,4,0.8703703703703703,0.25333333333333335,3.0425531914893615,4.75,1.0,1.0,0.9936966035175827,0.49621222436114026,1.0,1.0,89.8
вареники с вишней,3,31,98,29,31,32,14,9,1.0,0.2777777777777778,3.0606060606060606,1.5789473684210527,0.625,1.0,0.9961340798605272,0.4946344353781497,0.9999998610947352,1.0,89.8
хинкали,1,52,74,7,44,39,10,5,0.8695652173913043,0.09523809523809523,1.925,0.5333333333333333,0.5,1.0,0.8511419191966668,0.6458126758635019,0.9951720500061686,1.0,89.8
бумажные полотенца zewa,3,31,213,50,29,71,4,4,2.3225806451612905,0.22869955156950672,3.0,5.666666666666667,0.8333333333333334,1.0,0.9896832968418827,0.5,1.0,1.0,89.8
чебупели,1,68,189,36,62,66,3,3,1.046875,0.18592964824120603,2.8656716417910446,4.625,0.8,1.0,0.9757319101092695,0.5126314708358646,1.0,1.0,89.8
шампиньоны свежие,2,128,430,124,126,138,11,12,1.0859375,0.2840909090909091,3.115107913669065,7.8125,1.0,1.0,0.9965926423876743,0.4899726451276285,1.0,1.0,89.7
зубочистки,1,50,144,30,48,48,5,2,0.98,0.2012987012987013,3.0,3.1,0.42857142857142855,1.0,0.982153966814794,0.5,0.9999999999999656,1.0,89.6
батон нарезной,2,250,832,220,246,261,15,19,1.0564516129032258,0.26247030878859856,3.187022900763359,11.05,1.1764705882352942,1.0,0.9947493645718641,0.4840447221063342,1.0,1.0,89.6
аджика,1,48,122,22,43,42,4,4,0.9555555555555556,0.17424242424242425,2.9069767441860463,2.5555555555555554,0.8333333333333334,1.0,0.9693415967100669,0.5086333729697454,0.9999999999920317,1.0,89.6
кукурузный крахмал,2,40,125,47,39,39,6,1,0.975609756097561,0.35555555555555557,3.2,4.363636363636363,0.25,1.0,0.9991840121649278,0.483000944087389,1.0,1.0,89.6
тунец в собственном соку,4,93,300,68,92,95,5,9,1.0212765957446808,0.22258064516129034,3.15625,6.9,1.4285714285714286,1.0,0.9883402542454638,0.4865511341540491,1.0,1.0,89.5
птитим,1,69,224,50,68,71,4,4,1.0285714285714285,0.21794871794871795,3.1527777777777777,5.666666666666667,0.8333333333333334,1.0,0.9872084995885055,0.48683674434527263,1.0,1.0,89.5
сыр сулугуни,2,49,160,33,46,52,10,7,1.1041666666666667,0.2,3.0754716981132075,2.2666666666666666,0.6666666666666666,1.0,0.9816843611112658,0.4933479314248853,0.9999999998567839,1.0,89.5
халуми,1,33,105,19,33,36,6,5,1.0571428571428572,0.17391304347826086,2.918918918918919,1.8181818181818181,0.75,1.0,0.9691389642444272,0.5074968128561279,0.9999999873019599,1.0,89.5
рот фронт батончик,3,32,106,32,32,32,3,3,0.9705882352941176,0.28448275862068967,3.303030303030303,4.125,0.8,1.0,0.9966192414527871,0.47497973020702206,1.0,1.0,89.4
гречка в пакетиках,3,114,429,115,112,129,3,3,1.1403508771929824,0.2642369020501139,3.3230769230769233,14.5,0.8,1.0,0.9949316402832944,0.47347173224348094,1.0,1.0,89.4
манная крупа,2,57,189,48,57,58,20,3,1.0,0.24623115577889448,3.2542372881355934,1.96,0.18181818181818182,1.0,0.9927345359959178,0.47872074222931327,0.9999999969251201,1.0,89.4
голубика свежая,2,111,342,64,110,112,22,8,1.0089285714285714,0.1846590909090909,3.0530973451327434,2.4074074074074074,0.375,1.0,0.9751073280539592,0.49528861026378607,0.999999999964944,1.0,89.4
лаваш армянский,2,142,449,104,137,138,21,13,1.0,0.22875816993464052,3.2517985611510793,4.038461538461538,0.6086956521739131,1.0,0.9896953847202355,0.47891040279324193,1.0,1.0,89.4
мацони,1,51,182,52,48,54,8,7,1.1,0.2760416666666667,3.3636363636363638,4.076923076923077,0.8,1.0,0.9959974888739949,0.47047069907523786,1.0,1.0,89.3
роллтон,1,51,134,29,46,41,4,3,0.875,0.20833333333333334,3.261904761904762,3.3333333333333335,0.6666666666666666,1.0,0.9844961464009907,0.4781261232433519,0.9999999999999967,1.0,89.3
свекла свежая,2,184,631,171,182,188,16,11,1.0271739130434783,0.26833073322932915,3.3544973544973544,8.19047619047619,0.6666666666666666,1.0,0.9953300861947266,0.4711411452131804,1.0,1.0,89.3
сочник,1,31,66,15,29,23,10,9,0.7741935483870968,0.21052631578947367,2.875,1.0666666666666667,0.8333333333333334,0.967741935483871,0.9851614434840629,0.5117193163679796,0.9999766908988571,1.0,89.3
ватные диски,2,319,1023,247,301,308,6,6,1.0198019801980198,0.24007744433688286,3.320388349514563,22.545454545454547,0.875,1.0,0.9917829900303454,0.47367301718330745,1.0,1.0,89.3
чак чак,2,32,66,8,29,27,5,3,0.9032258064516129,0.11842105263157894,2.4642857142857144,0.9,0.5714285714285714,1.0,0.9063715559866112,0.5578620298794829,0.9998765901959134,1.0,89.3
ягодное лукошко,2,34,132,38,34,38,17,3,1.0833333333333333,0.2746478873239437,3.4615384615384617,1.7727272727272727,0.21052631578947367,1.0,0.9958843469043688,0.46349055318966503,0.9999999799947826,1.0,89.2
манка,1,89,307,68,82,92,9,4,1.1071428571428572,0.21766561514195584,3.3333333333333335,4.928571428571429,0.45454545454545453,1.0,0.9871358679670031,0.4727065797567951,1.0,1.0,89.2
рисовая мука,2,109,365,97,102,107,8,7,1.0384615384615385,0.2613333333333333,3.4074074074074074,7.538461538461538,0.8,1.0,0.9946285998381167,0.46730494827676355,1.0,1.0,89.2
помело свежий,2,33,111,25,33,33,14,5,0.9714285714285714,0.21487603305785125,3.3529411764705883,1.368421052631579,0.375,1.0,0.9863977581941219,0.4712556387558956,0.9999988596901409,1.0,89.2
моцарелла для пиццы,3,39,114,19,37,38,5,4,1.0,0.16129032258064516,3.0,2.0,0.7142857142857143,1.0,0.9602762666135589,0.5,0.9999999979388464,1.0,89.2
горчица зернистая,2,44,168,31,44,52,32,4,1.1521739130434783,0.1797752808988764,3.2264150943396226,0.8648648648648649,0.14705882352941177,1.0,0.9725531979295089,0.48089998296745584,0.9998246363339633,1.0,89.1
малина свежая,2,89,245,35,87,86,13,5,0.9775280898876404,0.1411764705882353,2.8505747126436782,2.0,0.4,1.0,0.9406040603947952,0.514119312799391,0.9999999979388464,1.0,89.1
баунти,1,61,204,47,54,59,13,5,1.0714285714285714,0.22429906542056074,3.45,2.6666666666666665,0.4,1.0,0.9887341731559808,0.46429451318032405,0.9999999999973769,1.0,89.1
вишня замороженная без косточки,4,37,132,30,37,39,24,3,1.0256410256410255,0.21830985915492956,3.375,1.0689655172413792,0.15384615384615385,1.0,0.9873005574870425,0.4696416549805441,0.9999772206280921,1.0,89.1
соус для бургеров,3,48,163,37,47,48,4,4,1.0,0.21965317919075145,3.3877551020408165,4.222222222222222,0.8333333333333334,1.0,0.9876372033184666,0.4687171153621211,1.0,1.0,89.1
лайм свежий,2,33,109,21,31,34,27,4,1.0606060606060606,0.18487394957983194,3.2,0.6875,0.1724137931034483,1.0,0.9752140666806248,0.483000944087389,0.9989667023613523,1.0,89.1
маскарпоне сыр,2,60,176,29,58,58,5,4,0.9833333333333333,0.16129032258064516,3.0338983050847457,3.0,0.7142857142857143,1.0,0.9602762666135589,0.49697473736705833,0.9999999999999064,1.0,89.1
икра мойвы,2,42,131,29,39,39,4,5,0.975609756097561,0.2127659574468085,3.35,3.3333333333333335,1.0,1.0,0.9858114382414856,0.4714722955555828,0.9999999999999967,1.0,89.1
аленка,1,43,164,38,42,47,4,4,1.0909090909090908,0.22413793103448276,3.4791666666666665,4.333333333333333,0.8333333333333334,1.0,0.9886978083494024,0.46227162101490993,1.0,1.0,89.0
биолакт,1,147,515,135,141,143,8,9,1.006993006993007,0.259047619047619,3.5972222222222223,10.461538461538462,1.0,1.0,0.9943773510401311,0.4543879873457723,1.0,1.0,89.0
перловка крупа,2,35,126,29,34,36,4,3,1.0277777777777777,0.22058823529411764,3.4864864864864864,3.3333333333333335,0.6666666666666666,1.0,0.9878662530691651,0.4617687635833867,0.9999999999999967,1.0,89.0
приправа для плова,3,58,179,34,52,54,4,3,1.0185185185185186,0.18518518518518517,3.309090909090909,3.888888888888889,0.6666666666666666,1.0,0.9753678727838592,0.4745220711913358,1.0,1.0,89.0
батат,1,137,292,28,132,134,6,3,1.007462686567164,0.09602649006622517,2.185185185185185,2.6363636363636362,0.5,1.0,0.8534706898604878,0.598308968535449,0.9999999999964484,1.0,89.0
вода 19 литров,3,49,121,19,40,40,12,2,0.9761904761904762,0.15267175572519084,3.024390243902439,1.1764705882352942,0.21428571428571427,1.0,0.95280347983866,0.4978170201883476,0.9999922258457375,1.0,89.0
тесто слоеное дрожжевое,3,50,174,34,50,51,7,5,1.0,0.19021739130434784,3.4038461538461537,2.9166666666666665,0.6666666666666666,1.0,0.9777262812314353,0.46755975287196677,0.9999999999997847,1.0,88.9
чан рамен,2,31,103,19,31,31,3,3,0.9696969696969697,0.17699115044247787,3.3125,2.5,0.8,1.0,0.9709815373612039,0.47426530756394575,0.9999999999861121,1.0,88.9
пекинская капуста,2,105,362,75,101,104,58,7,1.0194174757281553,0.20430107526881722,3.4761904761904763,1.2063492063492063,0.13333333333333333,1.0,0.983194036837035,0.4624766283432065,0.9999942337699593,1.0,88.9
квашеная капуста,2,105,361,76,101,104,30,14,1.0194174757281553,0.20754716981132076,3.466666666666667,2.2,0.46875,1.0,0.9842504485932372,0.4631347956531139,0.9999999997210532,1.0,88.9
"молоко пармалат 3,5%",3,30,106,26,29,29,7,3,0.967741935483871,0.23275862068965517,3.6333333333333333,2.25,0.4444444444444444,1.0,0.990487726946506,0.45206924993150466,0.9999999998308102,1.0,88.9
руккола,1,343,1206,284,330,329,17,20,0.9939759036144579,0.234375,3.6636363636363636,12.954545454545455,1.105263157894737,1.0,0.9907903183960318,0.4501553549434908,1.0,1.0,88.8
сулугуни сыр,2,35,117,25,33,33,7,6,0.9714285714285714,0.2047244094488189,3.5294117647058822,2.1666666666666665,0.7777777777777778,1.0,0.9833357269406742,0.45885794765360793,0.9999999996106984,1.0,88.8
мажитэль,1,48,179,41,47,49,4,4,1.0204081632653061,0.2222222222222222,3.64,4.666666666666667,0.8333333333333334,1.0,0.9882563715429786,0.45164572366580663,1.0,1.0,88.8
сельдерей свежий,2,77,279,61,75,77,12,6,1.0129870129870129,0.21453287197231835,3.6153846153846154,3.6470588235294117,0.5,1.0,0.9863040818999672,0.4532165253313068,0.9999999999999999,1.0,88.8
нан 4,2,31,116,21,29,34,5,3,1.1290322580645162,0.1746031746031746,3.4,2.2,0.5714285714285714,1.0,0.9695620012447305,0.46783548606537373,0.9999999997210532,1.0,88.7
спрайт,1,73,211,35,64,64,4,5,0.9848484848484849,0.16289592760180996,3.292307692307692,4.0,1.0,1.0,0.961531615314395,0.4757931891492523,1.0,1.0,88.7
зубная нить,2,44,141,23,42,43,20,3,1.0,0.15894039735099338,3.272727272727273,0.96,0.18181818181818182,1.0,0.9583647430165587,0.4772911475235071,0.9999322712635091,1.0,88.7
бананы свежие,2,583,2184,392,563,630,109,32,1.1168141592920353,0.17912488605287147,3.4659270998415215,3.4473684210526314,0.2972972972972973,1.0,0.9721938405828134,0.4631860425117298,0.9999999999999989,1.0,88.7
лимон,1,731,2613,598,687,701,53,19,1.0188679245283019,0.22836446816622188,3.7264957264957266,10.327586206896552,0.36363636363636365,1.0,0.9896139255296663,0.446274975007749,1.0,1.0,88.7
тортилья,1,84,326,58,83,94,3,3,1.1176470588235294,0.17559523809523808,3.463157894736842,7.375,0.8,1.0,0.9701599778664161,0.4633781055031281,1.0,1.0,88.7
виноград без косточек,3,38,135,21,38,41,22,4,1.05,0.15172413793103448,3.2857142857142856,0.8148148148148148,0.20833333333333334,1.0,0.9519004644874451,0.4762957889201827,0.9997107294498676,1.0,88.6
булочки для бургеров,3,138,545,126,132,142,11,6,1.0671641791044777,0.22882882882882882,3.832167832167832,7.9375,0.5384615384615384,1.0,0.9897099366899669,0.44001097915908144,1.0,1.0,88.6
сельдерей,1,233,897,201,227,235,18,14,1.0305676855895196,0.2227122381477398,3.8135593220338984,8.782608695652174,0.75,1.0,0.9883709007144718,0.44109135225406493,1.0,1.0,88.6
пельмени детские,2,35,72,7,34,34,18,1,0.9722222222222222,0.0975609756097561,2.142857142857143,0.34782608695652173,0.1,1.0,0.8578993276261185,0.6052987746091374,0.9691389642444272,1.0,88.6
яйца куриные с1,3,42,158,23,37,50,15,8,1.3076923076923077,0.14285714285714285,3.156862745098039,1.2,0.5294117647058824,1.0,0.9425673807323827,0.48650079188908124,0.9999938557876467,1.0,88.6
свекла отварная,2,32,99,20,26,27,24,6,1.0,0.1926605504587156,3.642857142857143,0.7241379310344828,0.2692307692307692,1.0,0.978788483404667,0.45146464116590107,0.9992836769533937,1.0,88.6
рикотта,1,92,301,46,86,90,11,10,1.0340909090909092,0.15112540192926044,3.340659340659341,2.9375,0.8461538461538461,1.0,0.9513210236187641,0.47216265826391396,0.9999999999998251,1.0,88.5
буррата,1,82,291,51,81,81,6,5,0.9879518072289156,0.17275747508305647,3.5853658536585367,4.7272727272727275,0.75,1.0,0.9684174176453987,0.45515850193335133,1.0,1.0,88.5
мука цельнозерновая,2,33,122,25,31,32,16,5,1.0,0.19696969696969696,3.787878787878788,1.2380952380952381,0.3333333333333333,1.0,0.980539994885321,0.4425979986094116,0.9999958022100811,1.0,88.5
теос,1,37,137,28,34,36,7,6,1.0277777777777777,0.19727891156462585,3.7837837837837838,2.4166666666666665,0.7777777777777778,1.0,0.9806599698747457,0.4428399497980556,0.9999999999680442,1.0,88.5
пармезан тертый,2,98,383,71,97,104,4,5,1.0606060606060606,0.183206106870229,3.676190476190476,8.0,1.0,1.0,0.9743733419033087,0.44937080740117075,1.0,1.0,88.5
руккола свежая,2,191,799,181,187,206,26,17,1.0952380952380953,0.2249690976514215,3.8743961352657004,5.870967741935484,0.6428571428571429,1.0,0.9888841354579342,0.4375939593202908,1.0,1.0,88.5
бекон для жарки,3,33,124,23,33,34,25,6,1.0,0.1791044776119403,3.6285714285714286,0.8,0.25925925925925924,1.0,0.9721824886589806,0.4523726294477904,0.9996645373720975,1.0,88.5
биолакт детский,2,102,402,107,98,100,8,10,1.01,0.2621359223300971,4.00990099009901,8.307692307692308,1.1,1.0,0.9947141320627272,0.43014784201319756,1.0,1.0,88.5
псиллиум шелуха подорожника,3,30,151,12,28,74,2,1,2.5,0.08074534161490683,2.0533333333333332,1.8571428571428572,0.5,1.0,0.801090798509259,0.6209694820758505,0.9999999913993545,1.0,88.4
беруши,1,34,86,14,29,25,3,3,0.8387096774193549,0.15625,3.423076923076923,1.875,0.8,1.0,0.9560630663765926,0.4661895269810004,0.9999999928058669,1.0,88.4
персики консервированные,2,38,147,30,37,38,36,3,1.0,0.19745222929936307,3.8461538461538463,0.7560975609756098,0.10526315789473684,1.0,0.9807268932219271,0.43920517463033926,0.999479632679277,1.0,88.4
фарш домашний,2,132,527,93,129,144,46,10,1.1068702290076335,0.1750465549348231,3.6551724137931036,1.8431372549019607,0.22916666666666666,1.0,0.9698307202363523,0.4506870404550264,0.9999999901063485,1.0,88.4
адреналин,1,119,501,109,114,126,10,6,1.0948275862068966,0.21526418786692758,3.968503937007874,7.333333333333333,0.5833333333333334,1.0,0.9865029448900648,0.43237418892548835,1.0,1.0,88.4
сметана 25,2,84,306,56,81,82,10,10,1.0,0.18037974683544303,3.7228915662650603,3.8,0.9166666666666666,1.0,0.9728830134286363,0.4464942673256898,1.0,1.0,88.4
лимоны,1,48,188,37,45,48,7,5,1.0425531914893618,0.1919191919191919,3.8979591836734695,3.1666666666666665,0.6666666666666666,1.0,0.978471633435884,0.4362657697690375,0.9999999999999823,1.0,88.3
мохито,1,47,80,7,40,36,12,4,0.8809523809523809,0.08888888888888889,2.2432432432432434,0.47058823529411764,0.35714285714285715,1.0,0.830986684593934,0.5891234045880073,0.9909580674786702,1.0,88.2
морковь мытая,2,113,499,98,109,123,57,19,1.117117117117117,0.1944990176817289,4.048387096774194,1.596774193548387,0.3389830508474576,1.0,0.9795542522813772,0.4281147152038434,0.9999998837754726,1.0,88.2
сало,1,138,467,76,127,127,8,8,0.9922480620155039,0.16142557651991615,3.671875,5.923076923076923,0.9,1.0,0.9603835772347412,0.4496399492867127,1.0,1.0,88.2
сосиски окраина,2,40,149,30,37,37,19,6,0.9743589743589743,0.1949685534591195,4.0,1.2916666666666667,0.3333333333333333,1.0,0.9797453537880564,0.43067655807339306,0.9999975432388143,1.0,88.2
облепиха замороженная,2,53,252,50,51,63,10,11,1.2075471698113207,0.1946564885496183,3.984375,3.4,1.0,1.0,0.9796185431815557,0.4315157318382762,0.9999999999999983,1.0,88.2
лимоны свежие,2,132,538,109,127,134,12,9,1.0465116279069768,0.20072992700729927,4.007407407407407,6.470588235294118,0.7142857142857143,1.0,0.9819498004731636,0.43028077934844244,1.0,1.0,88.2
добрый кола без сахара,4,36,130,21,33,36,29,3,1.0571428571428572,0.15714285714285714,3.5945945945945947,0.6470588235294118,0.12903225806451613,1.0,0.9568406907385474,0.45455835356670715,0.9984516853083479,1.0,88.2
булгур крупа,2,33,121,19,32,34,7,7,1.0294117647058822,0.15267175572519084,3.5428571428571427,1.6666666666666667,0.8888888888888888,1.0,0.95280347983866,0.4579593461430908,0.9999999422225148,1.0,88.2
сосиски с сыром,3,71,276,51,68,71,14,12,1.0285714285714285,0.18181818181818182,3.875,2.736842105263158,0.8125,1.0,0.9736520191855513,0.4375597397021143,0.9999999999986997,1.0,88.2
молоко простоквашино,2,32,133,32,30,31,13,4,1.0,0.23076923076923078,4.25,1.8333333333333333,0.3333333333333333,1.0,0.9901016243927961,0.4180047306759423,0.9999999890872426,1.0,88.2
яйцо куриное с0,3,72,275,49,69,71,24,14,1.0140845070422535,0.17543859649122806,3.861111111111111,1.7241379310344827,0.5769230769230769,1.0,0.9700663475002737,0.43834922566071144,0.999999967478984,1.0,88.2
зеленый лук,2,69,283,64,68,68,12,8,0.9857142857142858,0.22184300341296928,4.144927536231884,3.823529411764706,0.6428571428571429,1.0,0.9881669648284813,0.42316386154293506,1.0,1.0,88.2
свекла,1,454,1893,397,435,447,28,21,1.0251716247139588,0.209143457698371,4.232142857142857,12.06060606060606,0.7333333333333333,1.0,0.9847453232981371,0.41886537262267043,1.0,1.0,88.1
пельмени цезарь,2,46,180,25,46,53,13,4,1.125,0.1368421052631579,3.388888888888889,1.4444444444444444,0.3333333333333333,1.0,0.9352254244516429,0.4686352400016693,0.9999994668400929,1.0,88.1
капуста квашеная,2,238,913,159,227,234,45,18,1.0262008733624455,0.1733477789815818,3.8978723404255318,3.2,0.40425531914893614,1.0,0.9687880916665135,0.43627063839498403,0.9999999999999873,1.0,88.1
граммидин,1,33,142,39,31,32,4,5,1.0,0.2631578947368421,4.393939393939394,4.444444444444445,1.0,1.0,0.9948210756294023,0.4112959450890707,1.0,1.0,88.1
какао порошок натуральный,3,36,219,29,32,67,3,4,2.0,0.13100436681222707,3.264705882352941,3.75,1.0,1.0,0.9272034952235474,0.4779095284241646,1.0,1.0,88.1
пакеты фасовочные,2,148,569,106,139,140,4,6,1.0,0.1848013816925734,4.056737588652482,11.88888888888889,1.1666666666666667,1.0,0.9751780673066646,0.42767814687110023,1.0,1.0,88.1
фунчоза,1,134,497,86,128,129,10,11,1.0,0.17159763313609466,3.8461538461538463,5.8,1.0,1.0,0.9676762382952362,0.43920517463033926,1.0,1.0,88.1
exponenta high-pro,2,94,254,80,82,64,7,10,0.7738095238095238,0.3068181818181818,3.953846153846154,6.75,1.2222222222222223,0.9672619047619048,0.9978372260311035,0.43317251304020976,1.0,1.0,88.0
авокадо хасс,2,227,913,145,222,238,13,9,1.0669642857142858,0.1581798483206934,3.8326359832635983,8.11111111111111,0.6666666666666666,1.0,0.9577265887583425,0.4399839210243283,1.0,1.0,88.0
романо салат,2,44,131,19,38,39,42,7,1.0,0.14184397163120568,3.35,0.425531914893617,0.18181818181818182,1.0,0.9413917280394027,0.4714722955555828,0.9858114382414856,1.0,88.0
сок 2 литра,3,36,130,21,34,34,7,4,0.9722222222222222,0.15714285714285714,3.8,1.8333333333333333,0.5555555555555556,1.0,0.9568406907385474,0.44188457648815965,0.9999999890872426,1.0,88.0
choco pie,2,49,267,53,45,63,22,26,1.3617021276595744,0.19494584837545126,4.21875,2.0,1.125,1.0,0.9797361540306636,0.4195151232295251,0.9999999979388464,1.0,88.0
крылья,1,58,201,31,56,53,13,8,0.9310344827586207,0.15165876777251186,3.7777777777777777,1.7777777777777777,0.6,1.0,0.9518375378759565,0.44319566614703176,0.999999980980057,1.0,87.9
ребра свиные,2,146,570,94,137,144,13,14,1.0431654676258992,0.16379310344827586,3.9517241379310346,5.277777777777778,1.0,1.0,0.9622157174720005,0.43328852740714446,1.0,1.0,87.9
ржаной край,2,30,120,22,30,29,7,4,0.9375,0.17692307692307693,4.1,1.9166666666666667,0.5555555555555556,1.0,0.9709420026770712,0.4254418937271813,0.9999999952573352,1.0,87.9
кус кус,2,39,146,23,36,38,6,5,1.0263157894736843,0.15384615384615385,3.8205128205128207,2.1818181818181817,0.75,1.0,0.9538991124716539,0.4406865374309454,0.9999999996654323,1.0,87.9
хлеб белый нарезной,3,49,223,48,48,49,9,9,1.0,0.21030042918454936,4.52,3.5,0.9090909090909091,1.0,0.9850942552059507,0.405734115778512,0.9999999999999993,1.0,87.8
фарш куриный,2,186,809,143,179,190,160,23,1.0552486187845305,0.17582417582417584,4.2513089005235605,0.8727272727272727,0.14814814814814814,1.0,0.9702962956833178,0.41794190099486345,0.9998378960443957,1.0,87.8
манка крупа,2,51,227,40,49,54,19,5,1.0784313725490196,0.1729957805907173,4.181818181818182,1.7083333333333333,0.2857142857142857,1.0,0.9685675855691255,0.42132611293478095,0.9999999619107343,1.0,87.8
термос,1,54,89,7,46,41,11,2,0.875,0.08080808080808081,2.1904761904761907,0.5,0.23076923076923078,1.0,0.8013402300415293,0.5974530215590153,0.9932620530009145,1.0,87.8
хлопья гречневые,2,45,215,43,43,48,7,6,1.0888888888888888,0.19555555555555557,4.448979591836735,3.6666666666666665,0.7777777777777778,1.0,0.9799817537956187,0.4088330694441951,0.9999999999999999,1.0,87.8
сливки 33% для взбивания,4,249,1030,184,238,241,6,10,1.0083333333333333,0.1778846153846154,4.268595041322314,16.818181818181817,1.375,1.0,0.9714954714458182,0.41711536209845806,1.0,1.0,87.8
розмарин,1,72,279,46,64,68,12,6,1.0454545454545454,0.16262975778546712,4.086956521739131,2.764705882352941,0.5,1.0,0.9613262868190731,0.4261116509413699,0.9999999999990159,1.0,87.7
сосиски клинские,2,149,603,99,143,146,106,11,1.013793103448276,0.1631321370309951,4.122448979591836,0.9009009009009009,0.1111111111111111,1.0,0.9617129186254509,0.424298072378543,0.9998776970028475,1.0,87.7
нори,1,233,897,130,213,237,6,7,1.1069767441860465,0.1444321940463065,3.7815126050420167,11.909090909090908,1.0,1.0,0.9443483682994668,0.4429743446994485,1.0,1.0,87.7
сливки 33,2,261,1122,201,245,256,6,7,1.040485829959514,0.1784452296819788,4.377431906614786,18.363636363636363,1.0,1.0,0.9718132873200087,0.41204534612926186,1.0,1.0,87.7
teos,1,91,391,77,84,87,10,8,1.0232558139534884,0.19451371571072318,4.4772727272727275,5.2,0.75,1.0,0.9795602616419319,0.4075880308959231,1.0,1.0,87.7
томатная паста помидорка,3,38,166,30,37,38,5,4,1.0,0.17613636363636365,4.333333333333333,3.1,0.7142857142857143,1.0,0.9704811805838451,0.4140722453786373,0.9999999999999656,1.0,87.7
пончик,1,84,377,71,80,82,9,5,1.0121951219512195,0.18604651162790697,4.578313253012048,5.142857142857143,0.5454545454545454,1.0,0.975788564898241,0.40325361925807424,1.0,1.0,87.6
кинза свежая,2,187,739,102,173,194,53,13,1.1142857142857143,0.1375166889185581,3.805128205128205,1.7758620689655173,0.2545454545454545,1.0,0.9360934729700364,0.441583976507871,0.9999999806121778,1.0,87.6
джем махеевъ,2,72,331,72,70,69,13,8,0.9722222222222222,0.21407624633431085,4.771428571428571,4.055555555555555,0.6,1.0,0.9861784308716496,0.39542439160332693,1.0,1.0,87.6
ролтон,1,62,114,25,60,42,4,3,0.6935483870967742,0.20967741935483872,2.7209302325581395,2.888888888888889,0.6666666666666666,0.8669354838709677,0.9849073647676222,0.5275198284428866,0.9999999999997158,1.0,87.6
полисорб,1,36,100,18,33,26,3,3,0.7714285714285715,0.17272727272727273,3.814814814814815,2.375,0.8,0.9642857142857143,0.9683983345146471,0.4410181624106475,0.9999999999515263,1.0,87.5
какао порошок,2,98,392,62,93,93,4,5,0.9894736842105263,0.15671641791044777,4.202127659574468,7.0,1.0,1.0,0.9564710201045002,0.4203266958242811,1.0,1.0,87.5
дамплинги,1,45,136,13,45,49,4,4,1.0638297872340425,0.0958904109589041,2.78,1.5555555555555556,0.8333333333333334,1.0,0.8530713551414535,0.5212714635062021,0.9999998244874972,1.0,87.5
молоко безлактозное,2,591,2714,500,568,577,93,19,1.0140350877192983,0.183920704845815,4.700692041522491,5.112244897959184,0.21052631578947367,1.0,0.974736992235419,0.3982259722036934,1.0,1.0,87.5
nan 2,2,30,123,18,29,31,4,4,1.032258064516129,0.14285714285714285,3.9375,2.111111111111111,0.8333333333333334,1.0,0.9425673807323827,0.4340690843915,0.9999999993214826,1.0,87.5
брокколи свежая,2,43,187,31,42,43,32,7,1.0,0.16243654822335024,4.318181818181818,0.8648648648648649,0.23529411764705882,1.0,0.9611765550855799,0.4147771664039853,0.9998246363339633,1.0,87.5
дюшес,1,35,139,21,33,34,10,5,1.0,0.1476510067114094,4.057142857142857,1.4666666666666666,0.5,1.0,0.9478181285283728,0.4276570001906448,0.9999995730789206,1.0,87.5
teos йогурт греческий,3,30,114,17,28,28,7,3,0.9666666666666667,0.14516129032258066,4.0344827586206895,1.5,0.4444444444444444,1.0,0.9451539882283586,0.4288452345365663,0.9999996940976795,1.0,87.5
пончики,1,41,192,37,38,40,9,6,1.025,0.18811881188118812,4.7560975609756095,2.7142857142857144,0.6363636363636364,1.0,0.9767715216411598,0.3960253243468607,0.9999999999983706,1.0,87.5
шаурма,1,75,233,26,68,72,7,5,1.042857142857143,0.1111111111111111,3.232876712328767,2.25,0.6666666666666666,1.0,0.8916319767781041,0.48039081467815575,0.9999999998308102,1.0,87.4
сливки 33%,2,43,171,25,41,42,6,6,1.0,0.143646408839779,4.046511627906977,2.3636363636363638,0.875,1.0,0.9434668550638634,0.42821298779871386,0.9999999999456928,1.0,87.4
twix,1,31,188,45,31,36,14,7,1.121212121212121,0.23232323232323232,5.162162162162162,2.4210526315789473,0.5,1.0,0.9904045346018736,0.3811793970927889,0.9999999999694155,1.0,87.4
сим карта,2,40,111,13,32,33,21,4,1.0,0.11570247933884298,3.3529411764705883,0.5384615384615384,0.21739130434782608,1.0,0.9011399026894379,0.4712556387558956,0.9954133959384767,1.0,87.4
лук зеленый,2,160,747,139,155,156,17,11,1.0,0.18494055482166447,4.777070063694268,6.363636363636363,0.631578947368421,1.0,0.975247062160682,0.3952041202816119,1.0,1.0,87.4
печень трески,2,109,280,27,98,98,32,4,0.99,0.09655172413793103,2.8585858585858586,0.7567567567567568,0.14705882352941177,1.0,0.8550018771864222,0.5133279946789914,0.9994830516375068,1.0,87.4
фетакса,1,87,373,60,83,84,10,9,1.0,0.15926892950391644,4.423529411764706,4.066666666666666,0.8333333333333334,1.0,0.9586374166273415,0.4099651030490658,1.0,1.0,87.4
читос,1,56,275,58,51,55,5,5,1.0566037735849056,0.20701754385964913,4.964285714285714,5.9,0.8571428571428571,1.0,0.9840827344808738,0.38814611538432664,1.0,1.0,87.4
мясные чипсы,2,52,204,28,49,52,6,4,1.0392156862745099,0.13551401869158877,3.9056603773584904,2.6363636363636362,0.625,1.0,0.9334818458494683,0.4358347975648895,0.9999999999964484,1.0,87.4
тесто слоеное бездрожжевое,3,135,657,129,127,134,9,8,1.0465116279069768,0.19490254872563717,4.888888888888889,9.285714285714286,0.8181818181818182,1.0,0.979718598081409,0.3909311092714994,1.0,1.0,87.4
кефир агуша,2,62,341,58,62,75,5,4,1.1875,0.16809116809116809,4.526315789473684,5.9,0.7142857142857143,1.0,0.9653280182941638,0.4054627174143475,1.0,1.0,87.4
пшено,1,77,344,64,72,71,6,6,0.972972972972973,0.18361581920903955,4.819444444444445,5.909090909090909,0.875,1.0,0.9745824750493013,0.3935642125227819,1.0,1.0,87.4
тампоны женские,2,56,170,18,54,54,8,4,0.9821428571428571,0.10555555555555556,3.1454545454545455,1.4615384615384615,0.5,1.0,0.8788966676076703,0.48744100912767296,0.9999995506144427,1.0,87.3
яйца с1,2,36,168,27,34,38,47,9,1.0833333333333333,0.15730337078651685,4.384615384615385,0.5384615384615384,0.20408163265306123,1.0,0.956979021739364,0.4117186153970769,0.9954133959384767,1.0,87.3
гавайская смесь,2,38,193,36,37,39,24,4,1.0256410256410255,0.18226600985221675,4.9,1.2758620689655173,0.19230769230769232,1.0,0.9738869528053901,0.3905159370638441,0.9999971225920593,1.0,87.3
марс,1,46,192,34,40,40,5,4,0.9761904761904762,0.17326732673267325,4.7560975609756095,3.5,0.7142857142857143,1.0,0.9687378298762538,0.3960253243468607,0.9999999999999993,1.0,87.3
пельмени мираторг,2,32,151,22,32,36,7,6,1.088235294117647,0.14285714285714285,4.162162162162162,1.9166666666666667,0.7777777777777778,1.0,0.9425673807323827,0.4223016732545044,0.9999999952573352,1.0,87.3
моцарелла мини,2,65,327,52,63,73,8,6,1.1384615384615384,0.1572700296735905,4.45945945945946,4.076923076923077,0.7,1.0,0.9569503248266694,0.4083702645057261,1.0,1.0,87.3
умный пекарь,2,30,84,10,22,24,6,5,1.0416666666666667,0.11702127659574468,3.48,1.0,0.75,1.0,0.9037133435337177,0.4622142759218632,0.9999546000702375,1.0,87.3
ножки куриные,2,64,313,57,62,64,16,11,1.015625,0.17956656346749225,4.861538461538461,2.761904761904762,0.6666666666666666,1.0,0.9724383859430409,0.3919602102414796,0.9999999999989879,1.0,87.3
крабовое мясо,2,93,398,61,89,91,64,7,1.010989010989011,0.15196078431372548,4.358695652173913,0.8985507246376812,0.12121212121212122,1.0,0.952127578228798,0.412902052790246,0.9998747886246975,1.0,87.3
свекла вареная,2,186,895,143,179,194,120,17,1.0773480662983426,0.1591160220994475,4.605128205128205,1.152,0.14754098360655737,1.0,0.9585107301076935,0.4021317208538899,0.9999900704956941,1.0,87.2
сиртаки,1,72,356,65,67,70,9,7,1.0289855072463767,0.18032786885245902,5.056338028169014,4.714285714285714,0.7272727272727273,1.0,0.9728548633361029,0.3848454437289223,1.0,1.0,87.2
апельсины свежие,2,248,1265,217,244,259,22,21,1.056910569105691,0.17098039215686275,4.876923076923077,8.074074074074074,0.9166666666666666,1.0,0.9672747341394192,0.3913800860826586,1.0,1.0,87.2
вырезка говяжья,2,35,113,12,34,35,5,3,1.0,0.10569105691056911,3.2222222222222223,1.3,0.5714285714285714,1.0,0.8792244166154509,0.48123137206264716,0.999997739670593,1.0,87.2
спаржа,1,108,378,40,103,116,10,6,1.1142857142857143,0.1056701030927835,3.2564102564102564,2.7333333333333334,0.5833333333333334,1.0,0.87917379181702,0.4785519677891615,0.9999999999986533,1.0,87.2
чокопай,1,135,514,68,124,128,19,8,1.0238095238095237,0.1316793893129771,4.007751937984496,2.875,0.42857142857142855,1.0,0.9281796765274026,0.43026240297585094,0.9999999999996734,1.0,87.2
малиновое варенье,2,34,168,32,32,33,7,6,1.0,0.1853932584269663,5.029411764705882,2.75,0.7777777777777778,1.0,0.9754701655236523,0.38579990037303213,0.99999999999886,1.0,87.2
тархун,1,66,291,45,62,65,6,11,1.03125,0.15282392026578073,4.454545454545454,4.181818181818182,1.5,1.0,0.9529468942382661,0.4085870322686756,1.0,1.0,87.2
юбилейное печенье,2,51,276,63,49,50,6,7,1.0,0.22377622377622378,5.470588235294118,5.818181818181818,1.0,1.0,0.9886157502019028,0.3712094587925895,1.0,1.0,87.2
онигири,1,130,362,43,113,97,7,8,0.8521739130434782,0.11827956989247312,3.7244897959183674,3.6666666666666665,1.0,1.0,0.9061062446195051,0.44639697705576536,0.9999999999999999,1.0,87.1
бумага для выпечки,3,60,285,51,58,56,6,5,0.95,0.17627118644067796,5.052631578947368,4.7272727272727275,0.75,1.0,0.9705606695666811,0.3849762943386675,1.0,1.0,87.1
профитроли,1,70,316,44,64,75,7,5,1.1515151515151516,0.13803680981595093,4.197368421052632,3.75,0.6666666666666666,1.0,0.9367548096598628,0.42056011944523203,1.0,1.0,87.1
кокосовое молоко aroy-d,3,33,178,32,33,35,5,5,1.0285714285714285,0.17553191489361702,5.027777777777778,3.3,0.8571428571428571,1.0,0.9701221626108811,0.3858581102620287,0.9999999999999953,1.0,87.1
палочки ватные,2,33,170,31,33,33,7,5,0.9714285714285714,0.17777777777777778,5.088235294117647,2.6666666666666665,0.6666666666666666,1.0,0.9714344992154497,0.38372630313159295,0.9999999999973769,1.0,87.1
рис для суши,3,66,165,14,62,63,19,2,1.0,0.08571428571428572,2.625,0.625,0.14285714285714285,1.0,0.8199076878520477,0.5382186376622965,0.9980695458637723,1.0,87.1
лаваш тонкий,2,31,107,13,29,29,16,2,0.967741935483871,0.11965811965811966,3.6666666666666665,0.6666666666666666,0.16666666666666666,1.0,0.908659627508976,0.44996553731885225,0.9987273661986602,1.0,87.1
ананасы консервированные,2,130,663,112,123,130,9,7,1.048,0.16790490341753342,5.083969465648855,8.071428571428571,0.7272727272727273,1.0,0.965198614102388,0.3838752565177673,1.0,1.0,87.0
маслины без косточки,3,141,737,129,136,140,8,10,1.0217391304347827,0.17402945113788487,5.24822695035461,10.0,1.1,1.0,0.9692107298902202,0.3782939677916771,1.0,1.0,87.0
чечевица красная,2,49,238,41,48,46,7,3,0.94,0.1693548387096774,5.127659574468085,3.5,0.4444444444444444,1.0,0.9661933170016727,0.38236002667954516,0.9999999999999993,1.0,87.0
соус терияки,2,44,204,33,42,42,7,5,0.9772727272727273,0.1588785046728972,4.813953488372093,2.8333333333333335,0.6666666666666666,1.0,0.9583131727537684,0.39377527449680816,0.9999999999995045,1.0,87.0
лечо,1,70,294,40,64,68,7,8,1.0454545454545454,0.13486842105263158,4.304347826086956,3.4166666666666665,1.0,1.0,0.9326173977374457,0.4154246540085596,0.9999999999999986,1.0,87.0
облепиха,1,39,189,29,38,40,18,6,1.025,0.1507537688442211,4.682926829268292,1.3043478260869565,0.35,1.0,0.9509578612959284,0.39894134689538685,0.9999978358399964,1.0,87.0
краковская колбаса,2,36,180,27,36,39,14,7,1.0526315789473684,0.14736842105263157,4.575,1.4736842105263157,0.5,1.0,0.9475223765925337,0.40339305109067636,0.9999996020112527,1.0,87.0
лук репчатый,2,926,4854,871,897,912,11,32,1.0155728587319244,0.17927631578947367,5.319824753559693,54.5,2.5384615384615383,1.0,0.9722779267749708,0.37595616646815494,1.0,1.0,87.0
айран,1,42,212,32,40,45,8,6,1.0952380952380953,0.14864864864864866,4.673913043478261,2.5384615384615383,0.7,1.0,0.9488489865237301,0.39930615914705037,0.9999999999905463,1.0,87.0
томаты протертые,2,52,246,35,50,55,34,4,1.0769230769230769,0.140625,4.446428571428571,0.9230769230769231,0.1388888888888889,1.0,0.939945332104692,0.4089460196363486,0.9999020221603387,1.0,87.0
кабачок свежий,2,64,258,33,64,64,36,6,0.9848484848484849,0.12686567164179105,4.015384615384615,0.8292682926829268,0.18421052631578946,1.0,0.920921435459476,0.4298560211368825,0.9997496580880872,1.0,87.0
булгур,1,180,776,106,166,180,10,10,1.0773809523809523,0.1361323155216285,4.303867403314917,7.133333333333334,0.9166666666666666,1.0,0.9342993401677102,0.4154472064678244,1.0,1.0,87.0
филе бедра куриное,3,105,506,80,102,103,31,9,1.0,0.1569767441860465,4.894230769230769,2.25,0.30303030303030304,1.0,0.9566970658816483,0.3907312994345183,0.9999999998308102,1.0,86.9
кунжутное масло,2,39,196,29,39,42,6,5,1.048780487804878,0.14563106796116504,4.627906976744186,2.727272727272727,0.75,1.0,0.945666883585537,0.4011877592767953,0.9999999999985691,1.0,86.9
груша конференция,2,38,180,22,36,45,25,6,1.2105263157894737,0.12105263157894737,3.9782608695652173,0.7666666666666667,0.25925925925925924,1.0,0.9111719349964296,0.43184571385941173,0.9995318241883472,1.0,86.9
горбуша консервы,2,51,241,33,47,55,24,4,1.1428571428571428,0.13545816733067728,4.357142857142857,1.1724137931034482,0.19230769230769232,1.0,0.9334075017463126,0.4129733482012618,0.9999919039796435,1.0,86.9
печенье юбилейное,2,153,784,142,145,144,6,7,0.9863945578231292,0.1801007556675063,5.427586206896552,13.0,1.0,1.0,0.9727312825113598,0.37253978618625044,1.0,1.0,86.9
твикс,1,109,530,87,99,103,12,8,1.0297029702970297,0.16296296296296298,5.125,5.176470588235294,0.6428571428571429,1.0,0.9615831555976672,0.3824516139909933,1.0,1.0,86.9
ряженка агуша,2,51,315,75,51,52,7,9,1.0,0.23384615384615384,6.0,6.333333333333333,1.1111111111111112,1.0,0.9906923913315637,0.3562071871080222,1.0,1.0,86.9
тыква свежая,2,36,136,16,34,35,6,3,1.0,0.11643835616438356,3.861111111111111,1.5454545454545454,0.5,1.0,0.9025842252752371,0.43834922566071144,0.9999998058326566,1.0,86.8
манго сушеный без сахара,4,54,311,23,50,129,3,3,2.5,0.07476635514018691,2.4153846153846152,3.0,0.8,1.0,0.7758247356212351,0.564318782510175,0.9999999999999064,1.0,86.8
принглс,1,37,199,29,36,42,7,7,1.131578947368421,0.14354066985645933,4.6976744186046515,2.5,0.8888888888888888,1.0,0.9433471734129185,0.3983471486446167,0.9999999999861121,1.0,86.8
виноград свежий,2,63,294,41,62,63,31,10,1.0,0.13815789473684212,4.640625,1.1666666666666667,0.3333333333333333,1.0,0.9369077851322528,0.40066429709549256,0.9999914250608973,1.0,86.8
ватные палочки,2,192,988,166,185,187,7,7,1.0053475935828877,0.16733466933867736,5.2712765957446805,13.916666666666666,0.8888888888888888,1.0,0.9647994434975212,0.3775352694896407,1.0,1.0,86.8
капуста пекинская,2,65,293,42,63,63,53,9,0.9846153846153847,0.1419141914191419,4.625,0.7413793103448276,0.18181818181818182,1.0,0.941473979477666,0.40130776628563297,0.9993971204325253,1.0,86.8
томаты в собственном соку,4,105,526,78,103,108,13,7,1.0380952380952382,0.14738805970149255,4.853211009174312,4.388888888888889,0.5333333333333333,1.0,0.9475429843375692,0.3922755777973126,1.0,1.0,86.8
огурцы соленые,2,200,1007,158,190,200,9,8,1.046875,0.15634218289085547,5.024875621890548,11.357142857142858,0.8181818181818182,1.0,0.9561439964211487,0.38596158023145793,1.0,1.0,86.8
горчица,1,229,1214,203,218,226,32,10,1.0318181818181817,0.16666666666666666,5.361233480176211,5.513513513513513,0.3235294117647059,1.0,0.9643260066527476,0.3746291350079464,1.0,1.0,86.8
халапеньо,1,49,252,40,44,49,8,6,1.0869565217391304,0.15648854961832062,5.1,3.1538461538461537,0.7,1.0,0.9562721898914881,0.3833166425669464,0.9999999999999799,1.0,86.8
adrenaline rush,2,32,126,18,28,27,8,4,0.9333333333333333,0.13970588235294118,4.607142857142857,1.4615384615384615,0.5,1.0,0.9388311769809037,0.4020478990268903,0.9999995506144427,1.0,86.8
малоежка,1,58,194,22,50,52,4,5,1.0192307692307692,0.11274509803921569,3.7169811320754715,2.5555555555555554,1.0,1.0,0.8951161740397167,0.4468547132091641,0.9999999999920317,1.0,86.8
микролакс,1,38,181,26,36,38,4,3,1.0263157894736843,0.14136125654450263,4.717948717948718,3.0,0.6666666666666666,1.0,0.9408231659790283,0.39753564772891575,0.9999999999999064,1.0,86.8
блокнот,1,63,92,4,56,57,3,2,1.0,0.049019607843137254,1.6379310344827587,0.625,0.6,1.0,0.6248360531164665,0.7145884713512485,0.9980695458637723,1.0,86.7
помидоры в собственном соку,4,32,141,19,31,31,11,4,0.9696969696969697,0.13245033112582782,4.5,1.25,0.38461538461538464,1.0,0.9292785687445255,0.40659800924006667,0.999996273346828,1.0,86.7
донат,1,107,528,77,100,108,7,9,1.0686274509803921,0.1449814126394052,4.871559633027523,6.5,1.1111111111111112,1.0,0.9449563214124819,0.39158196358781727,1.0,1.0,86.7
пшено крупа,2,32,145,19,31,33,6,5,1.0303030303030303,0.12903225806451613,4.352941176470588,1.8181818181818181,0.75,1.0,0.9242748666649296,0.41316649247615705,0.9999999873019599,1.0,86.7
хлеб тостовый белый,3,31,184,28,31,36,15,8,1.121212121212121,0.14948453608247422,5.054054054054054,1.45,0.5294117647058824,1.0,0.9496970080556041,0.3849260560029472,0.9999994956523375,1.0,86.7
гхи,1,50,180,22,46,43,7,8,0.9166666666666666,0.12105263157894737,4.159090909090909,1.9166666666666667,1.0,1.0,0.9111719349964296,0.42245484929047283,0.9999999952573352,1.0,86.7
круассаны замороженные,2,125,689,116,123,125,6,7,1.008,0.16738197424892703,5.492063492063492,10.636363636363637,1.0,1.0,0.9648327309317691,0.3705519257940532,1.0,1.0,86.7
липтон чай холодный,3,56,320,59,54,55,8,6,1.0,0.18181818181818182,5.767857142857143,4.615384615384615,0.7,1.0,0.9736520191855513,0.3624896945661913,1.0,1.0,86.7
молоко агуша,2,74,386,63,72,72,56,5,0.9864864864864865,0.16161616161616163,5.328767123287672,1.0491803278688525,0.10344827586206896,1.0,0.9605342958000475,0.3756680576630373,0.9999722369144811,1.0,86.7
груша свежая,2,35,207,35,35,37,18,10,1.027027027027027,0.16589861751152074,5.526315789473684,1.565217391304348,0.55,1.0,0.9637737885960034,0.36951244500527536,0.9999998406517715,1.0,86.7
фольга пищевая,2,83,431,71,79,79,6,7,0.9876543209876543,0.16326530612244897,5.425,6.545454545454546,1.0,1.0,0.9618147560660784,0.3726203827542807,1.0,1.0,86.7
голень куриная,2,153,769,112,144,150,20,15,1.0342465753424657,0.14505776636713735,5.112582781456954,4.52,0.7272727272727273,1.0,0.945040313066366,0.3828803331805409,1.0,1.0,86.6
терафлю,1,68,321,47,59,64,4,5,1.0655737704918034,0.14501510574018128,4.984615384615385,5.333333333333333,1.0,1.0,0.9449934007620909,0.3874079204462937,1.0,1.0,86.6
дрожжи,1,119,608,89,113,118,17,3,1.0347826086956522,0.14563106796116504,5.1344537815126055,4.090909090909091,0.21052631578947367,1.0,0.945666883585537,0.38212643487833864,1.0,1.0,86.6
молоко пармалат,2,35,193,31,34,35,11,6,1.0,0.15763546798029557,5.444444444444445,2.0,0.5384615384615384,1.0,0.9572638178156753,0.37201606006317756,0.9999999979388464,1.0,86.6
ушные палочки,2,46,248,40,45,45,7,5,0.9787234042553191,0.15891472868217055,5.456521739130435,3.4166666666666665,0.6666666666666666,1.0,0.9583433630966302,0.37164260420922535,0.9999999999999986,1.0,86.6
снежок,1,92,438,59,88,93,33,16,1.0444444444444445,0.13392857142857142,4.691489361702128,1.5789473684210527,0.4857142857142857,1.0,0.931338828486915,0.39859594902038525,0.9999998610947352,1.0,86.6
печень куриная,2,161,942,144,159,176,11,9,1.0993788819875776,0.15231092436974789,5.338983050847458,9.0625,0.7692307692307693,1.0,0.9524616481996231,0.37533995329766867,1.0,1.0,86.6
гранатовый сок,2,59,207,20,57,61,5,4,1.0508474576271187,0.0967741935483871,3.3870967741935485,2.1,0.7142857142857143,1.0,0.8556455969827983,0.4687646787367158,0.999999999241744,1.0,86.5
адреналин раш,2,60,307,46,55,57,8,4,1.0175438596491229,0.14826498422712933,5.344827586206897,3.6153846153846154,0.5,1.0,0.9484549803154142,0.3751527395556268,0.9999999999999998,1.0,86.5
изюм,1,118,514,60,109,124,41,6,1.1261261261261262,0.11641221374045801,4.136,1.326086956521739,0.16279069767441862,1.0,0.9025332782680173,0.4236130016310034,0.9999982586842724,1.0,86.5
курица тушка,2,186,906,128,174,178,89,27,1.0170454545454546,0.1408296943231441,5.078212290502793,1.372340425531915,0.3076923076923077,1.0,0.9401906865273704,0.3840766338234179,0.9999989035186252,1.0,86.5
кукурузные палочки,2,95,450,60,90,93,8,6,1.0217391304347827,0.13260869565217392,4.819148936170213,4.6923076923076925,0.7,1.0,0.9295022097088786,0.39357556047263303,1.0,1.0,86.5
бумажные полотенца в рулоне,4,138,731,112,134,135,10,9,1.0,0.1524966261808367,5.397058823529412,7.533333333333333,0.8333333333333334,1.0,0.9526378798921094,0.3734954553323505,1.0,1.0,86.5
огурцы свежие,2,1557,8523,1321,1501,1528,28,42,1.0172987358616101,0.15492792687214343,5.57619359058208,40.06060606060606,1.4333333333333333,1.0,0.9548858140435288,0.368018761854776,1.0,1.0,86.5
гречневые хлопья,2,48,298,47,48,53,8,5,1.08,0.15584415584415584,5.574074074074074,3.6923076923076925,0.6,1.0,0.9557049841319768,0.3680817590196261,0.9999999999999999,1.0,86.5
доширак,1,354,2019,339,335,349,6,7,1.0385756676557865,0.16757023164120255,5.777142857142858,30.90909090909091,1.0,1.0,0.964964891940136,0.36222996526418405,1.0,1.0,86.5
бумажные полотенца,2,671,3852,600,652,688,15,11,1.0535168195718654,0.15561885033661316,5.595065312046444,30.05,0.7058823529411765,1.0,0.9555049355293214,0.36745968858847045,1.0,1.0,86.5
терияки,1,58,289,39,57,59,6,5,1.0169491525423728,0.13377926421404682,4.866666666666666,3.6363636363636362,0.75,1.0,0.9311334898888662,0.39176647543686727,0.9999999999999999,1.0,86.5
лимонный сок,2,52,336,56,51,58,16,3,1.1132075471698113,0.16473988439306358,5.745762711864407,2.7142857142857144,0.2222222222222222,1.0,0.9629244548786761,0.363110636056607,0.9999999999983706,1.0,86.5
соломка,1,61,306,42,55,61,11,6,1.087719298245614,0.1360759493670886,4.983870967741935,2.6875,0.5384615384615384,1.0,0.934225232533025,0.3874348574137667,0.9999999999978703,1.0,86.4
чабан,1,36,214,41,35,32,12,8,0.8918918918918919,0.1875,6.575757575757576,2.4705882352941178,0.6428571428571429,1.0,0.9764822541439909,0.34230278854110724,0.9999999999813632,1.0,86.4
бородинский хлеб,2,49,287,43,49,52,16,9,1.0392156862745099,0.14814814814814814,5.471698113207547,2.0952380952380953,0.5555555555555556,1.0,0.9483343931211154,0.3711753656590694,0.999999999204763,1.0,86.4
творог агуша,2,55,398,93,54,55,11,11,1.0,0.23039215686274508,7.160714285714286,5.875,0.9230769230769231,1.0,0.9900266938211334,0.3301751602700179,1.0,1.0,86.4
гренки,1,45,38,2,42,28,1,1,0.6590909090909091,0.0625,1.4137931034482758,0.5,0.6666666666666666,0.8238636363636364,0.7134952031398099,0.7865951464235432,0.9932620530009145,1.0,86.3
грибы свежие,2,40,228,31,38,44,14,13,1.125,0.13445378151260504,5.133333333333334,1.6842105263157894,0.875,1.0,0.9320562845317321,0.3821649195673548,0.9999999515195525,1.0,86.3
вареная сгущенка,2,58,284,40,58,59,59,5,1.0,0.13945578231292516,4.783333333333333,0.640625,0.09836065573770492,1.0,0.9385244439793863,0.39496011041000506,0.9983487950749963,0.9836065573770492,86.3
липтон,1,179,979,159,162,160,8,9,0.9817073170731707,0.16177957532861476,6.099378881987578,12.307692307692308,1.0,1.0,0.9606630699954855,0.3536452037605473,1.0,1.0,86.3
молоко parmalat,2,50,254,35,49,49,14,8,0.9803921568627451,0.13636363636363635,5.14,1.894736842105263,0.5625,1.0,0.9346025967701398,0.3819361530939487,0.9999999940944215,1.0,86.3
милки вэй,2,31,187,25,31,37,6,5,1.1515151515151516,0.1319796954314721,5.0,2.3636363636363638,0.75,1.0,0.9286097453629578,0.38685280723454163,0.9999999999456928,1.0,86.3
огурец свежий,2,153,842,127,148,149,26,18,1.0,0.15023474178403756,5.633333333333334,4.129032258064516,0.6785714285714286,1.0,0.9504461259044257,0.36633605723684526,1.0,1.0,86.3
творожок агуша,2,49,408,107,49,52,11,10,1.0392156862745099,0.2583732057416268,7.754716981132075,6.75,0.8461538461538461,1.0,0.9943009974736513,0.31948263844752745,1.0,1.0,86.3
мирамистин,1,47,304,48,44,51,5,5,1.1304347826086956,0.15605095541401273,5.903846153846154,4.9,0.8571428571428571,1.0,0.9558878095936505,0.3587572242042106,1.0,1.0,86.3
айсберг салат,2,222,1208,170,222,229,25,13,1.0267857142857142,0.14039408866995073,5.265217391304348,5.7,0.5185185185185185,1.0,0.9396673446294047,0.377734147998632,1.0,1.0,86.3
сыр ламбер,2,118,167,8,114,116,33,4,1.0086206896551724,0.05084745762711865,1.452991452991453,0.23684210526315788,0.14285714285714285,1.0,0.6383032598131753,0.7724738479142639,0.9063715559866112,1.0,86.3
энергетик без сахара,3,82,357,45,72,74,29,6,1.0135135135135136,0.12534059945504086,4.8,1.3529411764705883,0.22580645161290322,1.0,0.9184722633060782,0.3943135412929604,0.9999986687760353,1.0,86.3
сыр чечил,2,34,198,32,33,33,7,7,0.9714285714285714,0.15865384615384615,5.911764705882353,2.75,0.8888888888888888,1.0,0.958125445306433,0.35854449653538734,0.99999999999886,1.0,86.3
сахар песок,2,32,268,42,30,45,8,4,1.4375,0.15467625899280577,5.891304347826087,3.3076923076923075,0.5,1.0,0.9546581657764248,0.3590951711384322,0.9999999999999957,1.0,86.3
салфетки бумажные в коробке,4,41,182,22,39,40,5,5,1.0,0.11979166666666667,4.512195121951219,2.3,0.8571428571428571,1.0,0.9089032666614493,0.4060704350018693,0.9999999998973812,1.0,86.3
авокадо свежее,2,34,184,23,33,39,13,11,1.1428571428571428,0.12371134020618557,4.675,1.3333333333333333,0.8,1.0,0.9157719101015427,0.3992621009686632,0.9999983804032077,1.0,86.3
зеленая гречка,2,31,247,40,30,39,48,7,1.25,0.15953307392996108,6.25,0.7735849056603774,0.16,1.0,0.958855354366977,0.34989735820666745,0.9995631187140346,1.0,86.2
burn,1,38,207,30,34,36,7,5,1.0277777777777777,0.14285714285714285,5.675675675675675,2.5833333333333335,0.6666666666666666,1.0,0.9425673807323827,0.3651082322923127,0.9999999999939643,1.0,86.2
болгарский перец,2,97,604,93,94,99,40,16,1.0416666666666667,0.15309446254071662,6.07,2.088888888888889,0.40476190476190477,1.0,0.9532008037716689,0.3543950029566419,0.9999999991526344,1.0,86.2
доширак лапша быстрого приготовления,4,48,352,49,43,65,5,7,1.4666666666666666,0.13812154696132597,5.378787878787879,5.0,1.1428571428571428,1.0,0.9368619032239638,0.3740719783365051,1.0,1.0,86.2
полотенца бумажные,2,208,1280,189,199,224,12,11,1.1194029850746268,0.14728682170542637,5.702222222222222,11.176470588235293,0.8571428571428571,1.0,0.9474366638742803,0.36434657154994865,1.0,1.0,86.2
гречка мистраль,2,51,265,36,50,50,39,5,0.9807692307692307,0.13454545454545455,5.254901960784314,0.8409090909090909,0.14634146341463414,1.0,0.9321807425316451,0.3780736530055105,0.9997771676602784,1.0,86.2
груши свежие,2,79,498,80,77,81,18,12,1.0379746835443038,0.1594488188976378,6.109756097560975,3.5217391304347827,0.65,1.0,0.9587859630487647,0.35338185587823157,0.9999999999999994,1.0,86.2
соус цезарь,2,79,432,62,73,77,50,5,1.04,0.1425339366515837,5.576923076923077,1.1454545454545455,0.11538461538461539,1.0,0.9421949266556296,0.36799708943665166,0.9999893988222502,1.0,86.2
чайник заварочный,2,51,164,16,46,45,7,3,0.9583333333333334,0.09770114942528736,3.630434782608696,1.4166666666666667,0.4444444444444444,1.0,0.8582971455976596,0.4522538300832577,0.9999992961261356,1.0,86.2
кукуруза консервированная,2,437,2698,422,419,441,29,12,1.0498812351543942,0.15620384047267355,6.110859728506787,12.441176470588236,0.41935483870967744,1.0,0.9560224854857627,0.35335389414228774,1.0,1.0,86.2
шпинат замороженный,2,30,161,22,29,30,11,3,1.0,0.13450292397660818,5.290322580645161,1.4375,0.3076923076923077,1.0,0.9321230301577467,0.376912737439022,0.9999994284992264,1.0,86.2
чебурек,1,72,391,56,66,70,12,7,1.0441176470588236,0.14214463840399003,5.549295774647887,3.3529411764705883,0.5714285714285714,1.0,0.9417431017164734,0.36882134986640697,0.9999999999999972,1.0,86.2
нурофен экспресс,2,30,212,29,30,38,26,9,1.21875,0.13513513513513514,5.512820512820513,0.967741935483871,0.35714285714285715,1.0,0.9329758785473916,0.36992064716535694,0.9999373169420417,1.0,86.1
чупа чупс,2,151,750,97,142,146,9,4,1.0208333333333333,0.12894736842105264,5.122448979591836,7.0,0.45454545454545453,1.0,0.9241461918728655,0.38253954168149334,1.0,1.0,86.1
сок гранатовый,2,46,157,14,44,47,5,5,1.0434782608695652,0.08982035928143713,3.3333333333333335,1.5,0.8571428571428571,1.0,0.834106155413359,0.4727065797567951,0.9999996940976795,1.0,86.1
слоеное тесто бездрожжевое,3,33,171,22,33,33,9,4,0.9714285714285714,0.1270718232044199,5.117647058823529,1.6428571428571428,0.45454545454545453,1.0,0.9212468076317408,0.3827052618965099,0.9999999266901919,1.0,86.1
укроп,1,266,1530,223,252,257,28,13,1.015748031496063,0.14545454545454545,5.941860465116279,6.787878787878788,0.4666666666666667,1.0,0.9454747242225648,0.3577404924605025,1.0,1.0,86.1
перец болгарский,2,569,3490,501,557,593,33,28,1.0626118067978534,0.14342857142857143,5.880471380471381,13.210526315789474,0.8285714285714286,1.0,0.9432200170700026,0.3593880819167836,1.0,1.0,86.1
гуляш,1,33,148,18,31,31,10,6,0.9696969696969697,0.12025316455696203,4.71875,1.2666666666666666,0.5833333333333334,1.0,0.9097402172154795,0.3975037024616178,0.9999968454561948,1.0,86.1
пленка пищевая,2,41,201,26,39,39,5,3,0.975609756097561,0.12796208530805686,5.1,2.7,0.5714285714285714,1.0,0.9226366176172065,0.3833166425669464,0.9999999999981205,1.0,86.1
агуша творожок,2,108,933,228,108,112,15,11,1.0272727272727273,0.24284199363732767,8.283185840707965,11.45,0.7058823529411765,1.0,0.9922249848529613,0.31107875890449893,1.0,1.0,86.1
тертый сыр,2,64,406,61,64,64,10,10,0.9848484848484849,0.14903846153846154,6.292307692307692,4.133333333333334,0.9166666666666666,1.0,0.9492462225221536,0.3488726520210877,1.0,1.0,86.0
картошка фри,2,49,258,34,48,48,38,8,0.98,0.13059701492537312,5.326530612244898,0.813953488372093,0.225,1.0,0.9266079968720433,0.3757400348649577,0.9997082271250056,1.0,86.0
крахмал,1,72,367,49,64,67,9,2,1.0303030303030303,0.13262599469496023,5.4411764705882355,3.5714285714285716,0.2727272727272727,1.0,0.9295265963757872,0.37211736238275084,0.9999999999999997,1.0,86.0
средство для стекол,3,32,150,18,31,31,16,6,0.9696969696969697,0.11875,4.78125,0.9047619047619048,0.3888888888888889,1.0,0.9069855107893365,0.3950412119222977,0.9998823291276068,1.0,86.0
бульмени,1,47,207,24,44,44,5,5,0.9782608695652174,0.1152073732718894,4.666666666666667,2.5,0.8571428571428571,1.0,0.9001561152575295,0.39960034522454374,0.9999999999861121,1.0,86.0
агуша йогурт,2,35,269,52,35,35,9,8,0.972972972972973,0.18996415770609318,7.555555555555555,3.7857142857142856,0.8181818181818182,1.0,0.9776131859990529,0.3229075589350839,1.0,1.0,86.0
геркулес,1,189,1099,146,177,193,10,9,1.0837988826815643,0.13255184851217314,5.680412371134021,9.8,0.8333333333333334,1.0,0.9294220121724233,0.36497187393357344,1.0,1.0,85.9
томатная паста,2,619,3654,510,593,616,17,12,1.0369747899159665,0.1394650655021834,5.927066450567261,23.227272727272727,0.6842105263157895,1.0,0.9385358567043146,0.3581348249272074,1.0,1.0,85.9
ред булл,2,68,439,66,63,67,12,8,1.0461538461538462,0.1492204899777283,6.5,3.9411764705882355,0.6428571428571429,1.0,0.9494306592092481,0.3440101947801938,1.0,1.0,85.9
имбирь,1,145,772,100,136,139,22,11,1.0144927536231885,0.12915601023017903,5.535714285714286,3.740740740740741,0.5,1.0,0.924462057901069,0.369229190125942,0.9999999999999999,1.0,85.9
перец болгарский свежий,3,102,642,94,102,103,29,19,1.0,0.14570552147239263,6.201923076923077,2.7941176470588234,0.6451612903225806,1.0,0.9457477292040568,0.3510764824324637,0.9999999999992667,1.0,85.9
цукини,1,64,387,56,63,63,11,5,0.9846153846153847,0.14357682619647355,6.09375,3.5625,0.46153846153846156,1.0,0.9433881257814734,0.35378837635240523,0.9999999999999997,1.0,85.9
лед,1,131,657,85,119,121,33,10,1.0082644628099173,0.12893553223388307,5.409836065573771,2.263157894736842,0.3142857142857143,1.0,0.9241282333499345,0.37309430985262243,0.9999999998516697,1.0,85.9
варенье малиновое,2,31,170,21,31,33,7,5,1.0303030303030303,0.12222222222222222,5.088235294117647,1.8333333333333333,0.6666666666666666,1.0,0.9132256705260707,0.38372630313159295,0.9999999890872426,1.0,85.9
дорадо,1,38,119,12,35,29,7,5,0.8108108108108109,0.10077519379844961,4.066666666666666,1.0833333333333333,0.6666666666666666,1.0,0.8667467566599005,0.4271611405960976,0.9999802692718589,1.0,85.9
ершики для унитаза,3,49,197,21,45,46,36,4,1.0,0.10628019323671498,4.25531914893617,0.5365853658536586,0.13157894736842105,1.0,0.8806391313195396,0.41774961641972636,0.9953265310094808,1.0,85.9
моти,1,132,629,88,122,104,6,7,0.8467741935483871,0.13928012519561817,6.019047619047619,8.090909090909092,1.0,1.0,0.9383080917847707,0.35571045035995336,1.0,1.0,85.9
тест на беременность,3,255,1617,246,227,250,13,10,1.0960698689956332,0.15181315304240933,6.4541832669322705,13.722222222222221,0.7333333333333333,1.0,0.951986020017712,0.34505957460282305,1.0,1.0,85.9
груши,1,82,484,71,75,77,19,11,1.0129870129870129,0.145748987854251,6.243589743589744,3.0,0.5714285714285714,1.0,0.945794871708329,0.3500536655183383,0.9999999999999064,1.0,85.9
сахарный песок,2,118,731,108,113,114,14,8,1.0,0.14709851551956815,6.3826086956521735,5.7368421052631575,0.5625,1.0,0.9472383306080597,0.34672492566400015,1.0,1.0,85.9
гель для бровей,3,30,153,18,30,31,10,5,1.0,0.1165644171779141,4.875,1.2666666666666666,0.5,1.0,0.9028295225469865,0.39145242466054164,0.9999968454561948,1.0,85.9
nordic,1,51,420,85,49,51,11,10,1.0196078431372548,0.2,8.134615384615385,5.375,0.8461538461538461,1.0,0.9816843611112658,0.3133476067374805,1.0,1.0,85.9
fit parad,2,35,258,29,33,56,4,5,1.6285714285714286,0.11194029850746269,4.578947368421052,3.3333333333333335,1.0,1.0,0.8934143050691062,0.4032269541656605,0.9999999999999967,1.0,85.9
миндальная мука,2,67,273,30,62,69,29,2,1.09375,0.10954063604240283,3.942857142857143,0.9117647058823529,0.0967741935483871,1.0,0.8881741715061747,0.43377451470703293,0.9998902874790205,0.967741935483871,85.8
резинки для волос,3,50,103,5,47,53,4,1,1.1020408163265305,0.05309734513274336,1.962962962962963,0.6666666666666666,0.3333333333333333,1.0,0.6542180492245389,0.6381455621782964,0.9987273661986602,1.0,85.8
балык,1,31,177,22,30,33,12,5,1.0625,0.12299465240641712,5.294117647058823,1.3529411764705883,0.42857142857142855,1.0,0.9145559111161179,0.37678916283048136,0.9999986687760353,1.0,85.8
соевый соус,2,367,2150,291,345,365,14,9,1.0547550432276658,0.13518518518518519,5.882513661202186,15.368421052631579,0.625,1.0,0.9330429361920728,0.35933278920894834,1.0,1.0,85.8
морковка свежая,2,34,235,36,31,34,36,13,1.0606060606060606,0.1510204081632653,6.8,0.9024390243902439,0.3684210526315789,1.0,0.9512186964381032,0.33744178560894844,0.9998795637804982,1.0,85.8
хлеб бородинский,2,53,314,41,52,54,15,9,1.0185185185185186,0.12962962962962962,5.763636363636364,2.1,0.5882352941176471,1.0,0.9251742044076756,0.36260799449687564,0.999999999241744,1.0,85.8
молоко топленое,2,53,325,45,51,54,68,6,1.0377358490566038,0.1373134328358209,5.963636363636364,0.6301369863013698,0.1,1.0,0.9358331564123717,0.35716315569440016,0.9981662089868178,1.0,85.8
горошек консервированный,2,319,2198,329,308,327,12,12,1.0580645161290323,0.14945652173913043,6.710365853658536,19.41176470588235,0.9285714285714286,1.0,0.9496688160527861,0.33935123922952803,1.0,1.0,85.8
картофель фри,2,86,447,54,82,86,35,7,1.0357142857142858,0.12035010940919037,5.172413793103448,1.375,0.21621621621621623,1.0,0.9099150520933779,0.3808312719455577,0.99999893229599,1.0,85.8
рис для плова,3,96,551,70,94,99,30,8,1.0416666666666667,0.1265597147950089,5.54,2.0285714285714285,0.28125,1.0,0.9204360593675202,0.3691003050077012,0.9999999984510899,1.0,85.8
творог пластовой,2,51,321,44,50,54,59,7,1.0576923076923077,0.13595166163141995,5.890909090909091,0.703125,0.13114754098360656,1.0,0.9340615292159202,0.3591058419408272,0.9991161736930649,1.0,85.8
полотенца бумажные в рулонах,4,73,493,70,71,79,11,11,1.095890410958904,0.1411530815109344,6.2,4.4375,0.9230769230769231,1.0,0.940576269570829,0.3511239768900029,1.0,1.0,85.8
сыр тертый,2,315,1981,284,306,310,12,9,1.0097402597402598,0.14314414866901054,6.379421221864952,16.764705882352942,0.7142857142857143,1.0,0.9428961062787753,0.3467998407073586,1.0,1.0,85.8
рис пропаренный,2,40,235,31,38,39,7,6,1.0,0.1306122448979592,5.95,2.6666666666666665,0.7777777777777778,1.0,0.9266303486316171,0.35752426174784163,0.9999999999973769,1.0,85.7
nan 3,2,35,179,22,29,33,9,7,1.096774193548387,0.12169312169312169,5.352941176470588,1.6428571428571428,0.7272727272727273,1.0,0.9123025480214491,0.37489343734929476,0.9999999266901919,1.0,85.7
нори для суши,3,69,289,29,67,69,31,5,1.0144927536231885,0.10033444816053512,4.171428571428572,0.8333333333333334,0.18181818181818182,1.0,0.8655669486321917,0.42184074195918086,0.9997596305235805,1.0,85.7
вода шишкин лес,3,57,247,26,55,55,11,10,0.9824561403508771,0.10505836575875487,4.464285714285714,1.6875,0.8461538461538461,1.0,0.877686433595382,0.4081577808925116,0.9999999530883598,1.0,85.7
твикс батончик,2,32,181,26,27,27,30,3,0.9655172413793104,0.14136125654450263,6.571428571428571,0.7714285714285715,0.125,1.0,0.9408231659790283,0.3423994390367559,0.9995535957892624,1.0,85.7
семечки от мартина,3,199,1531,231,194,218,16,12,1.1173469387755102,0.15055158987670345,7.004566210045662,11.047619047619047,0.7222222222222222,1.0,0.9507591540430426,0.3332418894085951,1.0,1.0,85.7
буженина,1,49,220,24,47,47,6,9,0.9795918367346939,0.10869565217391304,4.645833333333333,2.272727272727273,1.25,1.0,0.8862682920687912,0.4004506606649533,0.9999999998652059,1.0,85.7
бальзамический уксус,2,33,164,17,32,37,12,4,1.1176470588235294,0.10344827586206896,4.394736842105263,1.0588235294117647,0.35714285714285715,1.0,0.8736836137369699,0.41125986981823764,0.9999747891296691,1.0,85.7
рамен,1,112,478,49,106,110,7,6,1.0277777777777777,0.10245901639344263,4.333333333333333,4.166666666666667,0.7777777777777778,1.0,0.8711595327415298,0.4140722453786373,1.0,1.0,85.7
фасоль консервированная,2,144,933,128,140,147,10,10,1.0422535211267605,0.13679745493107104,6.324324324324325,8.6,0.9166666666666666,1.0,0.9351675544901783,0.348105094615583,1.0,1.0,85.7
одеяло,1,50,127,10,44,40,5,4,0.8913043478260869,0.08029197080291971,3.1707317073170733,1.1,0.7142857142857143,1.0,0.7992790042525917,0.48536608859549907,0.9999832982992097,1.0,85.7
називин,1,31,183,27,29,27,6,6,0.9032258064516129,0.14507772020725387,6.642857142857143,2.5454545454545454,0.875,1.0,0.9450622418265638,0.34081861158351245,0.9999999999911848,1.0,85.7
сосиски из индейки,3,73,468,61,72,76,8,11,1.0405405405405406,0.1297071129707113,6.116883116883117,4.769230769230769,1.2,1.0,0.9252900696610507,0.35320143910929663,1.0,1.0,85.6
орео,1,73,356,42,65,67,13,7,1.0149253731343284,0.11748633879781421,5.279411764705882,2.388888888888889,0.5333333333333333,1.0,0.9046047770762602,0.3772688830318994,0.9999999999578122,1.0,85.6
банановое молоко,2,44,236,29,41,42,11,5,1.0,0.12195121951219512,5.558139534883721,1.875,0.46153846153846156,1.0,0.9127540720670131,0.3685567167319878,0.9999999928058669,1.0,85.6
яйца куриные с0,3,269,1495,189,253,258,22,17,1.0156862745098039,0.12624584717607973,5.783783783783784,7.037037037037037,0.75,1.0,0.9199350375756083,0.3620446588703084,1.0,1.0,85.6
"вода детская 0,33",3,53,308,40,50,51,11,6,1.0,0.1289308176100629,5.980769230769231,2.5625,0.5384615384615384,1.0,0.9241210788758668,0.3567114885062618,0.9999999999925663,1.0,85.6
чудо творожок,2,54,482,89,54,55,9,9,1.0,0.18292682926829268,8.660714285714286,6.428571428571429,0.9090909090909091,1.0,0.9742298023703488,0.3056113425337309,1.0,1.0,85.6
pringles,1,126,660,77,114,125,7,9,1.0862068965517242,0.11641791044776119,5.261904761904762,6.5,1.1111111111111112,1.0,0.9025443824231443,0.37784304696733545,1.0,1.0,85.6
боржоми,1,224,1258,162,200,204,15,14,1.0148514851485149,0.12854889589905363,6.151219512195122,8.15,0.8823529411764706,1.0,0.9235392634777029,0.3523373173194089,1.0,1.0,85.5
айсберг,1,178,1039,131,166,171,38,20,1.0238095238095237,0.12583412774070543,6.058139534883721,3.0697674418604652,0.525,1.0,0.9192730296786049,0.35469949050395666,0.9999999999999534,1.0,85.5
лайм,1,130,710,88,119,119,52,7,0.9917355371900827,0.12361111111111112,5.941666666666666,1.5614035087719298,0.14814814814814814,1.0,0.9156028986548873,0.3577456470902805,0.9999998344570382,1.0,85.5
ваза,1,100,258,19,86,86,13,3,0.9886363636363636,0.07462686567164178,3.0,1.1111111111111112,0.26666666666666666,1.0,0.7751984606700384,0.5,0.9999850546614752,1.0,85.5
водка,1,38,19,3,35,15,1,3,0.43243243243243246,0.13793103448275862,1.375,0.6666666666666666,1.3333333333333333,0.5405405405405406,0.9366208724156273,0.8013285941909851,0.9987273661986602,1.0,85.5
холодец,1,66,419,55,63,67,12,8,1.0461538461538462,0.13053613053613053,6.205882352941177,3.2941176470588234,0.6428571428571429,1.0,0.9265185738927432,0.35097878006477,0.999999999999995,1.0,85.5
терияки соус,2,37,223,28,37,37,10,6,0.9743589743589743,0.12446351931330472,5.947368421052632,1.9333333333333333,0.5833333333333334,1.0,0.9170295191011801,0.35759411461766716,0.9999999959854209,1.0,85.5
red bull,2,77,505,65,72,78,8,8,1.0675675675675675,0.12815533980582525,6.430379746835443,5.076923076923077,0.9,1.0,0.9229350569304415,0.3456098628176728,1.0,1.0,85.4
конверт для денег,3,40,142,12,39,39,10,3,0.975609756097561,0.08552631578947369,3.625,0.8666666666666667,0.3333333333333333,1.0,0.8192293748590385,0.4526006366807098,0.9998277677440391,1.0,85.4
морковь свежая,2,680,4636,633,662,673,43,29,1.0150602409638554,0.13646147223417995,6.882789317507418,13.208333333333334,0.6666666666666666,1.0,0.9347304358943568,0.3357162228791734,1.0,1.0,85.4
кинза,1,261,1184,124,240,243,15,10,1.0082644628099173,0.10469011725293133,4.864754098360656,6.25,0.6470588235294118,1.0,0.8767822723607512,0.3918386867866778,1.0,1.0,85.4
маскарпоне,1,190,846,84,170,189,6,6,1.1046511627906976,0.09929906542056074,4.468421052631579,7.7272727272727275,0.875,1.0,0.8627541325104042,0.40797604084249856,1.0,1.0,85.4
лук,1,1009,6741,951,905,936,101,37,1.0330760749724366,0.14101614575618426,7.1974386339381,8.981132075471699,0.36893203883495146,1.0,0.940413301844077,0.32947048989095945,1.0,1.0,85.4
рычал су 1 л,4,57,208,50,52,52,57,4,0.9814814814814815,0.23394495412844038,3.981132075471698,0.8225806451612904,0.0847457627118644,1.0,0.9907107650595671,0.4316906404754603,0.9997323435898363,0.847457627118644,85.4
зеленый горошек консервированный,3,34,241,34,32,33,10,6,1.0,0.1394422310756972,7.176470588235294,2.3333333333333335,0.5833333333333334,1.0,0.9385077803244898,0.32987207020584247,0.9999999999264704,1.0,85.4
альметте,1,34,210,28,32,31,12,9,0.9411764705882353,0.1318181818181818,6.65625,1.7058823529411764,0.7142857142857143,1.0,0.9283787625354964,0.34052546509688225,0.999999960965639,1.0,85.4
вязанка,1,66,435,55,65,69,11,7,1.044776119402985,0.1258426966292135,6.257142857142857,3.5,0.6153846153846154,1.0,0.9192868633013489,0.34972351403167234,0.9999999999999993,1.0,85.4
груша,1,212,1253,155,194,201,35,17,1.030612244897959,0.12351543942992874,6.217821782178218,3.9,0.4864864864864865,1.0,0.9154412558063221,0.3506848058736638,1.0,1.0,85.3
молоко село зеленое,3,42,233,28,38,39,28,8,1.0,0.11934156378600823,5.9,0.8787878787878788,0.3,1.0,0.908079506413877,0.3588607283336377,0.999847428739315,1.0,85.3
масло гхи,2,124,566,60,112,113,64,7,1.0,0.10590277777777778,4.991228070175438,0.8840579710144928,0.12121212121212122,1.0,0.8797347495965392,0.3871689493610282,0.9998552611842026,1.0,85.3
салат айсберг,2,113,674,80,111,112,29,17,1.0,0.11842105263157894,5.991150442477876,2.3823529411764706,0.5806451612903226,1.0,0.9063715559866112,0.35643890549779933,0.9999999999549627,1.0,85.3
мочалка для тела,3,53,183,15,51,52,26,5,1.0,0.08290155440414508,3.509433962264151,0.5161290322580645,0.21428571428571427,1.0,0.8094862842049251,0.460204642616799,0.9942657041813858,1.0,85.3
чоко пай,2,35,135,12,33,34,11,4,1.0,0.0896551724137931,3.942857142857143,0.8125,0.38461538461538464,1.0,0.8335571793854052,0.43377451470703293,0.9997039552699432,1.0,85.3
голубика,1,265,1304,136,247,265,27,15,1.0682730923694779,0.10426179604261795,4.913533834586466,4.28125,0.5517241379310345,1.0,0.8757222030168533,0.39001247932030875,1.0,1.0,85.3
победа без сахара,3,34,201,25,33,32,9,7,0.9428571428571428,0.12322274881516587,6.181818181818182,1.8571428571428572,0.7272727272727273,1.0,0.9149448131665125,0.3515742809539673,0.9999999913993545,1.0,85.3
виноград,1,342,1808,199,327,343,88,17,1.0455927051671732,0.11001100110011001,5.2645348837209305,2.150537634408602,0.2,1.0,0.889221218088643,0.3777565748245167,0.9999999995425605,1.0,85.3
фольга,1,83,477,57,78,79,11,4,1.0,0.11909650924024641,6.0,3.625,0.38461538461538464,1.0,0.9076278899150898,0.3562071871080222,0.9999999999999998,1.0,85.3
растишка,1,101,755,106,97,102,80,12,1.0404040404040404,0.13986928104575164,7.359223300970874,1.2588235294117647,0.15853658536585366,1.0,0.9390307488199559,0.32643799443490606,0.9999965880797231,1.0,85.3
пирожное картошка,2,57,294,33,53,54,33,6,1.0,0.1118421052631579,5.4,0.8947368421052632,0.2,1.0,0.8932047794928513,0.37340296878919715,0.9998699209767524,1.0,85.3
туалетная бумага 4 слоя,4,40,270,38,36,36,11,10,0.9736842105263158,0.1392857142857143,7.378378378378378,2.4375,0.8461538461538461,1.0,0.9383149874320239,0.3260864915317643,0.9999999999740539,1.0,85.3
грейпфрут,1,32,200,24,32,34,35,8,1.0294117647058822,0.11904761904761904,5.8,0.625,0.24324324324324326,1.0,0.90753752393708,0.36159372118362443,0.9980695458637723,1.0,85.3
оладьи,1,62,296,30,61,62,7,7,1.0,0.10130718954248366,4.746031746031746,2.5833333333333335,0.8888888888888888,1.0,0.8681570438541624,0.39642174453963785,0.9999999999939643,1.0,85.3
сок мультифрукт,2,31,133,13,28,28,7,2,0.9666666666666667,0.0979020979020979,4.689655172413793,1.1666666666666667,0.3333333333333333,1.0,0.8588655021837808,0.39866984299350217,0.9999914250608973,1.0,85.2
сушки,1,189,1360,184,175,183,87,15,1.03954802259887,0.13503649635036497,7.407608695652174,2.010869565217391,0.1797752808988764,1.0,0.9328435244800656,0.3255530998217591,0.9999999981511383,1.0,85.2
экспонента,1,156,1479,238,141,161,17,18,1.132867132867133,0.1605104096709201,9.148148148148149,10.863636363636363,1.0,1.0,0.9596517878346832,0.29911957913635434,1.0,1.0,85.2
подушечки для завтрака,3,39,279,36,38,40,11,9,1.025,0.12802768166089964,6.878048780487805,2.3125,0.7692307692307693,1.0,0.9227380461837761,0.33581406457960733,0.9999999999094392,1.0,85.2
ребра,1,97,558,67,89,91,22,15,1.010989010989011,0.11971830985915492,6.0978260869565215,2.5185185185185186,0.6666666666666666,1.0,0.9087695172605006,0.353684676733187,0.9999999999884598,1.0,85.2
карпаччо,1,99,494,48,95,107,6,6,1.1134020618556701,0.09722222222222222,4.601851851851852,4.454545454545454,0.875,1.0,0.8569333172455917,0.40226817623938743,1.0,1.0,85.2
кола без сахара,3,327,1806,203,305,317,34,17,1.0358306188925082,0.11233480176211454,5.688679245283019,5.230769230769231,0.5,1.0,0.8942519642019849,0.36473436491878053,1.0,1.0,85.2
шампиньоны,1,353,2398,313,334,341,34,22,1.0178571428571428,0.1303986710963455,7.02046783625731,8.051282051282051,0.6388888888888888,1.0,0.9263162816370066,0.3329242369229753,1.0,1.0,85.2
прошутто,1,37,197,20,36,40,10,9,1.0789473684210527,0.10144927536231885,4.878048780487805,1.4,0.8333333333333334,1.0,0.8685311723091811,0.3913377649318852,0.9999991684712809,1.0,85.2
ватрушка,1,34,181,21,28,30,24,7,1.0333333333333334,0.11518324607329843,5.935483870967742,0.7586206896551724,0.3076923076923077,1.0,0.9001079245666954,0.3579102500554288,0.9994925979631668,1.0,85.2
картошка свежая,2,412,2935,395,396,397,36,33,1.0,0.13446519524617997,7.381909547738694,9.658536585365853,0.8947368421052632,1.0,0.9320717925909451,0.32602186346768547,1.0,1.0,85.2
пиво безалкогольное,2,153,889,98,144,161,16,9,1.1095890410958904,0.11012235817575083,5.506172839506172,4.714285714285714,0.5555555555555556,1.0,0.8894676635762216,0.3701223679924595,1.0,1.0,85.2
чери помидоры,2,63,479,62,62,68,24,16,1.078125,0.12883435582822086,6.9855072463768115,2.1724137931034484,0.6538461538461539,1.0,0.9239745492575163,0.3336242479177186,0.9999999996324412,1.0,85.2
мандарин,1,46,315,40,45,47,22,11,1.0212765957446808,0.12615384615384614,6.625,1.5185185185185186,0.5,1.0,0.9197875807876968,0.3412110622071544,0.9999997458103476,1.0,85.2
уголь для мангала,3,40,157,14,37,37,18,4,0.9743589743589743,0.08982035928143713,4.2105263157894735,0.6521739130434783,0.25,1.0,0.834106155413359,0.41991592242382014,0.998528891573113,1.0,85.1
треска филе,2,49,310,36,49,50,15,11,1.0,0.115625,6.137254901960785,1.85,0.7058823529411765,1.0,0.9009865916361737,0.35268774357726324,0.9999999907625503,1.0,85.1
марципан,1,47,181,16,44,43,6,5,0.9565217391304348,0.08900523560209424,4.181818181818182,1.5454545454545454,0.75,1.0,0.831379510251651,0.42132611293478095,0.9999998058326566,1.0,85.1
рис басмати,2,138,820,96,131,132,9,11,1.0,0.11686746987951807,6.18796992481203,6.928571428571429,1.0909090909090908,1.0,0.9034166968161129,0.3514216656765756,1.0,1.0,85.1
мороженое без сахара,3,91,313,25,85,90,48,9,1.0459770114942528,0.0804953560371517,3.4725274725274726,0.49056603773584906,0.2,1.0,0.8000938196495859,0.4627293822977454,0.9925954483302692,1.0,85.1
сок томатный,2,98,640,76,95,101,14,8,1.0515463917525774,0.11846153846153847,6.303921568627451,4.052631578947368,0.5625,1.0,0.9064473378068458,0.3485934443866904,1.0,1.0,85.1
сыр брест литовск,3,48,284,33,45,46,13,6,1.0,0.11564625850340136,6.1063829787234045,1.8888888888888888,0.4666666666666667,1.0,0.901028680225705,0.3534673720201722,0.9999999937387681,1.0,85.1
индейка нарезка,2,39,365,48,38,50,11,10,1.275,0.13066666666666665,7.215686274509804,3.0625,0.8461538461538461,1.0,0.9267101633111156,0.329122637947738,0.9999999999999499,1.0,85.1
манты,1,36,77,4,33,35,8,4,1.0285714285714285,0.05747126436781609,2.2222222222222223,0.38461538461538464,0.5,1.0,0.6831812031644011,0.5923974108328371,0.978638260824993,1.0,85.1
хлебцы ржаные,2,34,182,20,32,32,6,5,0.9705882352941176,0.109375,5.606060606060606,1.9090909090909092,0.75,1.0,0.8878031094796562,0.3671354710104641,0.9999999948840825,1.0,85.1
баклажан,1,56,335,40,51,52,16,7,1.0,0.11884057971014493,6.377358490566038,1.9523809523809523,0.4444444444444444,1.0,0.9071538627600065,0.3468483554945483,0.9999999966816877,1.0,85.1
ребрышки,1,32,192,20,31,35,12,7,1.0909090909090908,0.10396039603960396,5.416666666666667,1.2352941176470589,0.5714285714285714,1.0,0.8749707939775948,0.37288054141307114,0.9999956829625933,1.0,85.0
корнишоны,1,86,580,69,86,88,12,6,1.0113636363636365,0.11864406779661017,6.550561797752809,4.117647058823529,0.5,1.0,0.9067882372911789,0.34286686164611396,1.0,1.0,85.0
морковка,1,63,469,62,60,61,66,15,1.0,0.1315240083507307,7.612903225806452,0.8873239436619719,0.23529411764705882,1.0,0.9279561391533767,0.32190572087734687,0.999859911954503,1.0,85.0
помидоры маринованные,2,45,266,31,42,42,9,9,0.9772727272727273,0.11594202898550725,6.255813953488372,2.2857142857142856,0.9090909090909091,1.0,0.9016124079285976,0.3497558310977336,0.9999999998816226,1.0,85.0
чечил,1,67,347,38,61,60,7,8,0.9682539682539683,0.1092436974789916,5.737704918032787,3.25,1.0,1.0,0.8875080875865233,0.3633381296062311,0.9999999999999923,1.0,85.0
перец свежий,2,33,215,26,32,32,19,6,0.9705882352941176,0.12,6.606060606060606,1.125,0.3333333333333333,1.0,0.9092820467105875,0.3416292957859447,0.9999869927023459,1.0,85.0
макароны макфа,2,45,368,52,41,44,29,15,1.0465116279069768,0.1402116402116402,8.244444444444444,1.5588235294117647,0.5161290322580645,1.0,0.9394467904773143,0.31166370675554556,0.9999998301304919,1.0,85.0
мандарины свежие,2,166,1209,154,163,169,20,16,1.0303030303030303,0.12715340442986053,7.129411764705883,6.2,0.7727272727272727,1.0,0.9213751984992297,0.33078070259316383,1.0,1.0,85.0
печенье любятово,2,30,276,40,30,31,10,9,1.0,0.14335664335664336,8.71875,2.7333333333333334,0.8333333333333334,1.0,0.9431382767959707,0.3048064220470337,0.9999999999986533,1.0,85.0
сметана 15,2,546,4167,535,535,543,38,25,1.0130353817504656,0.12832176203016518,7.665441176470588,12.465116279069768,0.65,1.0,0.9231911369049213,0.3209991339950721,1.0,1.0,84.9
борщ,1,94,522,58,83,86,19,12,1.0235294117647058,0.11090225563909774,6.0344827586206895,2.4583333333333335,0.6190476190476191,1.0,0.8911783649517203,0.35530992152016977,0.9999999999789334,1.0,84.9
almette,1,30,192,22,30,30,11,8,0.96875,0.11386138613861387,6.290322580645161,1.4375,0.6923076923076923,1.0,0.8974318396902489,0.34892046512991987,0.9999994284992264,1.0,84.9
йогурт без сахара,3,84,633,81,80,82,10,13,1.0121951219512195,0.12752721617418353,7.662650602409639,5.466666666666667,1.1666666666666667,1.0,0.9219608241180615,0.32104702124062534,1.0,1.0,84.9
мандарины,1,561,3991,491,542,555,36,25,1.0220588235294117,0.1229692576855786,7.183453237410072,12.0,0.6842105263157895,1.0,0.9145125035181225,0.32973811542941983,1.0,1.0,84.9
молоко эконива,2,37,277,34,36,38,16,8,1.0263157894736843,0.12195121951219512,7.17948717948718,1.6666666666666667,0.5,1.0,0.9127540720670131,0.3298141726958416,0.9999999422225148,1.0,84.9
актимель,1,172,1422,194,166,171,11,15,1.0238095238095237,0.1361731843575419,8.284883720930232,12.1875,1.2307692307692308,1.0,0.9343530204159507,0.3110532289581308,1.0,1.0,84.9
чипсы pringles,2,52,251,24,49,51,15,7,1.0196078431372548,0.09578544061302682,4.884615384615385,1.25,0.47058823529411764,1.0,0.8527625681066485,0.39109123505404747,0.999996273346828,1.0,84.9
сенежская,1,78,429,50,71,65,11,9,0.9041095890410958,0.11617312072892938,6.545454545454546,3.1875,0.7692307692307693,1.0,0.9020660899030659,0.3429816574234815,0.9999999999999857,1.0,84.9
ванильный сахар,2,94,643,80,85,87,26,4,1.0114942528735633,0.12404287901990811,7.340909090909091,2.6129032258064515,0.17857142857142858,1.0,0.9163285601711195,0.3267755328589283,0.9999999999955094,1.0,84.9
морковь тертая,2,38,325,42,38,40,37,9,1.025,0.12835820895522387,8.0,1.0238095238095237,0.2564102564102564,1.0,0.9232471054411739,0.3154648767857287,0.9999642190610565,1.0,84.8
байкал,1,89,492,52,82,85,9,9,1.0238095238095237,0.10557768924302789,5.755813953488372,3.7857142857142856,0.9090909090909091,1.0,0.8789502650099341,0.36282764078684615,1.0,1.0,84.8
сливки 20%,2,264,2068,256,257,273,21,17,1.057915057915058,0.12367661212704524,7.5583941605839415,9.884615384615385,0.782608695652174,1.0,0.9157133881849212,0.32285766490694534,1.0,1.0,84.8
рис в пакетиках,3,145,1246,161,142,157,11,10,1.0972222222222223,0.12898089171974522,7.905063291139241,10.125,0.8461538461538461,1.0,0.9241970322249342,0.3169948015312938,1.0,1.0,84.8
топленое молоко,2,32,226,27,29,32,15,9,1.064516129032258,0.11864406779661017,6.9393939393939394,1.4,0.5882352941176471,1.0,0.9067882372911789,0.3345568207661485,0.9999991684712809,1.0,84.8
баклажаны,1,80,498,55,77,80,14,9,1.0253164556962024,0.11023622047244094,6.185185185185185,2.9473684210526314,0.625,1.0,0.8897190865053214,0.35149071817816707,0.9999999999998416,1.0,84.8
экспонента exponenta,2,54,401,50,51,52,17,14,1.0,0.12408759124087591,7.622641509433962,2.3181818181818183,0.7894736842105263,1.0,0.916403349444317,0.3217368745884083,0.9999999999144413,1.0,84.8
вода детская 5л,3,69,478,54,67,74,24,9,1.0869565217391304,0.11270491803278689,6.413333333333333,1.896551724137931,0.38461538461538464,1.0,0.8950318555090359,0.3460061089970964,0.999999994200634,1.0,84.8
корица молотая,2,41,97,5,36,42,10,1,1.131578947368421,0.056074766355140186,2.3255813953488373,0.4,0.16666666666666666,1.0,0.6742077357973887,0.576832143081926,0.9816843611112658,1.0,84.7
solvie,1,40,181,16,37,39,9,6,1.0256410256410255,0.08900523560209424,4.6,1.2142857142857142,0.6363636363636364,1.0,0.831379510251651,0.40234537950108956,0.9999946737180996,1.0,84.7
тушенка говядина,2,80,461,47,74,82,50,6,1.0921052631578947,0.10191082802547771,5.590361445783133,0.8727272727272727,0.1346153846153846,1.0,0.8697391838723887,0.3675987315581506,0.9998378960443957,1.0,84.7
мята свежая,2,88,489,49,87,89,34,8,1.0112359550561798,0.10020040080160321,5.466666666666667,1.2820512820512822,0.25,1.0,0.8652060571731003,0.37133001826125467,0.9999972952817783,1.0,84.7
сухой шампунь,2,109,553,54,102,103,13,6,1.0,0.09769094138543517,5.346153846153846,3.0555555555555554,0.4666666666666667,1.0,0.8582682124765574,0.37511030642241666,0.9999999999999463,1.0,84.7
майонез слобода,2,172,1255,156,162,162,31,17,0.9939024390243902,0.1241106719367589,7.717791411042945,4.361111111111111,0.5454545454545454,1.0,0.9164419299163566,0.32010625632561096,1.0,1.0,84.7
оливки без косточек,3,130,928,104,126,142,11,10,1.1171875,0.11194029850746269,6.510489510489511,6.5625,0.8461538461538461,1.0,0.8934143050691062,0.3437717397673297,1.0,1.0,84.7
кетчуп heinz,2,182,1500,187,180,188,18,14,1.0384615384615385,0.12450331125827814,7.9523809523809526,8.173913043478262,0.75,1.0,0.9170955239692824,0.316228389145016,1.0,1.0,84.7
фрутоняня вода,2,54,316,36,47,47,66,7,0.9795918367346939,0.11349693251533742,6.645833333333333,0.5211267605633803,0.11764705882352941,1.0,0.8966814815519162,0.34075337992064775,0.9945452451745749,1.0,84.6
наггетсы мираторг,2,45,313,34,44,47,8,7,1.0434782608695652,0.10835913312693499,6.583333333333333,2.6923076923076925,0.8,1.0,0.8855002526497944,0.34213391405322074,0.9999999999979702,1.0,84.6
картофель свежий,2,679,5571,667,656,726,46,40,1.1048632218844985,0.11969181150331482,7.667125171939477,13.098039215686274,0.8541666666666666,1.0,0.9087211552906037,0.3209702504015163,1.0,1.0,84.6
чечевица,1,94,607,68,89,88,11,9,0.978021978021978,0.11183144246353323,6.853932584269663,4.3125,0.7692307692307693,1.0,0.893182002343513,0.33631360839012464,1.0,1.0,84.6
domestos,1,42,367,49,40,40,18,12,0.9761904761904762,0.13262599469496023,9.024390243902438,2.1739130434782608,0.65,1.0,0.9295265963757872,0.3007118530014092,0.9999999996379108,1.0,84.6
planto,1,45,355,42,43,47,9,8,1.0666666666666667,0.1178082191780822,7.458333333333333,3.0714285714285716,0.8181818181818182,1.0,0.9052169216016628,0.32463596609917067,0.9999999999999541,1.0,84.6
шницель,1,67,398,40,65,70,10,7,1.0597014925373134,0.10049019607843138,5.647887323943662,2.7333333333333334,0.6666666666666666,1.0,0.8659850504661613,0.365912213880851,0.9999999999986533,1.0,84.6
молоко миндальное,2,41,262,28,40,39,13,4,0.9523809523809523,0.10661764705882353,6.625,1.6111111111111112,0.3333333333333333,1.0,0.8814419946060862,0.3412110622071544,0.9999998992991012,1.0,84.5
сникерс,1,193,1323,149,174,184,15,13,1.0511363636363635,0.11252813203300825,7.167567567567567,7.5,0.8235294117647058,1.0,0.8946600606477253,0.3300431894735539,1.0,1.0,84.5
сыр для бургера,3,42,360,45,41,41,19,11,0.9767441860465116,0.12432432432432433,8.642857142857142,1.9166666666666667,0.5714285714285714,1.0,0.916798215784451,0.30586084354786486,0.9999999952573352,1.0,84.5
птичье молоко,2,63,353,34,60,64,11,6,1.0483870967741935,0.09641873278236915,5.476923076923077,2.1875,0.5384615384615384,1.0,0.8546156938855541,0.37101502821449567,0.9999999996839118,1.0,84.5
арахисовая паста,2,176,985,101,155,162,16,13,1.0382165605095541,0.10251256281407035,6.061349693251533,4.857142857142857,0.7777777777777778,1.0,0.8712974378021997,0.35461697565670236,1.0,1.0,84.5
exponenta,1,520,4436,588,453,471,17,21,1.0373626373626375,0.13247863247863248,9.404661016949152,26.772727272727273,1.1578947368421053,1.0,0.9293185876610985,0.2959317033667095,1.0,1.0,84.5
фломастеры,1,39,171,14,37,39,10,4,1.0256410256410255,0.08287292817679558,4.35,1.0,0.4166666666666667,1.0,0.8093771791964266,0.41330189132622286,0.9999546000702375,1.0,84.5
пастила белевская без сахара,4,41,371,45,39,46,10,8,1.146341463414634,0.12073490813648294,7.957446808510638,3.066666666666667,0.75,1.0,0.9106056826132607,0.3161467956326446,0.9999999999999519,1.0,84.5
масло подсолнечное рафинированное,3,47,410,50,47,50,21,10,1.0408163265306123,0.12142857142857143,8.098039215686274,1.9615384615384615,0.4782608695652174,1.0,0.9118373106376425,0.3139169767789974,0.999999996972064,1.0,84.5
брюссельская капуста,2,31,151,14,30,31,31,4,1.0,0.09316770186335403,4.8125,0.4166666666666667,0.15151515151515152,1.0,0.8448486267890964,0.39383121513522923,0.9844961464009907,1.0,84.5
миндальное молоко,2,80,585,68,77,78,12,9,1.0,0.11596638655462185,7.443037974683544,4.0588235294117645,0.7142857142857143,1.0,0.9016603259074731,0.3249113914722959,1.0,1.0,84.5
баранина,1,90,343,28,79,81,15,7,1.0123456790123457,0.0821529745042493,4.219512195121951,1.45,0.47058823529411764,1.0,0.8066125307772384,0.4194780466759952,0.9999994956523375,1.0,84.5
яйца с0,2,492,4127,464,473,579,42,27,1.2210526315789474,0.11240029006526468,7.120689655172414,9.893617021276595,0.6363636363636364,1.0,0.8943903787253924,0.33095024287714186,1.0,1.0,84.5
нан 2,2,32,195,20,30,37,39,3,1.1875,0.1024390243902439,5.2105263157894735,0.4772727272727273,0.0975609756097561,1.0,0.8711080068604894,0.3795476158117686,0.9915427166396219,0.975609756097561,84.4
доместос для унитаза,3,75,621,72,70,78,16,11,1.0972222222222223,0.11568938193343899,7.89873417721519,3.4761904761904763,0.6666666666666666,1.0,0.9011140030819542,0.3170979066759679,0.9999999999999992,1.0,84.4
лавровый лист,2,87,484,47,79,85,22,3,1.0617283950617284,0.09716599190283401,5.662790697674419,1.7777777777777777,0.16666666666666666,1.0,0.8567723330353213,0.36548016801651406,0.999999980980057,1.0,84.4
тофу,1,109,412,30,103,112,23,10,1.0761904761904761,0.07345971563981042,3.672566371681416,1.1071428571428572,0.44,1.0,0.7698891921460098,0.44959679232394845,0.9999844496680365,1.0,84.4
песто соус,2,45,358,43,43,43,15,8,0.9777777777777777,0.11956521739130435,8.204545454545455,2.2,0.5294117647058824,1.0,0.9084897551894884,0.3122710195525786,0.9999999997210532,1.0,84.4
крылья куриные,2,177,1172,121,170,186,142,18,1.0872093023255813,0.10321489001692047,6.283422459893048,0.8299319727891157,0.13194444444444445,1.0,0.8730926263979069,0.34908686387239946,0.9997513140563099,1.0,84.4
эклер,1,47,311,32,46,49,16,10,1.0416666666666667,0.102803738317757,6.28,1.5714285714285714,0.6111111111111112,1.0,0.8720447603375061,0.34916951509623473,0.9999998502480704,1.0,84.4
паприка копченая молотая,3,32,162,15,29,30,11,3,1.0,0.09302325581395349,5.32258064516129,1.0,0.3076923076923077,1.0,0.8443997586706273,0.37586728551560555,0.9999546000702375,1.0,84.4
коробки для переезда картонные,4,56,280,26,52,52,29,5,0.9814814814814815,0.09310344827586207,5.339622641509434,0.7941176470588235,0.1935483870967742,1.0,0.844649117978322,0.3753194482388766,0.999644212341725,1.0,84.4
сметана 10,2,149,1235,148,145,146,36,18,1.0,0.11967871485943775,8.421768707482993,3.6341463414634148,0.5,1.0,0.9086972432286095,0.30902368478813325,0.9999999999999999,1.0,84.4
фуэт,1,54,446,52,54,56,11,9,1.0178571428571428,0.1162280701754386,7.87719298245614,3.3125,0.7692307692307693,1.0,0.9021736590666655,0.3174498808641988,0.9999999999999959,1.0,84.4
апельсины,1,375,2762,305,366,378,61,18,1.0298913043478262,0.11038961038961038,7.295514511873351,4.636363636363637,0.30158730158730157,1.0,0.8900568876911572,0.3276184162059696,1.0,1.0,84.4
халва,1,117,456,35,109,115,6,8,1.045045045045045,0.07725321888412018,3.956896551724138,3.272727272727273,1.125,1.0,0.7867018608589588,0.43300593813306076,0.9999999999999939,1.0,84.4
петрушка,1,114,821,91,110,112,20,10,1.0089285714285714,0.11070998796630566,7.292035398230088,3.68,0.5,1.0,0.8907591017102678,0.32768338632207294,0.9999999999999999,1.0,84.4
голень,1,59,409,43,55,59,26,11,1.0526315789473684,0.10501193317422435,6.866666666666666,1.4193548387096775,0.42857142857142855,1.0,0.8775727941375853,0.33604945826011096,0.9999993147954205,1.0,84.3
наггетсы куриные,2,141,1045,116,134,139,11,10,1.0294117647058822,0.11090047393364928,7.485714285714286,7.3125,0.8461538461538461,1.0,0.8911744871206277,0.32414531510673755,1.0,1.0,84.3
безалкогольное шампанское,2,30,181,19,26,26,8,8,0.9642857142857143,0.10471204188481675,6.814814814814815,1.5384615384615385,0.9,1.0,0.8768362905829943,0.3371303553743388,0.9999997917684977,1.0,84.3
крылышки куриные,2,48,278,26,47,50,52,11,1.0408163265306123,0.09375,5.509803921568627,0.47368421052631576,0.2222222222222222,1.0,0.8466450331550716,0.3700121315622605,0.9912337144716318,1.0,84.2
томатный сок,2,85,675,73,84,90,14,8,1.058139534883721,0.10802919708029197,7.450549450549451,3.8947368421052633,0.5625,1.0,0.8847422024399071,0.32477601074686474,1.0,1.0,84.2
стрепсилс,1,45,320,39,40,34,11,10,0.8333333333333334,0.12121212121212122,9.228571428571428,2.5,0.8461538461538461,1.0,0.9114548266837113,0.2981041091114038,0.9999999999861121,1.0,84.2
отривин,1,39,227,22,36,37,10,7,1.0,0.0970464135021097,6.052631578947368,1.5333333333333334,0.6666666666666666,1.0,0.8564293843991853,0.35484124568022996,0.9999997808114094,1.0,84.2
морская капуста,2,91,619,61,85,97,79,16,1.1264367816091954,0.0985691573926868,6.346938775510204,0.7380952380952381,0.20987654320987653,1.0,0.8607358999004778,0.3475669830587422,0.9993769927368839,1.0,84.2
том ям,2,133,712,66,121,126,11,11,1.032520325203252,0.09279778393351801,5.6299212598425195,4.1875,0.9230769230769231,1.0,0.8436965046420937,0.36643570103217915,1.0,1.0,84.2
помидоры черри,2,374,2893,322,364,369,24,25,1.010928961748634,0.11126420943851188,7.827027027027027,11.137931034482758,1.0,1.0,0.8919632885484503,0.3182759511108456,1.0,1.0,84.2
tess,1,64,426,53,47,44,22,16,0.9183673469387755,0.12385321100917432,9.533333333333333,2.0,0.7083333333333334,1.0,0.916010561499736,0.2943869112882094,0.9999999979388464,1.0,84.2
базилик свежий,2,80,326,44,79,82,57,4,1.0246913580246915,0.13392857142857142,3.963855421686747,0.7258064516129032,0.0847457627118644,1.0,0.931338828486915,0.4326267925518327,0.9992955297923253,0.847457627118644,84.2
таро,1,30,38,1,24,23,2,1,0.9230769230769231,0.041666666666666664,1.7083333333333333,0.2857142857142857,0.5,1.0,0.5654017914929217,0.6956979993310427,0.9425673807323827,1.0,84.1
сырники замороженные,2,38,206,18,37,39,13,7,1.0256410256410255,0.08796296296296297,5.225,1.0555555555555556,0.5333333333333333,1.0,0.827827648325187,0.3790644469105115,0.9999739516349976,1.0,84.1
святой источник 1.5 литра,4,97,506,45,92,92,14,10,0.9893617021276596,0.08914728682170543,5.473118279569892,2.4210526315789473,0.6875,1.0,0.8318578853166768,0.3711317587676837,0.9999999999694155,1.0,84.1
черри томаты,2,242,1937,213,235,239,29,22,1.0126582278481013,0.10991268618387262,8.083333333333334,6.294117647058823,0.7419354838709677,1.0,0.8890031796613066,0.3141471299433011,1.0,1.0,84.1
безлактозное молоко,2,164,908,120,152,160,97,8,1.0454545454545454,0.1318082788671024,5.658385093167702,1.1862745098039216,0.09090909090909091,1.0,0.9283645758984299,0.3656076787145174,0.9999929518479639,0.9090909090909092,84.1
болоньезе,1,32,183,17,31,31,11,2,0.9696969696969697,0.09326424870466321,5.8125,1.125,0.23076923076923078,1.0,0.8451479252330737,0.3612476203442792,0.9999869927023459,1.0,84.1
hdmi кабель,2,30,145,13,26,26,10,5,0.9642857142857143,0.09032258064516129,5.481481481481482,0.9333333333333333,0.5,1.0,0.835764123461438,0.3708753639266658,0.9999115730113401,1.0,84.1
кунжут семена,2,36,332,34,33,47,14,8,1.3714285714285714,0.1023391812865497,6.979166666666667,1.8421052631578947,0.5625,1.0,0.8708503701809143,0.3337518491181546,0.9999999900037182,1.0,84.1
киноа,1,135,842,83,126,130,9,9,1.0234375,0.09859154929577464,6.450381679389313,6.0,0.9090909090909091,1.0,0.8607982537018938,0.34514722395354924,1.0,1.0,84.1
принглс чипсы,2,43,244,23,42,41,41,7,0.9545454545454546,0.09448818897637795,5.880952380952381,0.5217391304347826,0.18604651162790697,1.0,0.8488925006943295,0.35937505630057154,0.9945785463823377,1.0,84.1
маслины,1,245,1783,192,227,235,20,10,1.0305676855895196,0.10764082543223648,7.567796610169491,7.72,0.5,1.0,0.8838434592791411,0.3226926265247802,1.0,1.0,84.1
вода 19л питьевая,3,189,1112,109,169,173,32,9,1.0175438596491229,0.09803921568627451,6.408045977011494,2.972972972972973,0.29411764705882354,1.0,0.8592520129587693,0.3461293844897808,0.9999999999998774,1.0,84.1
творожная масса,2,116,804,83,111,115,119,11,1.0265486725663717,0.10319410319410319,6.956896551724138,0.6774193548387096,0.09917355371900827,1.0,0.8730398554074691,0.33420160665096915,0.9988571081846506,0.9917355371900827,84.0
филе бедра,2,58,434,45,56,59,16,12,1.0344827586206897,0.1036036036036036,7.283333333333333,2.1904761904761907,0.7222222222222222,1.0,0.8740754136278943,0.32784612402085817,0.9999999996931807,1.0,84.0
соль для посудомоечной машины,4,100,787,86,95,96,14,13,1.0,0.10915934755332497,8.144329896907216,4.578947368421052,0.875,1.0,0.8873181537335013,0.31319711294835995,1.0,1.0,84.0
"кефир 3,2",2,201,1815,206,198,208,25,19,1.045,0.11342465753424658,8.698564593301436,6.9,0.7407407407407407,1.0,0.8965320266801159,0.3050853541497139,1.0,1.0,84.0
нурофен,1,75,425,44,70,57,9,7,0.8055555555555556,0.10344827586206896,7.379310344827586,3.2142857142857144,0.7272727272727273,1.0,0.8736836137369699,0.3260694293884471,0.999999999999989,1.0,84.0
масло растительное подсолнечное,3,43,439,51,43,47,21,11,1.0666666666666667,0.11581291759465479,9.208333333333334,2.0,0.5217391304347826,1.0,0.9013580204496385,0.2983582445300116,0.9999999979388464,1.0,84.0
нутрилон 2,2,40,275,28,37,38,30,7,1.0,0.10175438596491228,7.128205128205129,0.8285714285714286,0.25,1.0,0.8693309801934374,0.3308041359877154,0.9997479074524559,1.0,84.0
авокадо,1,1202,7482,709,1152,1184,28,22,1.0268630849220104,0.09476775226908703,6.3164556962025316,21.515151515151516,0.7666666666666667,1.0,0.8497350253110141,0.34829311054462453,1.0,1.0,84.0
слойка,1,57,436,46,54,57,31,14,1.0357142857142858,0.10538116591928251,7.568965517241379,1.3055555555555556,0.45454545454545453,1.0,0.8784735468360766,0.32267213349101626,0.9999978618199946,1.0,84.0
томаты черри,2,39,332,36,38,40,23,12,1.025,0.10818713450292397,8.170731707317072,1.3214285714285714,0.52,1.0,0.8851056984311673,0.31278963860542963,0.9999981756480215,1.0,84.0
сникерс батончик,2,52,491,49,52,71,13,7,1.3333333333333333,0.0998003992015968,6.861111111111111,2.7777777777777777,0.5333333333333333,1.0,0.8641233763507872,0.3361645965716495,0.9999999999991365,1.0,84.0
индейка бедро,2,39,269,27,38,38,8,6,0.975,0.1003584229390681,6.9743589743589745,2.1538461538461537,0.7,1.0,0.8656313932331878,0.33384873443254975,0.9999999995574473,1.0,84.0
вода 19,2,59,279,23,46,55,11,2,1.1666666666666667,0.08304498269896193,5.035714285714286,1.5,0.23076923076923078,1.0,0.8100320022645208,0.3855756884175753,0.9999996940976795,1.0,83.9
маасдам,1,50,405,43,48,50,22,9,1.02,0.10602409638554217,8.0,1.6296296296296295,0.4166666666666667,1.0,0.8800262041198075,0.3154648767857287,0.9999999163225488,1.0,83.9
авокадо спелый,2,49,362,38,46,46,21,11,0.9791666666666666,0.10483870967741936,7.76595744680851,1.5,0.5217391304347826,1.0,0.8771479131948592,0.3192938063422785,0.9999996940976795,1.0,83.9
аспиратор назальный детский,3,31,156,13,31,30,10,6,0.9393939393939394,0.08433734939759036,5.129032258064516,0.9333333333333333,0.5833333333333334,1.0,0.8148792544119701,0.3823127885141644,0.9999115730113401,1.0,83.9
грибы шампиньоны,2,160,1246,131,153,154,33,16,1.0,0.10509554140127389,8.058064516129033,3.473684210526316,0.4857142857142857,1.0,0.8777773415039927,0.31454426099281807,0.9999999999999992,1.0,83.8
сливки 10%,2,266,2227,240,251,256,27,17,1.0158102766798418,0.10773357174787662,8.67704280155642,7.53125,0.6206896551724138,1.0,0.8840587213935265,0.30538395799158297,1.0,1.0,83.8
яйцо куриное,2,445,3180,317,414,428,33,30,1.03125,0.09968652037617555,7.419580419580419,8.368421052631579,0.8857142857142857,1.0,0.8638135542568879,0.32533567793844814,1.0,1.0,83.8
даниссимо,1,113,1312,164,111,113,20,18,1.008849557522124,0.12481089258698941,11.535087719298245,6.6,0.8636363636363636,1.0,0.9176039559021,0.27413030750747747,1.0,1.0,83.8
черри,1,807,6441,682,746,779,30,28,1.0427807486631016,0.1058750581305224,8.261538461538462,19.514285714285716,0.90625,1.0,0.8796680569049034,0.31140503530547453,1.0,1.0,83.8
черри помидоры,2,52,403,42,49,50,22,15,1.0,0.10411622276029056,7.96078431372549,1.5925925925925926,0.6666666666666666,1.0,0.8753598452401633,0.3160930881072897,0.9999998788123815,1.0,83.8
кешью жареный,2,40,191,15,37,39,5,4,1.0256410256410255,0.07960199004975124,4.85,1.6,0.7142857142857143,1.0,0.7964899319741956,0.39239743704408275,0.9999998874648253,1.0,83.8
простокваша,1,33,13,8,31,10,3,3,0.3333333333333333,0.391304347826087,1.4545454545454546,1.125,0.8,0.41666666666666663,0.9996008155457408,0.7719290272379218,0.9999869927023459,1.0,83.8
овсяное молоко,2,45,286,26,44,45,13,5,1.0,0.09121621621621621,6.282608695652174,1.5,0.4,1.0,0.8386733882203454,0.3491065089321959,0.9999996940976795,1.0,83.8
фарш говяжий,2,263,1971,199,255,262,17,20,1.0233463035019454,0.10095911155981828,7.505703422053232,9.090909090909092,1.105263157894737,1.0,0.867236009050417,0.3237890518302003,1.0,1.0,83.8
бекон сырокопченый,2,88,697,72,86,87,14,10,1.0,0.10325318246110325,7.954545454545454,3.8421052631578947,0.6875,1.0,0.873189781060664,0.3161935156617961,1.0,1.0,83.8
киви,1,270,1755,166,254,260,25,13,1.01953125,0.09461756373937677,6.735632183908046,5.566666666666666,0.5185185185185185,1.0,0.84928298522623,0.33880857031849365,1.0,1.0,83.8
rocs зубная паста,3,36,298,34,31,30,16,8,0.9393939393939394,0.11363636363636363,9.709677419354838,1.6666666666666667,0.5,1.0,0.8969691965382358,0.29232559478475967,0.9999999422225148,1.0,83.8
рис круглозерный,2,124,1017,104,124,128,13,10,1.0238095238095237,0.10223953261927946,7.906976744186046,5.833333333333333,0.7333333333333333,1.0,0.8705927217531717,0.31696365782509517,1.0,1.0,83.8
майонез легкий,2,66,532,52,61,76,66,14,1.2222222222222223,0.09778597785977859,6.9480519480519485,0.7464788732394366,0.22058823529411764,1.0,0.8585373504041045,0.33438091507951606,0.999427093901931,1.0,83.8
кунжут,1,75,623,62,74,81,25,8,1.0789473684210527,0.0995260663507109,7.634146341463414,2.1,0.3333333333333333,1.0,0.8633758190000403,0.3215378723810727,0.999999999241744,1.0,83.7
бедра куриные,2,64,495,52,56,58,30,18,1.0172413793103448,0.10495049504950495,8.440677966101696,1.5142857142857142,0.59375,1.0,0.8774222677170583,0.3087477053906763,0.9999997348200389,1.0,83.7
морской коктейль,2,66,344,28,63,66,10,7,1.0307692307692307,0.08192090395480225,5.17910447761194,1.9333333333333333,0.6666666666666666,1.0,0.8057128537822406,0.3806047232528476,0.9999999959854209,1.0,83.7
ананасовый сок,2,35,156,14,32,32,43,6,0.9705882352941176,0.09036144578313253,4.818181818181818,0.3125,0.15555555555555556,1.0,0.8358917348586972,0.39361270782391733,0.9560630663765926,1.0,83.7
бумага а4,2,127,755,69,116,115,28,6,0.9830508474576272,0.0915032679738562,6.5344827586206895,2.121212121212121,0.23333333333333334,1.0,0.8395969164291158,0.3432287940110404,0.999999999386672,1.0,83.7
шпажки для канапе,3,30,127,10,29,25,10,2,0.8387096774193549,0.08029197080291971,5.0,0.7333333333333333,0.25,1.0,0.7992790042525917,0.38685280723454163,0.9993466080201326,1.0,83.7
перец черный молотый,3,37,134,8,34,40,4,5,1.1388888888888888,0.0625,3.341463414634146,1.0,1.0,1.0,0.7134952031398099,0.4721030916242015,0.9999546000702375,1.0,83.7
сердечки куриные,2,111,544,83,107,112,117,9,1.036697247706422,0.15162454873646208,4.84070796460177,0.6885245901639344,0.08403361344537816,1.0,0.9518045651337355,0.39275087891500965,0.998977235375066,0.8403361344537816,83.7
скотч,1,87,538,50,78,80,24,3,1.0125,0.09306569343065693,6.679012345679013,1.7586206896551724,0.15384615384615385,1.0,0.8445317687087985,0.34002956187644895,0.9999999769639831,1.0,83.7
курага сухофрукты,2,31,255,25,31,34,10,5,1.0606060606060606,0.09811320754716982,7.371428571428571,1.7333333333333334,0.5,1.0,0.8594601430310425,0.326213842628305,0.99999997033605,1.0,83.7
котлеты рыбные,2,60,338,28,59,61,15,7,1.0163934426229508,0.08333333333333333,5.5,1.45,0.47058823529411764,1.0,0.8111243971624381,0.3703100622028965,0.9999994956523375,1.0,83.6
бри сыр,2,35,278,29,29,31,15,9,1.032258064516129,0.10416666666666667,8.78125,1.5,0.5882352941176471,1.0,0.875485528555877,0.3039496265902335,0.9999996940976795,1.0,83.6
сырный соус,2,76,575,53,72,85,20,5,1.162162162162162,0.09230769230769231,6.72093023255814,2.16,0.2727272727272727,1.0,0.8421569108651483,0.339123910660349,0.9999999995838602,1.0,83.6
кокосовые сливки,2,42,217,20,39,40,59,6,1.0,0.09251101321585903,5.365853658536586,0.328125,0.11475409836065574,1.0,0.8427974636094376,0.37448218588767895,0.962418749129002,1.0,83.6
lipton,1,31,192,18,28,27,8,6,0.9333333333333333,0.09405940594059406,6.964285714285714,1.4615384615384615,0.7,1.0,0.8475910817608097,0.3340521045766846,0.9999995506144427,1.0,83.6
котлеты для бургеров,3,89,671,67,82,84,9,10,1.0119047619047619,0.09985315712187959,7.929411764705883,4.857142857142857,1.0,1.0,0.864266672099211,0.3165994544689552,1.0,1.0,83.6
грибы маринованные,2,51,306,26,47,52,11,5,1.0816326530612246,0.08544303797468354,5.830188679245283,1.6875,0.46153846153846156,1.0,0.8189280403310891,0.3607600652846142,0.9999999530883598,1.0,83.6
слоеное тесто,2,56,471,48,53,55,16,11,1.018181818181818,0.10187110187110188,8.464285714285714,2.3333333333333335,0.6666666666666666,1.0,0.8696356475210123,0.30840461537129493,0.9999999999264704,1.0,83.6
клюква замороженная,2,56,361,31,54,58,12,6,1.0535714285714286,0.0862533692722372,6.169491525423729,1.8823529411764706,0.5,1.0,0.8218389540929218,0.35188088025591924,0.9999999933158675,1.0,83.5
имунеле,1,71,562,56,67,68,10,10,1.0,0.09965034965034965,8.18840579710145,3.8,0.9166666666666666,1.0,0.8637149993613613,0.3125181091195394,1.0,1.0,83.5
кефир 1%,2,214,1925,201,199,205,24,17,1.0248756218905473,0.10439276485788114,9.359223300970873,6.9655172413793105,0.6923076923076923,1.0,0.8760473073623497,0.29648570158431087,1.0,1.0,83.5
сметана 20,2,647,5508,561,625,631,154,49,1.0079744816586922,0.10184849583182312,8.719936708860759,3.5345911949685536,0.32051282051282054,1.0,0.8695766937614527,0.30479005739750753,0.9999999999999996,1.0,83.5
йогурт питьевой детский,3,31,440,55,30,31,17,14,1.0,0.12444444444444444,13.84375,2.5454545454545454,0.7894736842105263,1.0,0.9169978600417916,0.2569515873076528,0.9999999999911848,1.0,83.5
сыр бри,2,53,372,35,51,50,15,8,0.9622641509433962,0.09424083769633508,7.352941176470588,1.8,0.5294117647058824,1.0,0.8481431159423173,0.32655361460107507,0.9999999847700203,1.0,83.5
блинчики с мясом,3,58,550,58,57,59,23,10,1.0169491525423728,0.10535714285714286,9.216666666666667,2.107142857142857,0.44,1.0,0.8784151440563447,0.298253487103557,0.9999999992940161,1.0,83.5
мороженое магнат,2,35,296,31,32,32,12,10,0.9705882352941176,0.10457516339869281,9.06060606060606,1.8823529411764706,0.7857142857142857,1.0,0.8764986594076033,0.3002421171658705,0.9999999933158675,1.0,83.5
фери,1,47,302,29,41,39,15,9,0.9302325581395349,0.09615384615384616,7.625,1.5,0.5882352941176471,1.0,0.8538434429284575,0.3216960374300707,0.9999996940976795,1.0,83.5
авакадо,1,62,395,34,60,63,22,8,1.032258064516129,0.08641975308641975,6.21875,1.2962962962962963,0.375,1.0,0.8224308310464312,0.35066199215883403,0.9999976543850766,1.0,83.5
фанта,1,74,422,35,71,74,11,7,1.0273972602739727,0.08333333333333333,5.666666666666667,2.25,0.6153846153846154,1.0,0.8111243971624381,0.3653681296292077,0.9999999998308102,1.0,83.5
рыбный соус,2,31,162,13,29,31,24,5,1.032258064516129,0.08139534883720931,5.15625,0.4827586206896552,0.23076923076923078,1.0,0.8036599112594881,0.38138071588811223,0.9919941776390385,1.0,83.5
помидоры черри свежие,3,57,567,58,57,63,20,15,1.0847457627118644,0.1022530329289428,8.90625,2.36,0.7272727272727273,1.0,0.8706276578030651,0.30226648202915946,0.9999999999436816,1.0,83.5
колготки женские 20den,3,39,179,14,37,34,18,9,0.8974358974358975,0.07936507936507936,5.2,0.6521739130434783,0.5,1.0,0.7955233697021571,0.37990049574421303,0.998528891573113,1.0,83.5
ветчина из индейки,3,203,1622,161,197,200,21,11,1.0100502512562815,0.09926470588235294,8.08457711442786,6.230769230769231,0.5217391304347826,1.0,0.8626597860045357,0.3141276367607723,1.0,1.0,83.5
хамон,1,98,581,49,92,98,9,7,1.053191489361702,0.08460236886632826,5.898989898989899,3.5714285714285716,0.7272727272727273,1.0,0.8158578706303163,0.3588879307091616,0.9999999999999997,1.0,83.5
перчатки для уборки,3,79,540,49,75,75,13,8,0.987012987012987,0.09090909090909091,7.144736842105263,2.7777777777777777,0.6,1.0,0.8376793888181518,0.330483673330823,0.9999999999991365,1.0,83.4
багет,1,325,1590,124,295,306,16,18,1.0336700336700337,0.078125,5.188925081433225,5.9523809523809526,1.0555555555555556,1.0,0.7903886128489022,0.3802731250944638,1.0,1.0,83.4
лазанья,1,96,647,57,93,98,12,9,1.0421052631578946,0.0882800608828006,6.565656565656566,3.411764705882353,0.7142857142857143,1.0,0.8289161031009528,0.3425284773826478,0.9999999999999984,1.0,83.4
йогурт безлактозный,2,52,548,61,51,51,97,13,0.9811320754716981,0.1111111111111111,10.596153846153847,0.6078431372549019,0.1414141414141414,1.0,0.8916319767781041,0.2828394670857572,0.9977082312337602,1.0,83.4
сальчичон,1,37,243,22,34,34,13,7,0.9722222222222222,0.09090909090909091,7.0285714285714285,1.2777777777777777,0.5333333333333333,1.0,0.8376793888181518,0.33276283327649714,0.9999971771901766,1.0,83.4
песто,1,214,1619,156,192,201,18,10,1.041237113402062,0.09637814610190301,8.029702970297029,6.826086956521739,0.55,1.0,0.8544976326473581,0.3149925228980373,1.0,1.0,83.4
m&m’s,1,90,707,67,86,92,14,8,1.0568181818181819,0.09483960948396095,7.634408602150538,3.5789473684210527,0.5625,1.0,0.8499508226593927,0.32153334194631183,0.9999999999999997,1.0,83.4
ананас,1,170,653,45,149,154,61,16,1.0264900662251655,0.0693815987933635,4.232258064516129,0.696969696969697,0.2698412698412698,1.0,0.7503341801348798,0.41885979930781736,0.9990600623077118,1.0,83.4
актимуно,1,36,326,34,33,34,11,9,1.0,0.10416666666666667,9.4,2.1875,0.7692307692307693,1.0,0.875485528555877,0.2959883260774263,0.9999999996839118,1.0,83.4
топленое масло,2,34,163,12,31,33,10,7,1.0303030303030303,0.07514450867052024,4.882352941176471,0.8666666666666667,0.6666666666666666,1.0,0.7775137936901088,0.3911761077680886,0.9998277677440391,1.0,83.4
соль,1,527,3810,360,474,490,82,17,1.031512605042017,0.09450261780104711,7.765784114052953,4.149425287356322,0.21428571428571427,1.0,0.8489361004753645,0.3192967146814994,1.0,1.0,83.4
вермишель,1,198,1596,152,187,200,19,12,1.0634920634920635,0.09526774595267747,7.955223880597015,6.375,0.6190476190476191,1.0,0.8512301679970239,0.3161825884850256,1.0,1.0,83.3
капуста свежая,2,368,2838,257,355,384,38,28,1.0784313725490196,0.09058988764044944,7.37922077922078,6.0,0.725,1.0,0.8366398085816982,0.32607106896692034,1.0,1.0,83.3
сыр камамбер,2,32,265,26,30,30,23,10,0.96875,0.09818181818181818,8.64516129032258,0.9642857142857143,0.44,1.0,0.8596528613511403,0.3058286010132471,0.9999351126029145,1.0,83.3
бедро куриное без кости,4,49,483,50,48,48,43,13,0.98,0.10344827586206896,9.918367346938776,1.0625,0.3111111111111111,1.0,0.8736836137369699,0.2899655756405433,0.9999756991687406,1.0,83.3
мусорные пакеты 60 л,4,30,289,29,30,31,12,7,1.0,0.10033444816053512,9.125,1.7647058823529411,0.5714285714285714,1.0,0.8655669486321917,0.29941464411165203,0.9999999783239706,1.0,83.3
цикорий сублимированный,2,35,336,27,30,61,52,5,1.9375,0.08092485549132948,5.467741935483871,0.49122807017543857,0.1111111111111111,1.0,0.8018036572993917,0.3712969465667615,0.9926443069559028,1.0,83.3
ламбер сыр,2,55,97,5,52,58,33,4,1.0925925925925926,0.056074766355140186,1.694915254237288,0.15789473684210525,0.14285714285714285,1.0,0.6742077357973887,0.6991833998331863,0.7938079717485911,1.0,83.3
ваниш,1,34,313,30,33,38,18,8,1.1142857142857143,0.09597523219814241,8.102564102564102,1.3478260869565217,0.45,1.0,0.8533203972358673,0.31384630300133004,0.9999985989111443,1.0,83.3
гречка,1,799,7017,710,757,770,40,23,1.0158102766798418,0.10118115838907073,9.105058365758754,15.8,0.5714285714285714,1.0,0.8678242982705928,0.29966984628494303,1.0,1.0,83.3
сардельки,1,127,959,88,121,127,25,17,1.0406504065040652,0.09184726522187822,7.515625,2.966666666666667,0.6666666666666666,1.0,0.8406966932754492,0.32361282186252643,0.9999999999998694,1.0,83.3
макароны barilla,2,266,3315,366,254,281,34,19,1.1015625,0.11037593984962406,11.76595744680851,9.41025641025641,0.5555555555555556,1.0,0.8900268239472076,0.2721658807064813,1.0,1.0,83.2
отбеливатель для белья,3,50,386,34,49,53,17,10,1.0588235294117647,0.08838383838383838,7.203703703703703,1.5909090909090908,0.5789473684210527,1.0,0.8292708280346972,0.3293508897387751,0.9999998767549158,1.0,83.2
майонез провансаль,2,69,656,66,67,67,28,12,0.9855072463768116,0.1006006006006006,9.691176470588236,2.0303030303030303,0.43333333333333335,1.0,0.8662806411299376,0.29253890812653194,0.99999999847768,1.0,83.2
barilla макароны,2,55,697,77,52,56,30,15,1.0555555555555556,0.11032531824611033,12.280701754385966,2.2285714285714286,0.5,1.0,0.8899154271955951,0.268006019543835,0.9999999997903778,1.0,83.2
любятово печенье,2,42,352,37,39,33,16,10,0.8292682926829268,0.10497237569060773,10.441176470588236,1.8095238095238095,0.6111111111111112,1.0,0.8774758975689926,0.284400881511204,0.9999999861535658,1.0,83.2
платочки бумажные,2,30,144,17,29,29,43,3,0.967741935483871,0.11688311688311688,4.9,0.375,0.08888888888888889,1.0,0.903446916873183,0.3905159370638441,0.9764822541439909,0.888888888888889,83.2
манго сушеный,2,141,872,72,132,142,13,6,1.0671641791044777,0.08276643990929705,6.118881118881119,4.055555555555555,0.4666666666666667,1.0,0.8089707646876174,0.35315092618833005,1.0,1.0,83.2
греча,1,65,437,39,57,58,25,10,1.0,0.0894854586129754,7.4576271186440675,1.3333333333333333,0.4074074074074074,1.0,0.8329912666225681,0.32464866174711016,0.9999983804032077,1.0,83.2
масло подсолнечное,2,732,7120,714,702,759,25,23,1.0795454545454546,0.1002805049088359,9.37236842105263,23.833333333333332,0.8888888888888888,1.0,0.8654218352488571,0.29632496730693836,1.0,1.0,83.2
яблочный уксус,2,39,172,12,35,37,7,4,1.027027027027027,0.07142857142857142,4.605263157894737,1.0833333333333333,0.5555555555555556,1.0,0.7603489635582241,0.40212610396088955,0.9999802692718589,1.0,83.2
горошек замороженный,2,34,326,32,33,36,17,4,1.0571428571428572,0.09821428571428571,8.891891891891891,1.5,0.2631578947368421,1.0,0.8597439662740348,0.3024577896024027,0.9999996940976795,1.0,83.2
киндер шоколад,2,61,524,50,57,60,19,13,1.0338983050847457,0.09550561797752809,8.639344262295081,2.125,0.6666666666666666,1.0,0.8519362507155246,0.3059100281207703,0.9999999994094696,1.0,83.2
батон,1,658,5287,507,603,621,89,37,1.028099173553719,0.09590334151406457,8.504823151125402,5.404255319148936,0.4175824175824176,1.0,0.8531093476075449,0.30781924439127845,1.0,1.0,83.2
карбонад,1,122,865,75,117,119,23,11,1.0084033613445378,0.08685714285714285,7.233333333333333,2.7142857142857144,0.48,1.0,0.8239773954315163,0.3287876645743329,0.9999999999983706,1.0,83.1
хумус,1,221,1970,193,206,208,17,14,1.0048076923076923,0.09797979797979799,9.440191387559809,8.818181818181818,0.7894736842105263,1.0,0.8590846550866316,0.2955016154692933,1.0,1.0,83.1
куриные бедра,2,41,371,36,39,39,29,19,0.975609756097561,0.09711286089238845,9.35,1.088235294117647,0.6451612903225806,1.0,0.8566200555296808,0.2965987072298347,0.9999812131413622,1.0,83.1
тема мясное пюре,3,45,408,40,41,42,13,11,1.0,0.09808612440191387,9.55813953488372,2.2777777777777777,0.8,1.0,0.8593839971830027,0.2940931047653034,0.9999999998718446,1.0,83.1
яблоки свежие,2,461,5290,542,448,500,58,39,1.1133333333333333,0.10245283018867925,10.564870259481038,8.619047619047619,0.6666666666666666,1.0,0.8711435910851213,0.2831515877992322,1.0,1.0,83.1
"минеральная вода газированная 1,5",4,41,261,22,37,38,17,7,1.0,0.08487084870848709,6.769230769230769,1.0454545454545454,0.42105263157894735,1.0,0.8168439897265214,0.3380923477480077,0.9999711830111624,1.0,83.1
творог зерненый,2,147,1289,120,144,151,20,19,1.0410958904109588,0.09314857582755966,8.5,4.84,0.9090909090909091,1.0,0.8447892668222602,0.30788864463904214,1.0,1.0,83.1
яйца куриные,2,1927,15782,1466,1824,1890,36,51,1.0355969331872947,0.0928951367781155,8.347435219460603,35.78048780487805,1.368421052631579,1.0,0.844000540356499,0.3101188139541988,1.0,1.0,83.1
семечки тыквенные,2,44,422,38,43,53,12,7,1.2,0.09027777777777778,7.87037037037037,2.2941176470588234,0.5714285714285714,1.0,0.8356168927437826,0.31756170094146424,0.9999999998911637,1.0,83.1
для стекол и зеркал средство,5,33,200,17,33,33,44,5,0.9714285714285714,0.08571428571428572,5.970588235294118,0.3673469387755102,0.13043478260869565,1.0,0.8199076878520477,0.35697961448980564,0.9746117646576632,1.0,83.0
"вода газированная 1,5",3,82,635,56,80,82,29,14,1.0121951219512195,0.08837209302325581,7.686746987951807,1.6764705882352942,0.4838709677419355,1.0,0.8292307178100572,0.32063449535419825,0.9999999476181606,1.0,83.0
тесто слоеное,2,78,620,58,69,71,15,15,1.0140845070422535,0.09365079365079365,8.652777777777779,2.95,0.9411764705882353,1.0,0.846340455366621,0.30572212462169807,0.9999999999998457,1.0,83.0
семушка орехи,2,36,460,49,29,38,35,17,1.2580645161290323,0.10638297872340426,11.871794871794872,1.25,0.4864864864864865,1.0,0.8808842505857668,0.271286396558092,0.999996273346828,1.0,83.0
чери,1,52,444,42,46,48,30,14,1.0208333333333333,0.0947136563876652,9.122448979591837,1.2285714285714286,0.46875,1.0,0.849572363008222,0.29944723840023196,0.9999953827639326,1.0,83.0
санта бремор,2,40,406,41,36,37,24,10,1.0,0.10096153846153846,10.763157894736842,1.4482758620689655,0.4230769230769231,1.0,0.8672424529971877,0.2811987553084622,0.9999994868812929,1.0,83.0
барилла макароны,2,61,699,73,58,60,27,12,1.0166666666666666,0.10437235543018336,11.508196721311476,2.3125,0.4482758620689655,1.0,0.8759967009642095,0.27436333301302346,0.9999999999094392,1.0,83.0
шишкин лес,2,159,928,68,148,176,32,11,1.18,0.07356076759061833,5.259887005649717,1.864864864864865,0.35294117647058826,1.0,0.7703537854280078,0.3779094374667679,0.9999999920385019,1.0,83.0
белок яичный,2,50,237,17,45,55,29,2,1.1914893617021276,0.0728744939271255,4.285714285714286,0.5294117647058824,0.0967741935483871,1.0,0.7671800517746148,0.4163026718060893,0.994978957246652,0.967741935483871,82.9
хлопья овсяные,2,48,427,40,46,46,32,11,0.9791666666666666,0.09382151029748284,9.148936170212766,1.1081081081081081,0.35294117647058826,1.0,0.846864205572855,0.29910955644430387,0.9999845990456715,1.0,82.9
пирожки,1,59,374,30,53,57,28,16,1.0545454545454545,0.08072916666666667,6.5,0.9393939393939394,0.5666666666666667,1.0,0.8010264411792835,0.3440101947801938,0.9999167730541298,1.0,82.9
риет,1,81,836,83,73,76,26,15,1.0266666666666666,0.09929078014184398,10.896103896103897,2.7096774193548385,0.5714285714285714,1.0,0.8627313882207309,0.2799225092553863,0.9999999999982938,1.0,82.9
хлебцы dr korner,3,114,1492,147,105,145,11,11,1.3644859813084111,0.0985352862849534,10.23972602739726,9.25,0.9230769230769231,1.0,0.860641527352302,0.28648903681872795,1.0,1.0,82.9
шпинат,1,291,2476,224,274,288,34,17,1.0471014492753623,0.09050683829444892,8.577854671280276,5.769230769230769,0.5,1.0,0.8363682439703027,0.30677645771456863,1.0,1.0,82.9
подсолнечное масло,2,123,1267,121,118,130,24,14,1.0916666666666666,0.09553641346906813,9.694656488549619,4.206896551724138,0.5769230769230769,1.0,0.8520274165564433,0.2924987320541757,1.0,1.0,82.9
доместос,1,157,1575,152,149,156,19,15,1.0397350993377483,0.09652996845425868,10.050955414012739,6.375,0.7619047619047619,1.0,0.8549387727927651,0.2885087652457883,1.0,1.0,82.9
мочалка,1,54,235,15,52,55,6,4,1.037037037037037,0.0653061224489796,4.25,1.4545454545454546,0.625,1.0,0.7291316715295366,0.4180047306759423,0.9999995180640162,1.0,82.9
эклеры,1,118,840,68,113,128,16,13,1.1217391304347826,0.0811764705882353,6.534883720930233,3.2857142857142856,0.7777777777777778,1.0,0.8027985357749217,0.34321974983357445,0.9999999999999947,1.0,82.9
масло авокадо,2,66,406,33,57,58,12,4,1.0,0.08173076923076923,6.932203389830509,2.0,0.35714285714285715,1.0,0.8049726325981457,0.33470319875071963,0.9999999979388464,1.0,82.8
магнат,1,43,455,44,38,42,12,11,1.075,0.0967741935483871,10.651162790697674,2.6470588235294117,0.8571428571428571,1.0,0.8556455969827983,0.2822943271637757,0.9999999999968087,1.0,82.8
мимоза,1,83,155,5,77,77,5,2,0.9873417721518988,0.03636363636363636,2.0256410256410255,0.6,0.42857142857142855,1.0,0.5167749188101746,0.6260796624433993,0.9975212478233336,1.0,82.8
сгущенное молоко,2,381,3950,375,373,391,62,30,1.0453333333333332,0.09494949494949495,10.084183673469388,5.611940298507463,0.484375,1.0,0.8502802250355771,0.28814867957090323,1.0,1.0,82.8
чипсы с солью,3,41,371,33,38,43,13,6,1.1,0.08923884514435695,8.5,1.8888888888888888,0.4666666666666667,1.0,0.8321654997838233,0.30788864463904214,0.9999999937387681,1.0,82.8
бри,1,62,431,37,54,55,14,6,1.0,0.08616780045351474,7.75,2.0,0.4375,1.0,0.8215337924393672,0.3195620193459755,0.9999999979388464,1.0,82.8
персил гель для стирки,4,36,364,35,34,35,15,13,1.0,0.0962566844919786,10.194444444444445,1.8,0.8235294117647058,1.0,0.8541437439467455,0.2869678410138711,0.9999999847700203,1.0,82.8
камамбер,1,120,1100,97,112,125,24,15,1.105263157894737,0.08828828828828829,8.753968253968255,3.3793103448275863,0.6153846153846154,1.0,0.8289442523167831,0.3043223564477646,0.9999999999999979,1.0,82.7
сгущенка вареная,2,77,529,44,70,70,15,7,0.9861111111111112,0.08348794063079777,7.492957746478873,2.25,0.47058823529411764,1.0,0.8117075260682042,0.32401602860113177,0.9999999998308102,1.0,82.7
туалетная бумага 12 рулонов,4,334,3340,317,318,321,23,25,1.00625,0.09492537313432836,10.381987577639752,11.357142857142858,1.04,1.0,0.8502079773547568,0.28500741805953916,1.0,1.0,82.7
туалетная бумага влажная,3,42,390,35,42,42,16,10,0.9772727272727273,0.09,9.13953488372093,1.7142857142857142,0.6111111111111112,1.0,0.8347011117784134,0.29922922411253877,0.9999999641117948,1.0,82.7
сгущенка,1,275,2674,252,254,267,49,22,1.046875,0.0942622950819672,9.988805970149254,4.685185185185185,0.45098039215686275,1.0,0.8482082709951888,0.28918761669336207,1.0,1.0,82.7
пеленки одноразовые 60 90,4,127,940,78,122,125,18,13,1.0161290322580645,0.08315789473684211,7.484126984126984,3.4347826086956523,0.7,1.0,0.810460511718786,0.32417367494173926,0.9999999999999988,1.0,82.7
мягкий творог,2,40,428,41,39,40,25,6,1.0,0.0958904109589041,10.512195121951219,1.4,0.25925925925925924,1.0,0.8530713551414535,0.28368061627545593,0.9999991684712809,1.0,82.7
морс,1,275,2904,280,256,267,22,18,1.0387596899224807,0.09643102264927934,10.847014925373134,10.407407407407407,0.7916666666666666,1.0,0.8546514245695803,0.2803907323069824,1.0,1.0,82.7
калинов родник,2,47,355,29,47,48,23,8,1.0,0.0821917808219178,7.3061224489795915,1.0714285714285714,0.36,1.0,0.8067625656579699,0.3274206468560761,0.9999777748430403,1.0,82.7
кефир детский,2,139,1411,132,135,138,19,15,1.0145985401459854,0.09359605911330049,10.172661870503598,5.541666666666667,0.7619047619047619,1.0,0.8461721535820863,0.2871994315846953,1.0,1.0,82.7
смузи,1,55,251,16,51,55,9,6,1.0566037735849056,0.06513409961685823,4.535714285714286,1.2142857142857142,0.6363636363636364,1.0,0.7281981558503327,0.4050600944309592,0.9999946737180996,1.0,82.7
вода 19 л,3,42,161,23,36,36,36,2,0.9736842105263158,0.14035087719298245,4.4324324324324325,0.5853658536585366,0.07894736842105263,1.0,0.9396151808289431,0.4095677776051662,0.99713061780826,0.7894736842105263,82.7
немолоко,1,125,1267,120,118,121,30,16,1.0166666666666666,0.0947533281127643,10.40983606557377,3.4571428571428573,0.53125,1.0,0.8496916701480033,0.2847213275453219,0.999999999999999,1.0,82.7
lavazza,1,30,204,17,27,26,9,6,0.9310344827586207,0.08411214953271028,7.666666666666667,1.2857142857142858,0.6363636363636364,1.0,0.8140435905729639,0.32097811353220035,0.9999973925631191,1.0,82.7
лазанья листы,2,34,208,16,32,32,11,2,0.9705882352941176,0.0779816513761468,6.393939393939394,1.0625,0.23076923076923078,1.0,0.7897868004935491,0.3464591437681104,0.9999756991687406,1.0,82.7
лимонад черноголовка,2,41,462,43,41,46,24,16,1.0930232558139534,0.09322033898305085,9.893617021276595,1.5172413793103448,0.6538461538461539,1.0,0.8450118752727763,0.2902411227429038,0.999999742543173,1.0,82.7
ритер спортс,2,35,408,36,34,46,22,15,1.3055555555555556,0.08851674641148326,8.74468085106383,1.3703703703703705,0.6666666666666666,1.0,0.829724050948343,0.3044496902550595,0.9999988817031545,1.0,82.7
соленые огурцы,2,98,997,94,96,97,25,19,1.0,0.09433962264150944,10.204081632653061,3.1666666666666665,0.7407407407407407,1.0,0.8484428432386957,0.28686564187718744,0.9999999999999823,1.0,82.7
масло топленое,2,39,212,15,37,38,24,4,1.0,0.07207207207207207,5.512820512820513,0.5517241379310345,0.19230769230769232,1.0,0.7634135127873611,0.36992064716535694,0.9959830861866438,1.0,82.6
анчоусы,1,37,131,7,36,36,6,3,0.9736842105263158,0.05673758865248227,3.6216216216216215,0.7272727272727273,0.5,1.0,0.6784980831293617,0.45281669318540824,0.9993057839070014,1.0,82.6
сок без сахара,3,40,303,25,39,39,13,7,0.975609756097561,0.08306709265175719,7.65,1.4444444444444444,0.5333333333333333,1.0,0.8101159873633372,0.3212644833592523,0.9999994668400929,1.0,82.6
пеленки одноразовые детские,3,72,688,52,62,108,17,12,1.703125,0.07593123209169055,6.339449541284404,2.409090909090909,0.6842105263157895,1.0,0.7809870989143497,0.34774482171343485,0.9999999999655292,1.0,82.6
маринованные огурцы,2,60,569,51,58,59,16,10,1.0,0.08981001727115717,9.533333333333333,2.4761904761904763,0.6111111111111112,1.0,0.8340718383474849,0.2943869112882094,0.9999999999823785,1.0,82.6
курица бедро,2,67,605,53,66,67,30,18,1.0,0.08780487804878048,8.941176470588236,1.542857142857143,0.59375,1.0,0.8272824298424164,0.30180328109040244,0.9999998007232807,1.0,82.6
белизна,1,79,308,18,73,77,6,2,1.04,0.059748427672955975,3.9871794871794872,1.7272727272727273,0.375,1.0,0.697286526675916,0.4313646764051213,0.9999999684826382,1.0,82.6
дрип кофе,2,77,566,42,72,94,58,8,1.2837837837837838,0.07465277777777778,5.989473684210527,0.6825396825396826,0.15,1.0,0.7753149321141606,0.3564828770917607,0.9989141550349009,1.0,82.6
нагетсы,1,68,757,72,67,69,28,13,1.0144927536231885,0.09517601043024772,10.857142857142858,2.212121212121212,0.4666666666666667,1.0,0.8509569678869003,0.2802938425178181,0.9999999997528961,1.0,82.6
овсяные хлопья,2,118,1206,110,114,115,29,16,1.0,0.0912828947368421,10.422413793103448,3.264705882352941,0.5483870967741935,1.0,0.8388883852278798,0.28459253178958427,0.9999999999999933,1.0,82.5
запеканка,1,54,374,29,51,53,24,14,1.0188679245283019,0.078125,6.981481481481482,1.0344827586206897,0.5769230769230769,1.0,0.7903886128489022,0.33370524149285014,0.999967841301571,1.0,82.5
ацидофилин,1,31,13,4,28,9,3,2,0.3333333333333333,0.21739130434782608,1.6,0.625,0.6,0.41666666666666663,0.9870650986110502,0.7254200712792535,0.9980695458637723,1.0,82.5
кетчуп,1,599,6298,584,570,583,32,27,1.020979020979021,0.09273937856689918,10.789383561643836,15.81081081081081,0.8235294117647058,1.0,0.8435138187054716,0.2809449340006743,1.0,1.0,82.5
шейка свиная,2,32,234,18,31,34,16,7,1.0606060606060606,0.0778688524590164,6.771428571428571,0.9047619047619048,0.4444444444444444,1.0,0.7893120287320865,0.33804571033298003,0.9998823291276068,1.0,82.5
вернель,1,38,340,29,37,38,17,9,1.0,0.08571428571428572,8.794871794871796,1.3636363636363635,0.5263157894736842,1.0,0.8199076878520477,0.3037642518482136,0.9999988038035217,1.0,82.5
ополаскиватель для посудомоечной машины,4,82,400,53,74,75,59,4,1.0,0.13170731707317074,5.302631578947368,0.84375,0.08196721311475409,1.0,0.9282197809415148,0.37651249791513147,0.9997834090486231,0.8196721311475409,82.5
"молоко 2,5",2,122,1359,129,114,116,70,17,1.0086206896551724,0.09495982468955443,11.64102564102564,1.7333333333333334,0.25,1.0,0.8503111531678144,0.2732209369462779,0.99999997033605,1.0,82.5
мука пшеничная,2,188,1886,161,180,205,22,14,1.1318681318681318,0.08544303797468354,9.169902912621358,6.0,0.625,1.0,0.8189280403310891,0.29884341608523923,1.0,1.0,82.4
творожок детский,2,198,3757,413,190,192,58,37,1.0052083333333333,0.10990177860366339,19.481865284974095,6.571428571428571,0.6333333333333333,1.0,0.8889789628855221,0.22955390867277753,1.0,1.0,82.4
макароны без глютена,3,44,611,62,40,40,52,17,0.9761904761904762,0.10144927536231885,14.975609756097562,1.105263157894737,0.3333333333333333,1.0,0.8685311723091811,0.2501376324911988,0.9999841546040938,1.0,82.4
сосиски детские,2,51,231,20,51,51,91,9,0.9811320754716981,0.08713692946058091,4.5,0.21875,0.10752688172043011,1.0,0.8249596200688083,0.40659800924006667,0.8878031094796562,1.0,82.4
яблоки,1,1209,13037,1207,1127,1158,198,57,1.0265721877767937,0.09258833448302292,11.251078515962035,5.9507389162561575,0.29,1.0,0.8430403777230595,0.2766376574408452,1.0,1.0,82.4
бедро куриное,2,166,1601,136,159,170,56,23,1.062111801242236,0.08504034761018,9.380116959064328,2.2459016393442623,0.41379310344827586,1.0,0.8174638333563718,0.29623039759357034,0.9999999998237321,1.0,82.3
лимонад без сахара,3,72,421,30,67,67,20,14,0.9855072463768116,0.07192575406032482,6.235294117647059,1.24,0.6818181818181818,1.0,0.7627201614960305,0.35025635878260664,0.9999958814112925,1.0,82.3
мармелад без сахара,3,33,209,13,30,43,5,5,1.375,0.0639269406392694,4.818181818181818,1.4,0.8571428571428571,1.0,0.7215561380392965,0.39361270782391733,0.9999991684712809,1.0,82.3
зефир в шоколаде,3,65,536,43,62,67,12,11,1.0625,0.08058608058608059,7.926470588235294,2.588235294117647,0.8571428571428571,1.0,0.8004562187260367,0.3166471008570582,0.999999999994253,1.0,82.3
яблоко,1,80,829,73,77,80,71,29,1.0253164556962024,0.08820023837902265,10.271604938271604,0.9736842105263158,0.410958904109589,1.0,0.8286427580680271,0.28615405977422415,0.999940933232731,1.0,82.3
барилла,1,103,1495,151,98,99,39,19,1.0,0.1009966777408638,14.98,3.4545454545454546,0.4878048780487805,1.0,0.8673357203104207,0.2501128319541481,0.999999999999999,1.0,82.3
соус барбекю,2,40,298,25,38,39,66,6,1.0,0.08441558441558442,7.525,0.36619718309859156,0.10294117647058823,1.0,0.815168686412984,0.3234466648277308,0.9743181774469281,1.0,82.3
рафаэлло,1,95,927,83,82,86,13,12,1.0357142857142858,0.08964781216648879,10.689655172413794,4.666666666666667,0.8666666666666667,1.0,0.8335326763755322,0.28191563618810805,1.0,1.0,82.3
фета,1,134,1412,126,133,134,32,16,1.0,0.08931082981715893,10.481481481481481,3.4324324324324325,0.5,1.0,0.8324069561621923,0.28399111662057425,0.9999999999999988,1.0,82.3
пельмени сибирская коллекция,3,103,1005,87,99,103,26,15,1.0297029702970297,0.08669950738916256,9.692307692307692,2.838709677419355,0.5714285714285714,1.0,0.8234215716034863,0.29252584576557944,0.9999999999995305,1.0,82.3
паста томатная,2,73,635,52,70,75,15,7,1.0555555555555556,0.08217054263565891,8.394736842105264,2.65,0.47058823529411764,1.0,0.8066804679706896,0.3094200377225819,0.9999999999969011,1.0,82.3
momi трусики,2,35,219,16,31,33,17,9,1.0303030303030303,0.07423580786026202,6.529411764705882,0.7727272727272727,0.5263157894736842,1.0,0.773433359140994,0.34334325898499285,0.9995593557631594,1.0,82.3
баранки,1,84,560,42,79,80,45,11,1.0,0.07543859649122807,6.950617283950617,0.86,0.2553191489361702,1.0,0.7788185624336265,0.33432886716152305,0.9998158942063324,1.0,82.3
ряженка,1,498,4809,421,465,483,37,39,1.0364025695931478,0.08757003527702843,9.942148760330578,10.047619047619047,1.0256410256410255,1.0,0.826469292284363,0.28970189409601355,1.0,1.0,82.3
чай тесс,2,30,341,31,24,31,53,13,1.2307692307692308,0.09116809116809117,10.75,0.5517241379310345,0.2545454545454545,1.0,0.8385180364501096,0.28132648858335224,0.9959830861866438,1.0,82.3
боржоми вода,2,50,562,47,50,69,101,12,1.3461538461538463,0.08391608391608392,8.071428571428571,0.4528301886792453,0.1262135922330097,1.0,0.8133129658437003,0.3143339653409752,0.9892010015665129,1.0,82.3
аквалор,1,95,1055,95,90,95,11,10,1.0434782608695652,0.09014084507042254,11.020833333333334,6.0,0.8461538461538461,1.0,0.8351660872469716,0.2787483634798129,1.0,1.0,82.3
корнерсы,1,45,675,64,45,49,16,10,1.0638297872340425,0.0948905109489051,13.56,3.0952380952380953,0.6111111111111112,1.0,0.8501034993903201,0.2588032943149689,0.9999999999999639,1.0,82.2
риттер спорт шоколад,3,39,399,35,34,37,23,17,1.0555555555555556,0.08801955990220049,10.578947368421053,1.2857142857142858,0.72,1.0,0.8280224266283543,0.28301094895129303,0.9999973925631191,1.0,82.2
сыр маасдам,2,70,659,56,65,66,24,11,1.0,0.08520179372197309,9.880597014925373,1.9655172413793103,0.46153846153846156,1.0,0.8180522779115849,0.2903865375791779,0.9999999970901736,1.0,82.2
хлеб нарезной,2,31,327,29,29,30,47,12,1.0,0.08902077151335312,10.64516129032258,0.5769230769230769,0.2653061224489796,1.0,0.8314318955719959,0.28235357499046493,0.9968778417491206,1.0,82.2
яйцо с0,2,107,1140,93,102,128,45,17,1.2403846153846154,0.0817391304347826,8.86046511627907,1.88,0.3829787234042553,1.0,0.8050052431435761,0.3028783407191941,0.9999999931567289,1.0,82.2
тампоны,1,191,1566,127,175,179,20,12,1.0169491525423728,0.08121827411167512,8.716666666666667,5.12,0.5909090909090909,1.0,0.8029633411914927,0.3048351601842463,1.0,1.0,82.2
цветная капуста замороженная,3,36,367,31,35,38,24,6,1.054054054054054,0.08488063660477453,9.487179487179487,1.103448275862069,0.2692307692307692,1.0,0.8168798404580341,0.29493698077006,0.999983864403416,1.0,82.2
патчи для глаз,3,56,320,22,51,54,20,6,1.0377358490566038,0.0696969696969697,5.872727272727273,0.92,0.3181818181818182,1.0,0.7519039709712294,0.35959804998376615,0.9998989605981629,1.0,82.2
merries трусики,2,43,419,35,41,44,17,13,1.0465116279069768,0.08391608391608392,9.377777777777778,1.6363636363636365,0.7368421052631579,1.0,0.8133129658437003,0.2962589331396584,0.9999999217718566,1.0,82.2
мидии замороженные,2,37,214,15,34,34,12,6,0.9722222222222222,0.07142857142857142,6.2,0.9411764705882353,0.5,1.0,0.7603489635582241,0.3511239768900029,0.9999182434562797,1.0,82.2
яблоко свежее,2,32,354,31,30,34,48,15,1.09375,0.08791208791208792,10.2,0.6037735849056604,0.32,1.0,0.827652373626202,0.28690890659491564,0.997613042768525,1.0,82.2
пахлава,1,71,505,37,66,72,14,6,1.0735294117647058,0.07378640776699029,6.958904109589041,2.0,0.4375,1.0,0.7713877987708206,0.3341609615353648,0.9999999979388464,1.0,82.1
сыр копченый,2,70,474,35,66,66,17,10,0.9852941176470589,0.0743801652892562,7.119402985074627,1.6363636363636365,0.5789473684210527,1.0,0.774086547317014,0.33097528329132014,0.9999999217718566,1.0,82.1
purina one для кошек,4,65,673,51,62,88,27,14,1.390625,0.07613469985358712,7.595505617977528,1.625,0.5172413793103449,1.0,0.7818765292791126,0.3222082860272082,0.9999999123575178,1.0,82.1
соль для ванны,3,63,495,39,57,58,15,8,1.0,0.07920792079207921,8.440677966101696,2.0,0.5294117647058824,1.0,0.7948796534682876,0.3087477053906763,0.9999999979388464,1.0,82.1
наггетсы,1,285,3033,263,268,277,28,18,1.0296296296296297,0.08675649030561945,10.920863309352518,8.0,0.6333333333333333,1.0,0.8236226960518094,0.27968767052420396,1.0,1.0,82.1
кабачки,1,102,729,55,95,99,19,13,1.0309278350515463,0.07577807848443843,7.32,2.3333333333333335,0.6666666666666666,1.0,0.7803152181132678,0.3271626607680057,0.9999999999264704,1.0,82.1
вешалки для одежды,3,33,258,20,31,31,16,7,0.9696969696969697,0.07835820895522388,8.15625,1.0,0.4444444444444444,1.0,0.7913640014391099,0.31301286625796876,0.9999546000702375,1.0,82.1
evervess,1,46,399,32,42,45,10,8,1.0454545454545454,0.08068459657701711,8.73913043478261,2.2,0.75,1.0,0.8008489967167866,0.3045258974465505,0.9999999997210532,1.0,82.1
язык говяжий,2,56,244,16,53,58,55,5,1.0727272727272728,0.06692913385826772,4.186440677966102,0.2833333333333333,0.10526315789473684,1.0,0.7377829484518313,0.42109788083687205,0.9411835283575701,1.0,82.0
тыквенные семечки,2,52,545,43,49,62,12,11,1.2352941176470589,0.07927927927927927,8.698412698412698,2.588235294117647,0.8571428571428571,1.0,0.7951721862241345,0.3050874572469381,0.999999999994253,1.0,82.0
гранат,1,110,935,73,106,109,28,14,1.0185185185185186,0.07830687830687831,8.527272727272727,2.242424242424242,0.5,1.0,0.7911497030356843,0.3074970907503652,0.9999999998174948,1.0,82.0
вареники с картофелем,3,69,605,47,66,71,26,13,1.0588235294117647,0.07804878048780488,8.444444444444445,1.5483870967741935,0.5,1.0,0.7900688396276521,0.3086928586869153,0.9999998114440332,1.0,82.0
сушилка для белья,3,58,313,21,51,51,21,4,0.9811320754716981,0.06811145510835913,6.076923076923077,0.8461538461538461,0.21739130434782608,1.0,0.743910708953707,0.35421774748875834,0.9997885534820227,1.0,82.0
мыло твердое,2,68,486,35,63,68,8,8,1.0615384615384615,0.07258064516129033,7.086956521739131,2.769230769230769,0.9,1.0,0.7658077461322825,0.33160931253958403,0.9999999999990594,1.0,81.9
мойва,1,36,159,9,30,34,6,4,1.09375,0.05917159763313609,4.628571428571429,0.9090909090909091,0.625,1.0,0.6937740199419575,0.4011603478800448,0.9998873144194922,1.0,81.9
мята,1,118,989,76,112,118,28,10,1.043859649122807,0.07707707707707707,8.336134453781513,2.3333333333333335,0.36666666666666664,1.0,0.7859491213551311,0.3102867500090446,0.9999999999264704,1.0,81.9
творог детский,2,295,5708,569,284,291,55,46,1.020979020979021,0.09968520461699895,19.55821917808219,9.5,0.8245614035087719,1.0,0.8638099704384194,0.22927138001095215,1.0,1.0,81.9
киндер,1,528,5445,468,471,479,23,30,1.014799154334038,0.08597616865261229,11.35,16.75,1.24,1.0,0.8208484839942306,0.27575259429577076,1.0,1.0,81.9
спагетти,1,229,2513,212,221,226,42,18,1.0179372197309418,0.08442330558858502,11.083700440528634,4.531914893617022,0.4318181818181818,1.0,0.8151972265002605,0.2781648581202968,1.0,1.0,81.9
pi pi bent,3,52,42,2,42,26,6,1,0.6136363636363636,0.057692307692307696,1.6666666666666667,0.2727272727272727,0.25,0.7670454545454546,0.6845787253610525,0.7066950526114236,0.9346025967701398,1.0,81.9
сыр с плесенью голубой,4,38,326,25,38,39,42,6,1.0,0.07738095238095238,8.225,0.5531914893617021,0.1590909090909091,1.0,0.7872460717669663,0.31195905216559666,0.9960415980914606,1.0,81.9
безалкогольное пиво,2,32,214,15,31,32,26,7,1.0,0.07142857142857142,6.575757575757576,0.5161290322580645,0.2857142857142857,1.0,0.7603489635582241,0.34230278854110724,0.9942657041813858,1.0,81.9
печень говяжья,2,41,166,21,40,39,82,6,0.9523809523809523,0.125,4.225,0.25287356321839083,0.08333333333333333,1.0,0.9179150013761012,0.4192114483328382,0.9202401977132579,0.8333333333333333,81.8
горошек,1,226,2502,211,206,213,51,17,1.0288461538461537,0.08439490445859872,11.705607476635514,3.7857142857142856,0.33962264150943394,1.0,0.8150922245294976,0.27267322520375625,1.0,1.0,81.8
братья ореховы,2,38,471,39,36,42,13,11,1.131578947368421,0.08316008316008316,11.023255813953488,2.2222222222222223,0.8,1.0,0.8104688073896653,0.27872577713368274,0.9999999997766369,1.0,81.8
тряпки в рулонах,3,37,398,33,36,36,22,8,0.9736842105263158,0.08333333333333333,10.837837837837839,1.2592592592592593,0.375,1.0,0.8111243971624381,0.28047865524920224,0.9999966029141357,1.0,81.8
грецкий орех,2,111,951,74,103,103,27,9,0.9904761904761905,0.07804370447450572,9.173076923076923,2.34375,0.3448275862068966,1.0,0.7900475262785627,0.29880321597147014,0.9999999999337443,1.0,81.8
клубника замороженная,2,126,1228,98,120,125,41,9,1.0327868852459017,0.07996768982229402,9.76984126984127,2.152173913043478,0.23255813953488372,1.0,0.7979729735948942,0.2916365846757922,0.9999999995499845,1.0,81.8
капсулы для посудомоечной машины,4,73,603,45,68,70,17,8,1.0142857142857142,0.07504078303425775,8.535211267605634,2.090909090909091,0.47368421052631576,1.0,0.7770517641465419,0.3073835145575918,0.9999999991695812,1.0,81.7
салями,1,30,253,19,28,28,23,8,0.9666666666666667,0.07604562737642585,8.827586206896552,0.7142857142857143,0.36,1.0,0.7814876070019794,0.30332102116188775,0.99920950967688,1.0,81.7
пастила белевская,2,42,284,21,38,33,10,6,0.85,0.07482993197278912,8.441176470588236,1.4666666666666666,0.5833333333333334,1.0,0.7761096015392654,0.30874044389265065,0.9999995730789206,1.0,81.7
тряпки для кухни,3,38,136,7,32,32,5,2,0.9705882352941176,0.0547945205479452,4.212121212121212,0.8,0.42857142857142855,1.0,0.6657581382061607,0.4198380823716419,0.9996645373720975,1.0,81.7
куриное филе грудки,3,71,700,55,66,71,34,17,1.0588235294117647,0.07887323943661972,9.76388888888889,1.435897435897436,0.5,1.0,0.7935020489140878,0.2917044364229713,0.9999994192667797,1.0,81.7
кола добрый,2,124,1006,75,117,119,20,9,1.0084033613445378,0.07480314960629922,8.408333333333333,3.04,0.45454545454545453,1.0,0.7759896431203274,0.30922041072375417,0.9999999999999373,1.0,81.7
сосиски молочные,2,101,977,72,98,117,26,15,1.18,0.07396149949341439,8.305084745762711,2.3548387096774195,0.5714285714285714,1.0,0.7721869607874788,0.31075015715981824,0.9999999999406985,1.0,81.7
черноголовка лимонад,2,32,212,33,31,21,24,16,0.6666666666666666,0.15315315315315314,9.772727272727273,1.1724137931034482,0.6538461538461539,0.8333333333333333,0.9532557050132539,0.2916037117116424,0.9999919039796435,1.0,81.6
смесь орехов,2,30,253,19,29,27,12,8,0.9032258064516129,0.07604562737642585,9.142857142857142,1.1764705882352942,0.6428571428571429,1.0,0.7814876070019794,0.2991869119260752,0.9999922258457375,1.0,81.6
мешки для мусора 60 л,5,35,313,24,32,32,21,8,0.9705882352941176,0.07739938080495357,9.575757575757576,0.9615384615384616,0.391304347826087,1.0,0.7873244717101526,0.29388520919720057,0.9999333052697816,1.0,81.6
котлеты куриные,2,75,567,39,69,78,22,11,1.1126760563380282,0.06932409012131716,7.215189873417722,1.4814814814814814,0.5,1.0,0.750046855935107,0.32913208082862955,0.9999996318645201,1.0,81.6
овсянка,1,170,1867,151,162,171,39,24,1.048780487804878,0.08098028769312733,10.872093023255815,3.4545454545454546,0.6097560975609756,1.0,0.8020232647369442,0.28015109362901136,0.999999999999999,1.0,81.6
вишня замороженная,2,131,1296,99,124,136,47,11,1.0873015873015872,0.07656967840735068,9.481751824817518,1.9230769230769231,0.24489795918367346,1.0,0.7837658797306761,0.29500196308925214,0.999999995551813,1.0,81.6
куриная грудка филе,3,75,697,52,71,77,37,14,1.0684931506849316,0.07496463932107496,8.974358974358974,1.2619047619047619,0.38461538461538464,1.0,0.7767119833599923,0.3013660204948578,0.9999966916057894,1.0,81.6
сок вишневый,2,78,614,45,73,73,14,10,0.9866666666666667,0.07371794871794872,8.337837837837839,2.4210526315789473,0.6875,1.0,0.7710745729103988,0.3102614120634689,0.9999999999694155,1.0,81.6
кальмары замороженные,2,69,593,44,65,66,11,8,1.0,0.07462686567164178,8.895522388059701,2.8125,0.6923076923076923,1.0,0.7751984606700384,0.3024093677399391,0.9999999999993898,1.0,81.6
"вода негазированная 1,5 л",4,69,662,52,60,65,36,14,1.064516129032258,0.07886904761904762,10.075757575757576,1.2926829268292683,0.39473684210526316,1.0,0.7934847361535794,0.2882398036241098,0.9999975680794629,1.0,81.6
подушечки,1,34,298,22,31,32,19,6,1.0,0.07467532467532467,9.121212121212121,0.9583333333333334,0.3333333333333333,1.0,0.7754162282974162,0.2994630472038461,0.999931132991987,1.0,81.5
пицца zotman,2,131,1631,136,126,129,21,15,1.015625,0.08348567946374162,12.569230769230769,5.269230769230769,0.6956521739130435,1.0,0.8116990106608786,0.2657971885976901,1.0,1.0,81.5
перепелиные яйца,2,109,799,55,105,109,16,10,1.02803738317757,0.069221260815822,7.290909090909091,2.6666666666666665,0.6111111111111112,1.0,0.7495322768141299,0.3277044307212818,0.9999999999973769,1.0,81.5
аква марис,2,44,296,19,43,46,12,5,1.0444444444444445,0.06535947712418301,6.361702127659575,1.1764705882352942,0.42857142857142855,1.0,0.7294205592008137,0.3472174749926772,0.9999922258457375,1.0,81.5
сахарозаменитель,1,84,935,72,78,94,11,10,1.1875,0.07724867724867725,9.873684210526315,4.5625,0.8461538461538461,1.0,0.7866824855312426,0.29046387375317106,1.0,1.0,81.5
лук порей,2,42,271,22,40,41,51,4,1.0,0.08185053380782918,6.523809523809524,0.4107142857142857,0.09433962264150944,1.0,0.8054392209709099,0.3434698940826195,0.9835452790835827,0.9433962264150944,81.5
детский творожок,2,31,695,67,30,30,58,30,0.96875,0.09645390070921986,22.516129032258064,1.0793650793650793,0.5166666666666667,1.0,0.8547179152250676,0.21951108019058554,0.9999794705638839,1.0,81.5
щавель свежий,2,40,284,20,39,43,53,6,1.0731707317073171,0.07142857142857142,6.5227272727272725,0.3620689655172414,0.12727272727272726,1.0,0.7603489635582241,0.3434943793202802,0.9732357879509547,1.0,81.5
nemoloko,1,46,511,40,46,48,21,15,1.0208333333333333,0.07869481765834933,10.489795918367347,1.5769230769230769,0.6956521739130435,1.0,0.7927638579711687,0.2839069125725285,0.9999998582542347,1.0,81.5
семена льна,2,37,342,25,33,38,19,5,1.1142857142857143,0.07386363636363637,8.846153846153847,1.0833333333333333,0.2857142857142857,1.0,0.7717406342003652,0.303070686569369,0.9999802692718589,1.0,81.5
сыр фета,2,47,560,45,44,47,22,11,1.0434782608695652,0.08070175438596491,11.729166666666666,1.7037037037037037,0.5,1.0,0.8009173248898206,0.27247465881340066,0.9999999601058858,1.0,81.5
печенье овсяное,2,121,1324,101,116,131,23,11,1.11864406779661,0.07646176911544228,10.053030303030303,3.642857142857143,0.48,1.0,0.7832987023681318,0.28848622218380365,0.9999999999999999,1.0,81.4
dr korner,2,36,542,45,34,39,16,13,1.1111111111111112,0.08333333333333333,13.625,2.1904761904761907,0.7777777777777778,1.0,0.8111243971624381,0.2583735829701438,0.9999999996931807,1.0,81.4
бекон,1,618,6538,513,568,592,38,26,1.0403508771929824,0.07849725106902872,11.03035413153457,11.953488372093023,0.675,1.0,0.7919433792916459,0.27865964220049205,1.0,1.0,81.4
холодный чай,2,49,602,49,44,47,33,16,1.0434782608695652,0.08169934640522876,12.604166666666666,1.3157894736842106,0.4857142857142857,1.0,0.8048500278574775,0.26553536698502883,0.999998069815062,1.0,81.4
тема,1,70,927,79,62,63,29,21,1.0,0.08537886872998933,14.53125,2.3529411764705883,0.7096774193548387,1.0,0.8186955061298202,0.2527101877830763,0.9999999999395626,1.0,81.4
буррата сыр,2,37,222,23,34,38,77,6,1.0833333333333333,0.10344827586206896,5.769230769230769,0.2926829268292683,0.08860759493670886,1.0,0.8736836137369699,0.3624512271384885,0.9464333854743462,0.8860759493670887,81.4
мерси,1,57,481,35,51,53,16,12,1.0188679245283019,0.07331975560081466,8.962962962962964,1.7142857142857142,0.7222222222222222,1.0,0.7692441634319364,0.30151588373357485,0.9999999641117948,1.0,81.4
яйцо,1,611,5488,409,557,570,86,52,1.0214669051878353,0.07457257184430702,9.61646234676007,4.5054945054945055,0.6022727272727273,1.0,0.7749542213679532,0.2934073250614353,1.0,1.0,81.4
моцарелла сыр,2,145,1674,132,143,146,26,19,1.013793103448276,0.07897862232779097,11.408163265306122,4.290322580645161,0.7142857142857143,1.0,0.7939368176034557,0.2752381197641968,1.0,1.0,81.4
молоко кокосовое,2,105,1201,96,101,101,28,18,0.9902912621359223,0.08009909165978531,11.803921568627452,2.9393939393939394,0.6333333333333333,1.0,0.7985032109978771,0.27184891605995787,0.9999999999998285,1.0,81.4
запеканка творожная,2,38,266,18,32,33,13,10,1.0,0.06884057971014493,7.911764705882353,1.0555555555555556,0.7333333333333333,1.0,0.7476180322979111,0.3168857841962322,0.9999739516349976,1.0,81.3
карри,1,35,211,13,33,33,13,5,0.9714285714285714,0.06334841628959276,6.294117647058823,0.7777777777777778,0.4,1.0,0.718315696363331,0.3488290804729752,0.9995810578765516,1.0,81.3
сок агуша,2,42,452,35,40,40,54,12,0.9761904761904762,0.07792207792207792,11.097560975609756,0.6101694915254238,0.23214285714285715,1.0,0.7895361886973837,0.27803694638251075,0.9977609305314592,1.0,81.3
пена для бритья,3,75,677,49,73,72,23,12,0.9733333333333334,0.07278020378457059,9.315068493150685,1.7857142857142858,0.52,1.0,0.7667405850088568,0.29702839465209935,0.9999999824312285,1.0,81.3
кетчуп томатный,2,40,452,35,38,39,23,9,1.0,0.07792207792207792,11.375,1.2857142857142858,0.4,1.0,0.7895361886973837,0.27553092866858175,0.9999973925631191,1.0,81.3
пудинг ehrmann,2,35,90,3,34,34,5,3,0.9722222222222222,0.04,2.657142857142857,0.4,0.5714285714285714,1.0,0.5506710358827784,0.534554402968491,0.9816843611112658,1.0,81.3
кокосовое молоко,2,403,4686,372,378,387,33,20,1.0210526315789474,0.07942930153321977,12.085051546391753,9.81578947368421,0.6,1.0,0.7957858397527502,0.2695528442622222,1.0,1.0,81.3
магги,1,56,649,52,51,51,23,15,0.9811320754716981,0.08042488619119878,12.538461538461538,1.8928571428571428,0.64,1.0,0.7998118738548035,0.26602877220033255,0.9999999939823645,1.0,81.3
хлеб белый,2,490,6356,511,469,514,97,52,1.0934182590233545,0.0804272698711907,12.347572815533981,5.019607843137255,0.5353535353535354,1.0,0.7998214173159344,0.2674865654669982,1.0,1.0,81.3
хлеб зерновой,2,124,1250,94,120,120,50,16,0.9918032786885246,0.07539682539682539,10.355371900826446,1.7272727272727273,0.3269230769230769,1.0,0.7786337054134034,0.285282038470159,0.9999999684826382,1.0,81.3
не молоко,2,43,472,36,41,43,17,10,1.0232558139534884,0.07676348547717843,10.795454545454545,1.6818181818181819,0.5789473684210527,1.0,0.7846024114506147,0.2808863225437372,0.9999999503457484,1.0,81.3
йогурт детский,2,159,2973,268,148,151,36,29,1.0133333333333334,0.09017767348307074,19.57894736842105,6.560975609756097,0.7894736842105263,1.0,0.8352874539711922,0.22919498121170565,1.0,1.0,81.3
вяленые томаты,2,72,611,43,68,72,14,8,1.042857142857143,0.07085346215780998,8.41095890410959,2.3157894736842106,0.5625,1.0,0.7575765389974206,0.30918192432904845,0.9999999999123698,1.0,81.3
брокколи замороженные,2,119,1457,113,114,127,31,14,1.103448275862069,0.07770961145194274,11.40625,3.1666666666666665,0.45454545454545453,1.0,0.7886399557899791,0.2752549744041542,0.9999999999999823,1.0,81.3
вино безалкогольное,2,32,316,23,26,32,11,12,1.1785714285714286,0.0736196319018405,9.666666666666666,1.5,1.0,1.0,0.7706239856701993,0.2928225532548825,0.9999996940976795,1.0,81.3
влажная туалетная бумага,3,209,2055,151,200,203,19,14,1.00990099009901,0.07360774818401937,10.088235294117647,6.333333333333333,0.7142857142857143,1.0,0.7705694623944792,0.28810490846393094,1.0,1.0,81.2
фейри для посуды,3,33,326,24,31,31,23,9,0.9696969696969697,0.0744047619047619,10.28125,0.8928571428571429,0.4,1.0,0.7741976541129262,0.2860530520598945,0.9998674527574544,1.0,81.2
огурцы маринованные,2,314,3292,247,304,316,19,14,1.0359477124183007,0.07510599636583888,10.394321766561514,10.333333333333334,0.7142857142857143,1.0,0.7773423585436624,0.28488055044203103,1.0,1.0,81.2
хлеб черный,2,352,4261,334,341,347,78,43,1.0145772594752187,0.07843596347459611,12.25287356321839,4.036144578313253,0.55,1.0,0.7916881971328097,0.26822355766104583,1.0,1.0,81.2
мороженое чистая линия,3,66,977,81,62,63,30,18,1.0,0.08308004052684904,15.3125,2.342857142857143,0.59375,1.0,0.8101651528867232,0.2482679587983403,0.9999999999331501,1.0,81.2
творог 9%,2,111,1452,116,106,108,69,35,1.0092592592592593,0.08002735978112176,13.34862385321101,1.5810810810810811,0.5070422535211268,1.0,0.798213928675453,0.2602241771804599,0.9999998640271782,1.0,81.2
брынза,1,135,1519,116,130,135,22,18,1.0303030303030303,0.07652060170045781,11.191176470588236,4.333333333333333,0.7916666666666666,1.0,0.7835535343647975,0.2771798815058715,1.0,1.0,81.2
губка для обуви,3,34,323,20,32,48,34,5,1.4411764705882353,0.06306306306306306,6.653061224489796,0.5384615384615384,0.16666666666666666,1.0,0.7167035098147063,0.3405951696125844,0.9954133959384767,1.0,81.1
yokosun подгузники трусики,3,45,451,32,43,47,19,8,1.0666666666666667,0.07158351409978309,9.458333333333334,1.375,0.42857142857142855,1.0,0.7610904575092144,0.2952830551763553,0.99999893229599,1.0,81.1
яшкино,1,86,737,50,80,87,11,10,1.0731707317073171,0.06827309236947791,8.409090909090908,3.1875,0.8461538461538461,1.0,0.74473724367793,0.30920930386796397,0.9999999999999857,1.0,81.1
pusy,1,42,240,13,41,46,8,6,1.0930232558139534,0.056,5.170212765957447,1.0769230769230769,0.7,1.0,0.6737202053769605,0.3809059121234419,0.9999789630631828,1.0,81.1
камамбер сыр,2,44,417,30,41,41,24,11,0.9767441860465116,0.07259953161592506,10.0,1.0689655172413792,0.46153846153846156,1.0,0.7658961906547659,0.2890648263178878,0.9999772206280921,1.0,81.1
любятово,1,65,808,64,62,58,22,18,0.921875,0.07946210268948656,13.745762711864407,2.4074074074074074,0.7916666666666666,1.0,0.7959197650305506,0.2575840111787997,0.999999999964944,1.0,81.1
бальзамический соус,2,116,1081,75,112,123,12,11,1.087719298245614,0.06966086159486709,8.741935483870968,4.470588235294118,0.8571428571428571,1.0,0.7517247407274309,0.30448737394030245,1.0,1.0,81.1
ferrero rocher,2,69,715,51,61,73,11,11,1.1746031746031746,0.07172413793103448,9.702702702702704,3.25,0.9230769230769231,1.0,0.7617614410079716,0.2924059324481184,0.9999999999999923,1.0,81.1
лак для волос,3,112,815,55,98,99,29,11,1.0,0.06787878787878789,8.18,1.6470588235294117,0.3870967741935484,1.0,0.7427162603010498,0.31264712454210714,0.9999999297066218,1.0,81.1
zotman пицца,2,90,1136,88,87,89,21,13,1.0112359550561798,0.07766143106457242,12.655555555555555,3.423076923076923,0.6086956521739131,1.0,0.7884361894542433,0.26515239167802046,0.9999999999999987,1.0,81.1
капуста белокочанная,2,98,711,46,93,96,63,12,1.0210526315789474,0.0651872399445215,7.360824742268041,0.6911764705882353,0.2,1.0,0.7284868751779108,0.3264085474887335,0.9990040013998797,1.0,81.1
сыр гауда,2,48,482,35,46,46,21,10,0.9791666666666666,0.07317073170731707,10.319148936170214,1.3846153846153846,0.4782608695652174,1.0,0.7685553748179625,0.28565767784444956,0.9999990301785419,1.0,81.1
лапша быстрого приготовления,3,269,2951,220,243,265,13,14,1.0857142857142856,0.07463694697737251,11.105263157894736,12.277777777777779,1.0,1.0,0.7752437819618414,0.2779659810152169,1.0,1.0,81.1
моцарелла,1,524,5489,402,491,500,27,23,1.0162271805273835,0.07328605200945626,10.962075848303392,12.59375,0.8275862068965517,1.0,0.7690885649871789,0.27929872494565655,1.0,1.0,81.0
пряники,1,161,1554,113,145,145,27,11,0.9931972789115646,0.07289002557544758,10.664383561643836,3.5625,0.41379310344827586,1.0,0.7672523620942128,0.28216400462648655,0.9999999999999997,1.0,81.0
сыр безлактозный,2,45,364,24,44,44,10,11,0.9782608695652174,0.06684491978609626,8.155555555555555,1.6666666666666667,1.0,1.0,0.7373409289996711,0.31302358762413435,0.9999999422225148,1.0,81.0
ванилин,1,144,1560,117,128,130,52,10,1.0076923076923077,0.0751592356687898,11.931297709923664,2.0701754385964914,0.2037037037037037,1.0,0.7775793151198018,0.27079758212128313,0.9999999989782555,1.0,81.0
шоколад белый,2,45,446,32,41,42,23,5,1.0,0.07236842105263158,10.44186046511628,1.1785714285714286,0.24,1.0,0.7648116087374411,0.28439390569990103,0.9999923874646839,1.0,81.0
семушка,1,107,1918,168,91,86,35,32,0.9354838709677419,0.08765560165975103,22.080459770114942,4.225,0.8918918918918919,1.0,0.8267660062235747,0.2208187932628134,1.0,1.0,81.0
курага,1,113,1036,70,105,119,18,9,1.1214953271028036,0.06787762906309751,8.658333333333333,3.0869565217391304,0.5,1.0,0.7427102973432614,0.30564455917157024,0.9999999999999608,1.0,81.0
каша жидкая детская,3,46,757,62,45,47,30,19,1.0212765957446808,0.08213820078226858,15.833333333333334,1.8,0.625,1.0,0.8065553812804493,0.24550426561488253,0.9999999847700203,1.0,81.0
морковь,1,1363,16204,1224,1298,1331,136,60,1.0246153846153847,0.07555199210558776,12.167417417417417,8.687943262411348,0.4420289855072464,1.0,0.7793196141481523,0.2688966801698353,1.0,1.0,81.0
вода детская,2,521,5334,382,487,496,142,23,1.016359918200409,0.0716691616766467,10.738430583501007,2.6054421768707483,0.16666666666666666,1.0,0.7614993476727955,0.2814390156388163,0.9999999999951615,1.0,80.9
чудо йогурт,2,34,692,58,34,35,31,24,1.0,0.08404558404558404,19.305555555555557,1.6388888888888888,0.7575757575757576,1.0,0.8137958601270203,0.23021303989823125,0.9999999237225807,1.0,80.9
соль пищевая,2,202,2280,161,198,224,19,9,1.125,0.07074235807860262,10.146666666666667,6.75,0.47619047619047616,1.0,0.7570372553449245,0.2874768934824712,1.0,1.0,80.9
огурцы,1,1827,20614,1510,1737,1785,63,52,1.027027027027027,0.07326415826221877,11.54367301231803,22.220588235294116,0.8153846153846154,1.0,0.7689874325152587,0.2740560996098618,1.0,1.0,80.9
острый соус,2,30,190,11,27,29,13,7,1.0344827586206897,0.06,6.433333333333334,0.6666666666666666,0.5333333333333333,1.0,0.6988057880877978,0.34554139079998786,0.9987273661986602,1.0,80.9
мерси конфеты,2,49,349,22,44,46,34,6,1.0217391304347827,0.06406685236768803,7.48936170212766,0.5897435897435898,0.19444444444444445,1.0,0.722334200171316,0.32408018670932054,0.9972535219506388,1.0,80.9
грудка куриная филе,3,61,643,45,59,65,35,14,1.0819672131147542,0.07044410413476264,9.787878787878787,1.15,0.40540540540540543,1.0,0.7555836322309195,0.291431394329637,0.9999898699064014,1.0,80.9
фрутоняня каша,2,59,805,64,52,52,23,20,0.9814814814814815,0.07975460122699386,15.245283018867925,2.3214285714285716,0.84,1.0,0.7971101432022878,0.24863567557781688,0.9999999999171746,1.0,80.9
помидоры свежие,2,766,10196,783,741,753,68,55,1.0148048452220726,0.07681755829903979,13.526525198938993,10.73972602739726,0.8,1.0,0.7848352286457966,0.25902590391405766,1.0,1.0,80.9
селедка филе,2,46,476,33,43,49,25,10,1.1111111111111112,0.06995884773662552,9.58,1.1333333333333333,0.4074074074074074,1.0,0.7531999920485002,0.2938352435325396,0.9999880327084439,1.0,80.9
туалетная бумага zewa,3,287,4332,314,280,392,44,24,1.3936170212765957,0.07254721326577614,11.030534351145038,6.428571428571429,0.5434782608695652,1.0,0.7656511039504371,0.27865796401309284,1.0,1.0,80.9
ласка,1,104,1073,78,90,96,15,14,1.0543478260869565,0.0729455216989843,11.092783505154639,3.95,0.8823529411764706,1.0,0.7675105506164077,0.27808100535171704,1.0,1.0,80.9
ремит,1,32,270,18,29,30,17,8,1.0,0.06785714285714285,8.806451612903226,0.8636363636363636,0.47368421052631576,1.0,0.7426048579474319,0.3036070457334105,0.9998224687017393,1.0,80.9
средство для мытья пола,4,56,593,42,54,54,36,13,0.9821428571428571,0.07131011608623548,10.836363636363636,1.048780487804878,0.3684210526315789,1.0,0.7597805315747831,0.280492790631442,0.999972125684319,1.0,80.8
kinder,1,229,2528,184,208,219,23,20,1.0476190476190477,0.07289204097714735,11.504545454545454,6.607142857142857,0.84,1.0,0.7672617435048394,0.27439504249346175,1.0,1.0,80.8
zotman,1,83,1044,77,81,83,21,10,1.0120481927710843,0.07400379506641366,12.464285714285714,3.0,0.4782608695652174,1.0,0.7723795889634055,0.26659089860355195,0.9999999999999064,1.0,80.8
перец горошком,2,38,364,24,35,41,18,6,1.135135135135135,0.06684491978609626,8.738095238095237,1.0869565217391304,0.35,1.0,0.7373409289996711,0.3045401197211053,0.9999809713575658,1.0,80.8
стевия,1,57,498,33,49,55,15,9,1.0980392156862746,0.06692913385826772,8.946428571428571,1.7,0.5882352941176471,1.0,0.7377829484518313,0.3017338900877133,0.9999999586006229,1.0,80.8
губки для мытья посуды,4,233,2815,209,224,228,21,17,1.0132743362831858,0.0743362831858407,12.305676855895197,8.076923076923077,0.782608695652174,1.0,0.7738881891361324,0.26781147168117575,1.0,1.0,80.8
компот,1,74,312,16,65,62,7,2,0.9402985074626866,0.052795031055900624,5.0,1.4166666666666667,0.3333333333333333,1.0,0.6521210209767079,0.38685280723454163,0.9999992961261356,1.0,80.8
ежедневник,1,39,126,5,36,35,4,3,0.9473684210526315,0.04411764705882353,3.5833333333333335,0.6666666666666666,0.6666666666666666,1.0,0.58619190082263,0.4552910530803259,0.9987273661986602,1.0,80.8
крабовые палочки,2,633,8583,645,609,632,47,28,1.0360065466448445,0.0751774700337484,13.563981042654028,12.423076923076923,0.5918367346938775,1.0,0.777660414329826,0.2587768796017296,1.0,1.0,80.7
фарш,1,1026,11808,855,945,973,108,39,1.0285110876451953,0.0724318835674395,12.126283367556468,7.575221238938053,0.36363636363636365,1.0,0.7651099323090136,0.2692234582987004,1.0,1.0,80.7
селедка,1,240,2543,178,222,230,39,19,1.03125,0.07011359185272228,11.021645021645021,4.068181818181818,0.4878048780487805,1.0,0.7539626282867273,0.2787407946724245,1.0,1.0,80.7
приправа для курицы,3,91,879,59,89,93,19,13,1.032967032967033,0.06749156355455568,9.382978723404255,2.5,0.6666666666666666,1.0,0.7407159943373696,0.29619550330227645,0.9999999999861121,1.0,80.7
ребра копченые,2,39,139,28,38,42,65,3,1.075,0.19463087248322147,3.302325581395349,0.4142857142857143,0.05970149253731343,1.0,0.979608098651284,0.4750330455494729,0.9841225774275514,0.5970149253731343,80.7
сыр легкий,2,173,2273,165,167,183,24,18,1.0887573964497042,0.07271134472185721,12.369565217391305,5.724137931034483,0.7307692307692307,1.0,0.7664191232103759,0.267316735047018,1.0,1.0,80.7
финики,1,151,1126,70,139,146,14,11,1.0425531914893618,0.0625,7.680272108843537,3.736842105263158,0.75,1.0,0.7134952031398099,0.3207451274777539,0.9999999999999999,1.0,80.7
чиа,1,59,561,37,56,60,18,7,1.0517241379310345,0.06654991243432574,9.245901639344263,1.6521739130434783,0.4,1.0,0.7357866210468653,0.2978872310615179,0.9999999332117807,1.0,80.7
кефир,1,1435,18955,1414,1348,1407,71,67,1.0429629629629629,0.07461112575797521,13.464488636363637,18.61842105263158,0.9315068493150684,1.0,0.7751276823937601,0.25944083029060355,1.0,1.0,80.7
прокладки always,2,56,917,66,51,75,18,14,1.4339622641509433,0.07227615965480043,12.105263157894736,2.9130434782608696,0.75,1.0,0.7643772319039215,0.26939115093779525,0.9999999999997767,1.0,80.7
пармалат,1,48,577,42,43,43,31,15,0.9777777777777777,0.07325383304940375,13.181818181818182,1.1944444444444444,0.48484848484848486,1.0,0.7689397225108242,0.26137158501458535,0.9999935047826516,1.0,80.6
салфетки влажные детские,3,177,2082,140,169,205,27,22,1.2046783625730995,0.06739961759082218,10.12135922330097,4.40625,0.7931034482758621,1.0,0.7402387533123707,0.2877481541131586,1.0,1.0,80.6
чеснок сушеный,2,94,686,40,88,101,12,4,1.1333333333333333,0.05890804597701149,6.754901960784314,2.411764705882353,0.35714285714285715,1.0,0.6921556311146266,0.33839704552901756,0.9999999999664387,1.0,80.6
ritter sport,2,99,1039,69,96,106,25,21,1.0918367346938775,0.0667302192564347,9.738317757009346,2.3333333333333335,0.8148148148148148,1.0,0.736737694659948,0.29199671208679145,0.9999999999264704,1.0,80.6
hi,1,60,388,24,47,47,27,11,0.9795918367346939,0.06281407035175879,8.145833333333334,0.78125,0.41379310344827586,1.0,0.7152892160251181,0.3131738494372064,0.9995953548306737,1.0,80.6
крекер,1,90,902,61,82,86,18,13,1.0357142857142858,0.06798245614035088,10.402298850574713,2.6956521739130435,0.7,1.0,0.7432491508322592,0.2847986325164499,0.9999999999980369,1.0,80.6
мусорные пакеты,2,55,642,45,54,54,17,11,0.9821428571428571,0.0705521472392638,11.727272727272727,2.090909090909091,0.631578947368421,1.0,0.7561112120752835,0.2724905974288616,0.9999999991695812,1.0,80.6
fairy,1,47,439,28,43,48,16,10,1.0888888888888888,0.0645879732739421,9.020408163265307,1.380952380952381,0.6111111111111112,1.0,0.7252131205197441,0.3007636958501026,0.9999989939952951,1.0,80.5
колбаса докторская,2,517,6000,424,493,497,47,36,1.006060606060606,0.07071547420965059,12.05421686746988,8.173076923076923,0.7551020408163265,1.0,0.7569065846469827,0.26980037960366443,1.0,1.0,80.5
перчатки,1,100,722,43,91,98,14,8,1.064516129032258,0.060109289617486336,7.3232323232323235,2.3157894736842106,0.5625,1.0,0.699463417109906,0.32710269139649933,0.9999999999123698,1.0,80.5
раствор для линз,3,67,743,51,62,64,22,13,1.015625,0.06905710491367861,11.476923076923077,1.9259259259259258,0.5833333333333334,1.0,0.7487086103557259,0.27463546808302297,0.9999999956767537,1.0,80.5
чай холодный,2,74,956,69,69,71,26,19,1.0140845070422535,0.07246376811594203,13.319444444444445,2.2580645161290325,0.7142857142857143,1.0,0.7652596718352884,0.2604232032941018,0.9999999998439189,1.0,80.5
ariel,1,34,319,22,29,27,43,11,0.9032258064516129,0.06990881458966565,11.5,0.4791666666666667,0.26666666666666666,1.0,0.7529529048222524,0.27443454075003526,0.991701385175045,1.0,80.4
хлеб тостовый,2,311,3946,278,301,305,66,32,1.00990099009901,0.070525783619818,12.905228758169935,3.9295774647887325,0.4852941176470588,1.0,0.7559825823429716,0.26332728528791816,1.0,1.0,80.4
вода с лимоном,3,45,382,24,40,42,18,6,1.0238095238095237,0.06377551020408163,8.953488372093023,1.0869565217391304,0.35,1.0,0.7207115622362114,0.3016407235849071,0.9999809713575658,1.0,80.4
зелень свежая,2,343,5831,444,335,337,131,78,1.002967359050445,0.07618558466016093,17.2603550295858,3.2720588235294117,0.5939849624060151,1.0,0.7820983997739279,0.23862686976856828,0.9999999999999939,1.0,80.4
сырки глазированные,2,194,3189,238,189,192,51,39,1.0104712041884816,0.07471084713973117,16.53886010362694,4.267857142857143,0.7547169811320755,1.0,0.7755757270135644,0.24198526173058213,1.0,1.0,80.4
ананас свежий,2,31,142,9,30,31,42,5,1.0,0.06578947368421052,4.53125,0.2127659574468085,0.13636363636363635,1.0,0.731737546530039,0.40525115530169126,0.8808842505857668,1.0,80.4
утка,1,132,1228,80,120,122,63,22,1.0081967213114753,0.0654281098546042,10.008130081300813,1.1911764705882353,0.35384615384615387,1.0,0.7297917165234895,0.2889757888079121,0.9999932890142212,1.0,80.4
кокосовая стружка,2,75,675,42,68,78,47,5,1.1285714285714286,0.06277372262773723,8.582278481012658,0.8269230769230769,0.12244897959183673,1.0,0.7150593746590745,0.30671377356086066,0.999743717644273,1.0,80.4
куриная грудка,2,191,1950,129,184,184,42,24,0.9946236559139785,0.0663265306122449,10.556756756756757,2.765957446808511,0.5681818181818182,1.0,0.7346035709756704,0.28323278799499824,0.9999999999990281,1.0,80.4
овощи замороженные смесь,3,37,604,45,36,37,33,26,1.0,0.0749185667752443,15.973684210526315,1.2105263157894737,0.7714285714285715,1.0,0.7765061395894899,0.2447843890065387,0.9999944696704877,1.0,80.4
лаваш,1,738,8950,616,672,711,37,24,1.056379821958457,0.06886160714285715,12.57443820224719,14.69047619047619,0.6410256410256411,1.0,0.7477241488796271,0.26575808681537455,1.0,1.0,80.3
rocs,1,39,548,39,35,38,37,16,1.054054054054054,0.07168458781362007,14.128205128205128,0.9523809523809523,0.4358974358974359,1.0,0.7615729191975884,0.2551561361701871,0.9999269093074206,1.0,80.3
пакеты для мусора,3,115,1335,90,110,112,16,13,1.0089285714285714,0.06765799256505577,11.84070796460177,4.333333333333333,0.7777777777777778,1.0,0.741577607178147,0.27154338000307704,1.0,1.0,80.3
fleur alpine каша,3,31,533,39,30,32,26,20,1.03125,0.07366482504604052,16.242424242424242,1.2903225806451613,0.75,1.0,0.7708312164678104,0.24343393421194162,0.9999975099949178,1.0,80.3
салат свежий,2,255,4041,296,247,256,118,51,1.0321285140562249,0.0733152308072081,15.735408560311283,2.4146341463414633,0.43333333333333335,1.0,0.7692232800363404,0.24601263540067433,0.999999999967388,1.0,80.3
листья салата свежие,3,53,779,57,52,53,120,25,1.0,0.07351077313054499,14.481481481481481,0.464,0.21311475409836064,1.0,0.7701240498219641,0.25300624359469337,0.9903423023724622,1.0,80.3
милка шоколад,2,61,737,51,57,57,28,20,0.9830508474576272,0.06961178045515395,12.758620689655173,1.5757575757575757,0.7,1.0,0.7514809084175802,0.2643919133022088,0.9999998565925213,1.0,80.3
вода святой источник,3,57,520,33,53,53,27,15,0.9818181818181818,0.06415094339622641,9.685185185185185,1.0625,0.5517241379310345,1.0,0.7228007917536254,0.29260813278068726,0.9999756991687406,1.0,80.3
швепс,1,37,346,21,37,40,14,6,1.0512820512820513,0.06179775280898876,8.512195121951219,1.1578947368421053,0.4375,1.0,0.7094428685715661,0.3077132976086731,0.9999906388963998,1.0,80.3
картошка пирожное,2,45,211,10,45,45,22,4,0.9787234042553191,0.049773755656108594,4.6521739130434785,0.4074074074074074,0.20833333333333334,1.0,0.6304521741933315,0.400191154190747,0.9829920445046313,1.0,80.3
хлеб ржаной,2,53,584,39,48,50,34,18,1.02,0.06734006734006734,11.509803921568627,1.0256410256410255,0.5277777777777778,1.0,0.7399291920569266,0.2743493805145687,0.9999648684249014,1.0,80.3
хрутка,1,38,484,33,36,38,24,17,1.0263157894736843,0.06882591093117409,12.487179487179487,1.1724137931034482,0.6923076923076923,1.0,0.7475439787296791,0.26641681952187635,0.9999919039796435,1.0,80.3
momi,1,39,358,23,33,35,27,10,1.0285714285714285,0.06521739130434782,10.027777777777779,0.75,0.3793103448275862,1.0,0.7286505556195534,0.2887611118138715,0.9994469156298522,1.0,80.3
сметана,1,2635,37325,2662,2458,2582,278,105,1.05,0.07132717289406723,14.451413085559427,9.409893992932862,0.37857142857142856,1.0,0.7598624651449444,0.25318590928105317,1.0,1.0,80.3
мицеллярная вода,2,77,799,51,75,76,36,16,1.0,0.06427688504326329,10.415584415584416,1.2682926829268293,0.4473684210526316,1.0,0.7234981316404734,0.28466243245161255,0.9999968963348217,1.0,80.2
добрый кола,2,145,1216,75,132,135,21,12,1.0149253731343284,0.06199021207177814,8.963235294117647,2.923076923076923,0.5652173913043478,1.0,0.7105591270767065,0.3015122987048289,0.999999999999798,1.0,80.2
чернослив,1,128,1283,82,122,128,26,9,1.0403225806451613,0.06419180201082754,9.968992248062015,2.6774193548387095,0.35714285714285715,1.0,0.7230272187384459,0.2894055223156511,0.9999999999976443,1.0,80.2
сок яблочный детский,3,36,460,31,35,36,23,11,1.0,0.06808510638297872,12.513513513513514,1.1428571428571428,0.48,1.0,0.7437757208611362,0.2662172267446009,0.999989119859778,1.0,80.2
пеленки для собак,3,67,702,46,60,61,22,14,1.0,0.06601123595505617,11.370967741935484,1.7407407407407407,0.625,1.0,0.7329247216946017,0.27556662679237365,0.9999999724539699,1.0,80.2
семена чиа,2,39,334,19,38,44,17,2,1.125,0.05813953488372093,7.488888888888889,0.9090909090909091,0.15789473684210525,1.0,0.6873874446939314,0.3240886262244099,0.9998873144194922,1.0,80.2
каша фрутоняня,2,63,856,59,60,63,25,19,1.032258064516129,0.06928406466512702,13.421875,2.0,0.7407407407407407,1.0,0.7498466860545414,0.2597276553496966,0.9999999979388464,1.0,80.2
джем,1,209,2420,164,187,194,41,16,1.0317460317460319,0.06790123456790123,12.425641025641026,3.5869565217391304,0.3953488372093023,1.0,0.7428317377406273,0.2668859352976527,0.9999999999999998,1.0,80.2
арахисовая паста без сахара,4,63,397,20,57,71,11,7,1.2203389830508475,0.051597051597051594,5.555555555555555,1.3125,0.6153846153846154,1.0,0.6436853292488073,0.36863396133886167,0.9999980052662996,1.0,80.2
грудка куриная,2,307,3277,215,292,301,55,29,1.0272108843537415,0.06571341648919987,10.860927152317881,3.6,0.5263157894736842,1.0,0.7313291702144606,0.2802576781171137,0.9999999999999998,1.0,80.2
ежедневные прокладки,2,71,746,48,68,69,15,15,1.0,0.06481481481481481,10.7,2.45,0.9411764705882353,1.0,0.7264569584282496,0.28181424829185436,0.9999999999771026,1.0,80.2
зелень,1,467,7797,582,432,437,171,78,1.0092165898617511,0.07467657230690405,17.80821917808219,3.3125,0.45664739884393063,1.0,0.7754218321836158,0.23622281506815873,0.9999999999999959,1.0,80.2
печень,1,231,2305,149,218,222,53,16,1.0136363636363637,0.06479481641468683,10.349775784753364,2.586206896551724,0.3090909090909091,1.0,0.7263475280814382,0.2853399285173251,0.9999999999941352,1.0,80.2
"сливочное масло 82,5",3,93,1074,70,88,92,33,18,1.0333333333333334,0.06549815498154982,11.580645161290322,1.868421052631579,0.5428571428571428,1.0,0.7301699869719671,0.27373756316617265,0.9999999923166526,1.0,80.1
сырок глазированный,2,298,5059,368,290,300,51,50,1.0308219178082192,0.07279542316038666,16.817275747508305,6.589285714285714,0.9622641509433962,1.0,0.7668115754579932,0.24066202110088689,1.0,1.0,80.1
черноголовка,1,228,2851,200,204,191,40,29,0.9320388349514563,0.07025515554002097,14.864583333333334,4.466666666666667,0.7142857142857143,1.0,0.7546582422363546,0.2507687487917418,1.0,1.0,80.1
брокколи,1,360,4667,318,345,358,48,22,1.0345821325648414,0.06820611503100278,13.008356545961004,6.018867924528302,0.46,1.0,0.7443950781551287,0.2625901606948026,1.0,1.0,80.1
влажные салфетки детские,3,177,2235,145,161,196,24,22,1.2085889570552146,0.06503340757238307,11.360406091370558,5.0344827586206895,0.8846153846153846,1.0,0.7276502386588952,0.27566022959384257,1.0,1.0,80.1
нутрилак,1,36,322,20,32,31,20,8,0.9411764705882353,0.06325301204819277,10.15625,0.84,0.4090909090909091,1.0,0.7177777057146049,0.2873744673872423,0.9997751326758212,1.0,80.1
barilla,1,168,2549,181,159,160,44,21,1.0,0.07112153184837827,15.850931677018634,3.7142857142857144,0.4782608695652174,1.0,0.7588727886834401,0.24541344034863752,0.9999999999999999,1.0,80.1
мармелад жевательный,2,107,1299,85,103,113,28,20,1.0857142857142856,0.06569900687547746,11.421052631578947,2.606060606060606,0.7,1.0,0.7312517301986758,0.2751246941109973,0.9999999999951914,1.0,80.1
ласка для стирки,3,87,1346,86,81,124,15,16,1.5060240963855422,0.06415929203539823,10.792,4.35,1.0,1.0,0.7228470726130632,0.2809196672664661,1.0,1.0,80.1
творог простоквашино,2,31,407,28,28,28,29,13,0.9666666666666667,0.06954436450839328,14.137931034482758,0.8529411764705882,0.45161290322580644,1.0,0.7511455994197004,0.2550957848259686,0.9998024288459244,1.0,80.1
молоко сгущенное,2,40,628,40,38,55,39,14,1.4,0.06426332288401254,11.267857142857142,0.9318181818181818,0.36585365853658536,1.0,0.7234231222205999,0.2764866338317443,0.9999102230070025,1.0,80.0
тунец консервы,2,118,1247,77,113,125,18,14,1.0956521739130434,0.06205250596658711,9.920634920634921,3.391304347826087,0.75,1.0,0.7109195105190342,0.28994038795219607,0.9999999999999981,1.0,80.0
майонез,1,1514,21549,1472,1444,1480,58,54,1.024204702627939,0.06832413377243843,14.552329507089803,23.38095238095238,0.9166666666666666,1.0,0.7449976901039277,0.2525852870960082,1.0,1.0,80.0
мука,1,841,9969,663,755,776,109,34,1.0264200792602378,0.06653973344022447,12.833976833976834,5.824561403508772,0.3153153153153153,1.0,0.7357328270428458,0.26384221531108315,1.0,1.0,80.0
"вода 1,5 л негазированная",4,78,782,50,67,69,80,12,1.0144927536231885,0.06439393939393939,11.214285714285714,0.6,0.15853658536585366,1.0,0.7241446894543553,0.2769701334204871,0.9975212478233336,1.0,80.0
активиа,1,75,1375,98,74,80,36,27,1.0657894736842106,0.07148014440433213,17.012345679012345,2.4146341463414633,0.7368421052631579,1.0,0.760596026460498,0.2397555932422369,0.999999999967388,1.0,80.0
нутрилон 1,2,37,404,25,31,39,36,7,1.2121212121212122,0.06280193236714976,10.175,0.6341463414634146,0.21052631578947367,1.0,0.7152200913328348,0.2871745332382761,0.9982382777806,1.0,80.0
гербер,1,31,440,30,27,27,27,13,0.9655172413793104,0.06888888888888889,15.821428571428571,0.96875,0.4827586206896552,1.0,0.7478617618469968,0.2455657982715238,0.999937945653474,1.0,79.9
сок 2л,2,33,367,23,31,31,19,3,0.9696969696969697,0.0636604774535809,11.5625,1.0,0.19047619047619047,1.0,0.7200682761867381,0.27389368450083457,0.9999546000702375,1.0,79.9
прокладки женские ежедневные,3,47,448,27,43,44,16,10,1.0,0.0611353711790393,10.022222222222222,1.3333333333333333,0.6111111111111112,1.0,0.7055680651279389,0.2888217424373109,0.9999983804032077,1.0,79.9
яйца перепелиные,2,65,477,26,61,63,10,2,1.0158730158730158,0.055441478439425054,7.5,1.8,0.25,1.0,0.6700550870097155,0.32389053777082116,0.9999999847700203,1.0,79.9
"масло сливочное 82,5",3,488,6257,405,468,513,35,37,1.0936170212765957,0.06478378809637786,12.178988326848248,10.15,1.027027027027027,1.0,0.7262871628930907,0.26880508478302517,1.0,1.0,79.9
фисташки соленые,2,33,383,18,29,71,7,6,2.3225806451612905,0.04834605597964377,5.361111111111111,1.5833333333333333,0.7777777777777778,1.0,0.6197480119527939,0.3746330300902311,0.9999998670553996,1.0,79.9
фасоль стручковая,2,65,943,63,63,68,31,12,1.0615384615384615,0.06715634837355719,13.710144927536232,1.7777777777777777,0.3939393939393939,1.0,0.7389718354873467,0.2578157119714388,0.999999980980057,1.0,79.9
филе индейки,2,79,1029,67,77,79,25,16,1.0126582278481013,0.06544754571703561,12.9,2.2666666666666666,0.6296296296296297,1.0,0.7298967307322595,0.26336491495741043,0.9999999998567839,1.0,79.9
хлеб бездрожжевой,2,204,2675,174,194,208,67,29,1.066326530612245,0.06517690875232775,12.813397129186603,2.4305555555555554,0.43478260869565216,1.0,0.7284307682960873,0.26399181290613394,0.999999999972188,1.0,79.8
куркума,1,39,348,20,37,37,13,5,0.9743589743589743,0.05865921787709497,9.236842105263158,1.1666666666666667,0.4,1.0,0.6906198061326181,0.2980005209646011,0.9999914250608973,1.0,79.8
леденцы без сахара,3,30,392,25,29,30,32,9,1.0,0.06467661691542288,12.741935483870968,0.7027027027027027,0.29411764705882354,1.0,0.7256998511290871,0.2645143444932341,0.9991124334264941,1.0,79.8
индейка филе,2,189,2339,151,179,180,28,23,1.0,0.06470838654746701,12.939226519337016,4.606060606060606,0.8,1.0,0.725874084066048,0.26308322037218385,1.0,1.0,79.8
колготки женские 40 den,4,61,568,34,55,56,48,18,1.0,0.06055363321799308,10.017543859649123,0.660377358490566,0.38,1.0,0.702122414671077,0.2888728432770191,0.9986447557531349,1.0,79.8
белая дача,2,48,829,57,47,50,72,37,1.0408163265306123,0.06912991656734208,16.313725490196077,0.7532467532467533,0.5135135135135135,1.0,0.7490742828715271,0.2430816361916433,0.9994645845297091,1.0,79.8
линзы контактные однодневные,3,46,373,26,41,41,96,21,0.9767441860465116,0.07049608355091384,8.952380952380953,0.26732673267326734,0.22448979591836735,1.0,0.7558375926028175,0.3016553297637147,0.9309736750915298,1.0,79.8
цветная капуста,2,219,2677,171,213,219,45,18,1.0232558139534884,0.06401190919240789,12.181818181818182,3.44,0.40425531914893614,1.0,0.7220289156548425,0.26878270536327553,0.9999999999999989,1.0,79.8
лепешки,1,40,400,24,36,38,22,9,1.0263157894736843,0.06097560975609756,10.333333333333334,0.9259259259259259,0.4166666666666667,1.0,0.7046257832291605,0.28551032199154985,0.999904774163317,1.0,79.8
сухари,1,133,1116,64,126,128,12,8,1.0078125,0.05772646536412078,8.674418604651162,3.823529411764706,0.6428571428571429,1.0,0.6847941329021136,0.30542045283666236,1.0,1.0,79.8
рис длиннозерный,2,38,460,28,36,40,19,10,1.0789473684210527,0.06170212765957447,11.292682926829269,1.2083333333333333,0.5238095238095238,1.0,0.7088866454698093,0.27626385806061055,0.9999943470517421,1.0,79.7
блины с мясом,3,33,491,31,29,37,26,8,1.2258064516129032,0.06387225548902195,13.0,1.032258064516129,0.32142857142857145,1.0,0.7212514365546691,0.26264953503719357,0.9999671178514646,1.0,79.7
ессентуки,1,39,63,6,36,19,4,3,0.5263157894736842,0.0958904109589041,3.3,0.7777777777777778,0.6666666666666666,0.6578947368421052,0.8530713551414535,0.4752091331660017,0.9995810578765516,1.0,79.7
сырная тарелка,2,61,528,30,56,58,14,7,1.0172413793103448,0.05762081784386617,9.0,1.631578947368421,0.5,1.0,0.6841274144140422,0.30102999566398114,0.999999917937893,1.0,79.7
докторская колбаса,2,129,1672,105,128,135,43,19,1.0461538461538462,0.06302021403091558,12.316176470588236,2.2083333333333335,0.4444444444444444,1.0,0.7164606261479662,0.2677298762867536,0.9999999997433565,1.0,79.7
смазка интимная,2,88,849,53,71,71,14,13,0.9863013698630136,0.06286379511059371,11.833333333333334,2.8421052631578947,0.875,1.0,0.7155722187807727,0.2716045061205942,0.9999999999995461,1.0,79.7
гранола без сахара,3,40,246,13,35,45,42,8,1.2432432432432432,0.0546875,5.413043478260869,0.2978723404255319,0.20454545454545456,1.0,0.665041957074705,0.3729938727566621,0.9491422828134548,1.0,79.7
тарелки одноразовые,2,36,301,17,32,32,15,8,0.9705882352941176,0.05787781350482315,9.212121212121213,0.9,0.5294117647058824,1.0,0.6857468067590127,0.29831060779934965,0.9998765901959134,1.0,79.7
черный хлеб,2,81,1125,73,80,82,54,19,1.0121951219512195,0.06519823788546256,13.590361445783133,1.2542372881355932,0.35714285714285715,1.0,0.7285465903164645,0.258602160475034,0.9999964279570872,1.0,79.7
капуста,1,672,7614,473,635,668,137,56,1.0502354788069075,0.06217208814270724,11.385650224215247,3.3380281690140845,0.41007194244604317,1.0,0.7116100618936329,0.27543674111985067,0.9999999999999968,1.0,79.7
zewa туалетная бумага,3,44,561,34,42,48,25,13,1.1136363636363635,0.06129597197898424,11.510204081632653,1.1666666666666667,0.5185185185185185,1.0,0.7065122680041804,0.27434590712653595,0.9999914250608973,1.0,79.6
филе куриное грудки,3,52,599,35,48,59,37,15,1.2,0.059113300492610835,10.033333333333333,0.8571428571428571,0.41025641025641024,1.0,0.6934167697359356,0.28870053715822175,0.9998105581747672,1.0,79.6
сок фрутоняня,2,39,356,20,38,38,14,7,0.975,0.05737704918032787,9.205128205128204,1.105263157894737,0.5,1.0,0.6825836575155784,0.29839857823171406,0.9999841546040938,1.0,79.6
куриное филе,2,278,3519,223,260,265,74,38,1.015267175572519,0.06347407197506376,13.240601503759398,2.8354430379746836,0.5131578947368421,1.0,0.7190227122707333,0.26096454405967495,0.9999999999995149,1.0,79.6
скумбрия,1,120,976,51,117,134,13,11,1.134453781512605,0.05273833671399594,7.2518518518518515,2.888888888888889,0.8,1.0,0.6517263418627043,0.32843765044251305,0.9999999999997158,1.0,79.6
простоквашино,1,43,906,63,41,43,50,24,1.0232558139534884,0.06986899563318777,20.65909090909091,1.1636363636363636,0.4807692307692308,1.0,0.7527560833097651,0.2253825470516016,0.9999911612371161,1.0,79.6
смазка,1,75,807,49,67,68,22,15,1.0,0.06119951040391677,11.73913043478261,1.8518518518518519,0.6666666666666666,1.0,0.7059455157039434,0.2723908775437924,0.9999999909320401,1.0,79.6
базилик,1,163,1829,111,152,158,49,19,1.0324675324675325,0.06090266449157151,11.522012578616351,2.074074074074074,0.39215686274509803,1.0,0.7041945457307834,0.27424349893249744,0.9999999990173231,1.0,79.6
bite,1,52,740,48,48,50,27,17,1.02,0.06533333333333333,14.568627450980392,1.53125,0.6206896551724138,1.0,0.7292790427601061,0.2524889186575672,0.9999997761970814,1.0,79.6
нарзан,1,48,14,6,42,9,2,2,0.22727272727272727,0.2916666666666667,1.7,1.0,0.75,0.28409090909090906,0.9970717003051818,0.6978564744558164,0.9999546000702375,1.0,79.6
томаты свежие,2,81,1227,79,79,80,57,33,1.0,0.0646725949878739,15.185185185185185,1.2903225806451613,0.576271186440678,1.0,0.7256777859351442,0.2489666658862307,0.9999975099949178,1.0,79.5
огурцы консервированные,2,37,526,31,33,46,17,9,1.3428571428571427,0.05970149253731343,11.25531914893617,1.4545454545454546,0.5263157894736842,1.0,0.6970022353056254,0.27659945260279345,0.9999995180640162,1.0,79.5
святой источник,2,151,1553,91,138,143,39,22,1.0285714285714285,0.05886116442738324,10.805555555555555,2.090909090909091,0.5609756097560976,1.0,0.691866851330192,0.28078892470012895,0.9999999991695812,1.0,79.5
сыр моцарелла,2,75,908,55,71,74,27,17,1.0273972602739727,0.06100217864923747,12.146666666666667,1.75,0.6206896551724138,1.0,0.704782696855288,0.26906130178556914,0.9999999748900085,1.0,79.5
фри,1,48,421,23,46,47,20,7,1.0,0.05568445475638051,8.833333333333334,0.96,0.36363636363636365,1.0,0.6716545734838675,0.303243441943521,0.9999322712635091,1.0,79.5
картофель,1,1470,21141,1339,1407,1444,165,69,1.0255500354861604,0.06335397853529384,14.632525951557094,7.882352941176471,0.41916167664670656,1.0,0.7183470305665527,0.2521127675693616,1.0,1.0,79.4
апельсин,1,127,1584,96,120,125,107,18,1.0327868852459017,0.06085319949811794,12.595238095238095,0.8660714285714286,0.1743119266055046,1.0,0.7039017606313535,0.2656021677008481,0.9998267394948098,1.0,79.4
орехи смесь,2,120,1028,57,109,108,14,11,0.9819819819819819,0.055876685934489405,9.458715596330276,3.0526315789473686,0.75,1.0,0.6729145144957883,0.2952784575182593,0.9999999999999447,1.0,79.4
вареники,1,250,2930,178,230,234,59,32,1.0129310344827587,0.060884353741496595,12.480851063829787,2.796875,0.5409836065573771,1.0,0.7040861974977418,0.26646488712465566,0.9999999999992866,1.0,79.4
прокладки ежедневные,2,97,1080,64,89,91,17,13,1.010989010989011,0.05963302752293578,11.771739130434783,2.9545454545454546,0.7368421052631579,1.0,0.6965870561917327,0.2721175005469374,0.9999999999998526,1.0,79.4
круасан,1,51,693,42,50,53,37,21,1.0384615384615385,0.06116642958748222,12.88888888888889,1.0238095238095237,0.5641025641025641,1.0,0.705750900082271,0.2634449607815194,0.9999642190610565,1.0,79.4
кешью,1,122,1294,77,109,112,30,11,1.018018018018018,0.0598159509202454,11.47787610619469,2.2285714285714286,0.375,1.0,0.6976950546967844,0.2746271570156989,0.9999999997903778,1.0,79.4
курица филе,2,367,5046,308,355,392,82,43,1.1008403361344539,0.061115506329113924,12.84732824427481,3.5517241379310347,0.5238095238095238,1.0,0.7054510649635815,0.2637453709630863,0.9999999999999997,1.0,79.4
филе куриное,2,546,6625,409,493,509,87,49,1.0303030303030303,0.06179351921627732,12.996078431372549,4.456521739130435,0.5617977528089888,1.0,0.7094182655189103,0.2626774197729575,1.0,1.0,79.4
картошка,1,853,11889,747,804,837,146,58,1.0397022332506203,0.06286242541390033,14.1909307875895,4.953642384105961,0.39864864864864863,1.0,0.7155644270782215,0.25476808891480485,1.0,1.0,79.4
кислородный отбеливатель,2,53,488,27,49,51,24,7,1.0196078431372548,0.05622489959839357,9.442307692307692,0.9655172413793104,0.3076923076923077,1.0,0.6751845135803705,0.2954760836086737,0.9999359068083248,1.0,79.4
смесь для выпечки,3,33,311,18,32,34,46,8,1.0294117647058822,0.059190031152647975,8.971428571428572,0.37254901960784315,0.1875,1.0,0.6938868955852943,0.30140452616995494,0.9758987168238296,1.0,79.4
сливки,1,1331,18503,1177,1235,1269,95,49,1.026677445432498,0.06363096202668395,14.571653543307086,11.78,0.5154639175257731,1.0,0.7199029813174447,0.25247104480864113,1.0,1.0,79.4
белый хлеб,2,35,416,26,32,31,51,10,0.9411764705882353,0.06338028169014084,13.09375,0.48214285714285715,0.20754716981132076,1.0,0.7184951588340915,0.2619869768126311,0.9919447286150306,1.0,79.4
весы кухонные,2,53,246,11,42,43,15,1,1.0,0.046875,5.659090909090909,0.6,0.11764705882352941,1.0,0.608394373323201,0.3655872387376385,0.9975212478233336,1.0,79.4
чай замороженный,2,39,655,42,38,42,88,13,1.075,0.06466165413533835,15.30232558139535,0.46236559139784944,0.15555555555555556,1.0,0.7256177529894416,0.2483234517084215,0.990183159149035,1.0,79.3
merci,1,62,519,28,58,56,15,10,0.95,0.054820415879017016,9.157894736842104,1.45,0.6470588235294118,1.0,0.6659311994608916,0.2989957161019444,0.9999994956523375,1.0,79.3
помидор,1,210,3083,194,199,201,123,40,1.0049751243781095,0.06304558680892337,15.277227722772277,1.5234375,0.328,1.0,0.7166044732786505,0.24846059400541592,0.9999997580113469,1.0,79.3
паста шоколадная,2,43,383,20,43,45,14,6,1.0222222222222221,0.05343511450381679,8.391304347826088,1.105263157894737,0.4375,1.0,0.6565460680774353,0.30947052091515115,0.9999841546040938,1.0,79.3
"молоко 3,2",2,600,8641,540,565,574,100,43,1.0141093474426808,0.06253612299156167,15.03304347826087,5.152380952380953,0.43137254901960786,1.0,0.7137021165946673,0.24981411291373334,1.0,1.0,79.3
актибио,1,47,833,54,44,46,36,23,1.0217391304347827,0.06524317912218268,17.78723404255319,1.3414634146341464,0.631578947368421,1.0,0.7287904697364798,0.23631272133720455,0.9999985068672768,1.0,79.3
губки,1,60,912,56,59,59,33,16,0.9836065573770492,0.06182212581344902,15.25,1.5,0.4857142857142857,1.0,0.7095844690616737,0.24860978569910955,0.9999996940976795,1.0,79.2
тапочки домашние,2,43,152,5,43,43,11,4,0.9777777777777777,0.037037037037037035,3.522727272727273,0.375,0.38461538461538464,1.0,0.5232393713310302,0.45930700637214944,0.9764822541439909,1.0,79.2
ветчина нарезка,2,96,1572,100,90,91,80,21,1.0,0.0638432364096081,17.119565217391305,1.188235294117647,0.2682926829268293,1.0,0.7210896090643812,0.23926441889255917,0.999993088700943,1.0,79.2
тостовый хлеб,2,119,1689,102,118,124,61,16,1.0416666666666667,0.06062389640965274,13.536,1.5606060606060606,0.2698412698412698,1.0,0.7025407172868525,0.25896280499903157,0.9999998331316412,1.0,79.2
сорбет,1,32,452,28,25,26,26,12,1.0,0.06277056277056277,16.85185185185185,0.9354838709677419,0.4642857142857143,1.0,0.7150413666564679,0.24050013441721066,0.9999134543648951,1.0,79.1
merries подгузники трусики,3,30,621,34,29,60,17,10,1.967741935483871,0.0554675118858954,10.229508196721312,1.5909090909090908,0.5789473684210527,1.0,0.6702268343586912,0.28659677119341537,0.9999998767549158,1.0,79.1
для пола,2,37,507,31,32,32,39,16,0.9705882352941176,0.061895551257253385,15.454545454545455,0.7272727272727273,0.4146341463414634,1.0,0.7100106338566322,0.2474993734700964,0.9993057839070014,1.0,79.1
окраина,1,75,914,53,69,72,38,18,1.028169014084507,0.05844155844155844,12.561643835616438,1.255813953488372,0.475,1.0,0.689270080090737,0.26585420515002867,0.999996483834592,1.0,79.1
белый шоколад,2,73,999,58,64,79,39,10,1.2121212121212122,0.05847373637264618,12.525,1.3409090909090908,0.2682926829268293,1.0,0.6894699886763851,0.2661303827946356,0.9999984985675052,1.0,79.1
кукуруза,1,509,7414,457,474,481,85,29,1.0126050420168067,0.06169181034482758,15.387966804979254,5.088888888888889,0.3448275862068966,1.0,0.708826569109641,0.2478581971792702,1.0,1.0,79.1
листья салата,2,42,522,33,41,41,98,16,0.9767441860465116,0.06390977443609022,12.5,0.3300970873786408,0.17,1.0,0.7214605251489643,0.266319563348789,0.9631526241218124,1.0,79.0
джем без сахара,3,78,671,35,74,83,59,5,1.105263157894737,0.05286343612334802,8.023809523809524,0.5625,0.09836065573770492,1.0,0.6525966292628285,0.3150860078149182,0.9963934368639843,0.9836065573770492,79.0
круассаны,1,72,894,51,67,70,32,20,1.0289855072463767,0.05752212389380531,12.633802816901408,1.4054054054054055,0.6176470588235294,1.0,0.6835033043941006,0.2653141927056558,0.9999992122255776,1.0,79.0
сырники,1,310,3327,184,285,298,37,33,1.0418118466898956,0.05543901708121067,11.137123745819398,4.404761904761905,0.8717948717948718,1.0,0.6700388443574913,0.2776732902996555,1.0,1.0,79.0
помидоры,1,1823,29839,1808,1735,1831,125,82,1.0546919976971791,0.06060504539515562,16.28930131004367,13.915384615384616,0.6535433070866141,1.0,0.7024285479581103,0.24320203712998772,1.0,1.0,78.9
мидии,1,171,1724,95,153,154,23,18,1.0,0.05536332179930796,11.141935483870968,3.4285714285714284,0.76,1.0,0.6695389359920575,0.2776292070175415,0.9999999999999987,1.0,78.9
минтай,1,97,1050,56,91,100,35,10,1.086021505376344,0.05377358490566038,10.425742574257425,1.425,0.2972972972972973,1.0,0.6588631962429696,0.2845584883318872,0.9999993524047824,1.0,78.9
губка для мытья посуды,4,34,435,25,30,30,18,13,0.96875,0.058426966292134834,14.129032258064516,1.1304347826086956,0.7,1.0,0.6891793825082199,0.25515100103058314,0.999987680754284,1.0,78.9
joonies трусики,2,62,576,31,53,54,47,10,1.0,0.05460750853242321,10.527272727272727,0.6153846153846154,0.22448979591836735,1.0,0.6645056524825734,0.28352873953335694,0.9978747081690988,1.0,78.9
капуста цветная,2,30,408,22,30,36,27,8,1.15625,0.05502392344497608,11.108108108108109,0.71875,0.3103448275862069,1.0,0.6672881466665936,0.2779397891566047,0.9992440232982117,1.0,78.9
ягоды замороженные,2,125,2366,149,117,122,76,39,1.0336134453781514,0.06313131313131314,19.260162601626018,1.8518518518518519,0.5128205128205128,1.0,0.7170899461074742,0.23038428444971495,0.9999999909320401,1.0,78.9
рыбные котлеты,2,44,280,12,44,45,16,5,1.0,0.04482758620689655,6.1521739130434785,0.6190476190476191,0.3333333333333333,1.0,0.5920259559548,0.35231341807917554,0.9979511491223317,1.0,78.8
сироп без сахара,3,67,686,34,62,83,62,6,1.3125,0.05028735632183908,8.202380952380953,0.5223880597014925,0.109375,1.0,0.6342287446824513,0.312304109087623,0.994613613876866,1.0,78.8
творог обезжиренный,2,143,2269,136,138,137,51,23,0.9857142857142858,0.060114085125054846,16.463768115942027,2.4464285714285716,0.4528301886792453,1.0,0.699492240236826,0.2423482787622841,0.9999999999762701,1.0,78.8
апельсиновый сок,2,76,944,52,73,76,33,8,1.0266666666666666,0.05555555555555555,12.2987012987013,1.394736842105263,0.2571428571428571,1.0,0.6708070121920944,0.2678657437890359,0.9999991235344357,1.0,78.8
snickers,1,30,240,11,27,30,13,7,1.0689655172413792,0.048,7.838709677419355,0.6666666666666666,0.5333333333333333,1.0,0.6171071140248879,0.31808277287377695,0.9987273661986602,1.0,78.7
hipp,1,48,851,51,44,45,35,25,1.0,0.06039488966318235,18.565217391304348,1.3,0.7027027027027027,1.0,0.7011751888709532,0.23308832140898744,0.999997739670593,1.0,78.7
наполеон,1,62,527,26,56,57,20,11,1.0,0.05027932960893855,9.137931034482758,1.08,0.5454545454545454,1.0,0.6341700211519342,0.29924965993257985,0.9999796004965888,1.0,78.7
сок сады придонья,3,46,363,17,43,45,17,9,1.0222222222222221,0.04825737265415549,7.956521739130435,0.8181818181818182,0.5263157894736842,1.0,0.6190729732665341,0.316161688731102,0.9997203070550811,1.0,78.7
скраб для тела,3,64,619,32,57,59,27,11,1.0169491525423728,0.05246422893481717,10.366666666666667,1.03125,0.41379310344827586,1.0,0.6498118083929103,0.28516535597662623,0.9999667847018326,1.0,78.7
колбаса варено-копченая,2,53,839,48,53,54,34,16,1.0,0.05771495877502945,15.309090909090909,1.2564102564102564,0.4722222222222222,1.0,0.684721585666884,0.24828654590717658,0.9999965047391998,1.0,78.7
хлеб цельнозерновой,2,88,948,50,85,86,69,17,1.0,0.05323590814196242,10.931034482758621,0.6891891891891891,0.2535211267605634,1.0,0.6551749744204305,0.2795914539490277,0.9989840101214087,1.0,78.7
гранола,1,129,1634,91,121,126,28,18,1.032520325203252,0.05596107055961071,12.88976377952756,2.787878787878788,0.6333333333333333,1.0,0.6734660686594965,0.26343865387315424,0.9999999999992195,1.0,78.7
масло растительное,2,282,4632,272,272,279,101,29,1.0218978102189782,0.05881085738905644,16.553571428571427,2.5754716981132075,0.2912621359223301,1.0,0.6915566699909158,0.24191445188999536,0.9999999999934707,1.0,78.7
мешки для мусора,3,49,681,39,46,44,31,14,0.9375,0.05788712011577424,15.2,1.1111111111111112,0.45454545454545453,1.0,0.6858052939598602,0.24888487703297624,0.9999850546614752,1.0,78.7
гель для бритья,3,46,438,22,43,46,26,9,1.0444444444444445,0.05133928571428571,9.382978723404255,0.7419354838709677,0.35714285714285715,1.0,0.6418436708476569,0.29619550330227645,0.9994004641819302,1.0,78.7
мюсли,1,133,1934,112,124,126,29,21,1.007936507936508,0.058127572016460904,15.251968503937007,3.323529411764706,0.7096774193548387,1.0,0.6873126408955501,0.24859898507807165,0.9999999999999963,1.0,78.7
наполнитель для кошачьего туалета древесный,5,112,1393,78,100,101,112,17,1.0,0.05630791161796151,13.686274509803921,0.6752136752136753,0.15789473684210525,1.0,0.6757233379578977,0.2579715420876528,0.998831619587695,1.0,78.7
чай гринфилд в пакетиках,4,146,2221,126,135,151,32,28,1.1094890510948905,0.05692514567458539,14.631578947368421,3.4324324324324325,0.8529411764705882,1.0,0.6797018228620489,0.2521183228970937,0.9999999999999988,1.0,78.6
ополаскиватель для рта,3,100,1406,79,94,98,21,15,1.03125,0.05649717514124294,14.232323232323232,3.076923076923077,0.6956521739130435,1.0,0.676948492595723,0.2545135371381388,0.9999999999999566,1.0,78.6
шоколад милка,2,33,373,19,32,34,25,13,1.0294117647058822,0.05221932114882506,10.742857142857142,0.6666666666666666,0.5185185185185185,1.0,0.6480923243867691,0.28139593808348234,0.9987273661986602,1.0,78.6
тыква,1,134,1722,95,125,130,63,15,1.031496062992126,0.05542725173210162,13.16793893129771,1.411764705882353,0.24615384615384617,1.0,0.669961193058132,0.2614681230291131,0.9999992607628485,1.0,78.6
блинчики замороженные,2,94,1849,111,90,96,53,28,1.0543478260869565,0.06024744486282948,19.09278350515464,1.9310344827586208,0.5272727272727272,1.0,0.7002926850120723,0.23102128211035866,0.9999999958920628,1.0,78.6
жидкое мыло,2,79,1130,64,74,76,34,21,1.013157894736842,0.05701754385964912,14.714285714285714,1.6666666666666667,0.6111111111111112,1.0,0.6802931756994076,0.25163532820775414,0.9999999422225148,1.0,78.6
чай зеленый в пакетиках,4,47,649,36,42,44,29,13,1.0227272727272727,0.05614567526555387,14.488888888888889,1.088235294117647,0.45161290322580644,1.0,0.6746694398202304,0.2529620752595512,0.9999812131413622,1.0,78.6
zewa,1,81,1315,75,75,81,34,21,1.0649350649350648,0.057358490566037736,16.073170731707318,1.9487179487179487,0.6111111111111112,1.0,0.682465819498437,0.24428023286983094,0.9999999965578842,1.0,78.5
сыр нарезка,2,468,9694,582,440,465,73,44,1.0542986425339367,0.060078318219291015,20.80901287553648,7.4743589743589745,0.6,1.0,0.699277198677789,0.22487815482708604,1.0,1.0,78.5
савушкин,1,41,476,24,41,44,25,10,1.0465116279069768,0.051440329218107,10.644444444444444,0.8333333333333334,0.4074074074074074,1.0,0.6425667274081648,0.28236065551876555,0.9997596305235805,1.0,78.5
фасоль,1,278,3959,221,259,264,40,20,1.0153256704980842,0.055933484504913075,14.950943396226416,4.933333333333334,0.5,1.0,0.6732858632947054,0.2502771915264134,1.0,1.0,78.5
лапша яичная,2,46,370,17,43,45,15,7,1.0222222222222221,0.04736842105263158,8.108695652173912,0.9,0.47058823529411764,1.0,0.6122398967036751,0.31375064166389827,0.9998765901959134,1.0,78.5
сыр natura,2,50,662,36,47,48,30,12,1.0,0.05505952380952381,13.571428571428571,1.0571428571428572,0.40625,1.0,0.6675249556171001,0.25872749817124385,0.9999743618369252,1.0,78.5
бананы,1,1268,15945,867,1187,1214,160,62,1.0218671152228764,0.0544030084612974,13.125925925925927,5.260606060606061,0.3888888888888889,1.0,0.6631306702009747,0.2617613612786718,1.0,1.0,78.5
глазированные сырки,2,36,671,39,36,37,48,20,1.0,0.05873715124816446,17.736842105263158,0.7547169811320755,0.42,1.0,0.6911016513458531,0.23652930610067538,0.9994723987729063,1.0,78.5
блины замороженные,2,89,1705,100,86,87,50,28,1.0,0.05889212827988338,19.40909090909091,1.8363636363636364,0.5576923076923077,1.0,0.6920576120445456,0.22982482666587045,0.9999999894129721,1.0,78.4
варенье,1,212,3179,176,194,207,32,22,1.0612244897959184,0.055503292568203196,15.298076923076923,4.783783783783784,0.6764705882352942,1.0,0.6704627401174028,0.24834664217090102,1.0,1.0,78.4
огурец,1,261,3386,184,239,248,61,25,1.033195020746888,0.05447585394581861,13.610441767068274,2.803030303030303,0.4126984126984127,1.0,0.66362110104849,0.25846953651980825,0.9999999999993292,1.0,78.4
always прокладки,2,38,583,31,36,42,17,11,1.131578947368421,0.05396290050590219,13.627906976744185,1.4545454545454546,0.631578947368421,1.0,0.6601524044059636,0.2583544430066192,0.9999995180640162,1.0,78.4
сыр натура,2,75,940,50,68,69,30,11,1.0,0.05368421052631579,13.471428571428572,1.457142857142857,0.375,1.0,0.6582528731308328,0.2593942586666993,0.9999995304206634,1.0,78.4
детские влажные салфетки,3,35,450,23,31,37,22,12,1.1515151515151516,0.05217391304347826,11.921052631578947,0.8888888888888888,0.5416666666666666,1.0,0.6477725900072888,0.27088145931102686,0.9998620871906634,1.0,78.4
сельдь,1,214,3069,167,207,224,40,18,1.076555023923445,0.05456316986034427,13.653333333333334,3.7333333333333334,0.4523809523809524,1.0,0.6642080130555301,0.2581873146497023,0.9999999999999999,1.0,78.4
микрозелень,1,37,111,17,34,17,6,5,0.5,0.1487603305785124,6.333333333333333,1.6363636363636365,0.75,0.625,0.9489631118968522,0.34789032651878143,0.9999999217718566,1.0,78.4
молоко ультрапастеризованное,2,256,3698,203,247,249,74,23,1.0040160642570282,0.05501618122977346,14.804,2.5822784810126582,0.3157894736842105,1.0,0.6672366241423324,0.25111634737040245,0.9999999999939003,1.0,78.4
безлактозное продукты,2,37,1020,63,36,38,45,31,1.0263157894736843,0.062135922330097085,26.23076923076923,1.28,0.6808510638297872,1.0,0.7114013893053893,0.20976824286237386,0.999997239227428,1.0,78.4
колбаски,1,138,1705,91,124,124,41,25,0.9920634920634921,0.053644314868804666,13.664,2.0,0.6046511627906976,1.0,0.6579800797860278,0.2581173528592189,0.9999999979388464,1.0,78.3
мидии в створках,3,36,154,6,33,33,20,4,0.9714285714285714,0.042682926829268296,4.617647058823529,0.28,0.22727272727272727,1.0,0.5741459242511932,0.4016119116916203,0.9391899373747821,1.0,78.3
яйца,1,2880,41347,2267,2674,2749,155,76,1.0276532137518684,0.0548395676669004,15.036363636363637,14.175,0.49044585987261147,1.0,0.6660591352534635,0.24979547171223287,1.0,1.0,78.3
сухарики,1,643,9270,509,594,622,21,22,1.0453020134228188,0.05495689655172414,14.884430176565008,19.615384615384617,1.0,1.0,0.6668418347468756,0.250655374071558,1.0,1.0,78.3
круассан,1,437,6185,337,405,414,37,35,1.0196560196560196,0.05456012913640032,14.910843373493975,8.047619047619047,0.9230769230769231,1.0,0.6641875914198732,0.2505048672352216,1.0,1.0,78.3
подгузники трусики xxl,3,42,450,22,39,42,19,11,1.048780487804878,0.05,10.534883720930232,0.9583333333333334,0.5714285714285714,1.0,0.6321205588285577,0.28345221108063656,0.999931132991987,1.0,78.3
"вода питьевая негазированная 1,5",4,34,350,17,33,33,27,9,0.9714285714285714,0.05,10.382352941176471,0.5625,0.3448275862068966,1.0,0.6321205588285577,0.28500365638463776,0.9963934368639843,1.0,78.3
ягоды свежие,2,133,2040,113,118,126,81,26,1.0583333333333333,0.055609756097560976,16.086614173228348,1.3255813953488371,0.3253012048192771,1.0,0.6711636676152686,0.24421249116984295,0.9999982498585653,1.0,78.3
рисовый уксус,2,43,155,28,41,41,38,1,0.9767441860465116,0.17575757575757575,3.761904761904762,0.6744186046511628,0.05,1.0,0.9702567039473338,0.44414069820090835,0.9988222931120776,0.5,78.3
форель слабосоленая,2,123,1726,90,118,133,23,22,1.1166666666666667,0.05241935483870968,12.902985074626866,3.25,0.92,1.0,0.6494973797456847,0.26334342929696863,0.9999999999999923,1.0,78.3
панировка,1,35,391,20,32,32,36,7,0.9705882352941176,0.05236907730673317,11.93939393939394,0.5121951219512195,0.21052631578947367,1.0,0.6491447543500974,0.2707313814033159,0.9940356262687384,1.0,78.3
шоколадная паста,2,81,729,34,75,79,16,3,1.0389610389610389,0.04736129905277402,9.15,1.6666666666666667,0.2222222222222222,1.0,0.6121846602218175,0.2990960281096468,0.9999999422225148,1.0,78.2
капсулы dolce gusto,3,64,1243,69,57,68,40,24,1.1694915254237288,0.055865921787709494,18.057971014492754,1.5555555555555556,0.5952380952380952,1.0,0.6728440909920601,0.23516559951404226,0.9999998244874972,1.0,78.2
чехол на айфон 11,4,38,166,6,35,34,15,4,0.9459459459459459,0.03977272727272727,4.828571428571428,0.35,0.29411764705882354,1.0,0.5486239826312134,0.3932143278648664,0.9698026165776815,1.0,78.2
бомбочки для ванны,3,43,146,5,38,38,17,3,0.975,0.038461538461538464,3.8205128205128207,0.2727272727272727,0.21052631578947367,1.0,0.5366306307688247,0.4406865374309454,0.9346025967701398,1.0,78.2
салат листовой,2,57,748,42,54,54,113,17,0.9821428571428571,0.05672823218997362,13.654545454545454,0.3644067796610169,0.1565217391304348,1.0,0.6784379150873038,0.25817935997141633,0.9738542283259474,1.0,78.2
оливки,1,444,6032,323,403,413,43,29,1.0222222222222221,0.05362462760675273,14.577294685990339,6.75,0.6666666666666666,1.0,0.65784538455404,0.25243774098489485,1.0,1.0,78.2
индейка индилайт,2,50,995,57,48,48,40,18,0.98,0.05771144278606965,20.367346938775512,1.288888888888889,0.4523809523809524,1.0,0.684699414578879,0.22638079297755417,0.999997474038786,1.0,78.2
semper,1,45,1001,59,43,42,43,23,0.9555555555555556,0.05934718100890208,23.348837209302324,1.25,0.5333333333333333,1.0,0.6948474978166239,0.21711844441358788,0.999996273346828,1.0,78.2
грибы,1,396,6103,332,370,382,129,36,1.0295698924731183,0.05447407165058073,15.942558746736292,2.485074626865672,0.2824427480916031,1.0,0.6636091103045865,0.24494315656932292,0.9999999999838766,1.0,78.2
лепешка,1,127,1603,83,120,120,27,13,0.9918032786885246,0.052076875387476754,13.272727272727273,2.625,0.4827586206896552,1.0,0.6470883397967901,0.2607433339105457,0.9999999999960211,1.0,78.2
хлеб для тостов,3,30,373,19,28,30,41,6,1.0333333333333334,0.05221932114882506,12.129032258064516,0.43478260869565216,0.16279069767441862,1.0,0.6480923243867691,0.26920156378964244,0.9870650986110502,1.0,78.1
быстрого приготовления,2,36,712,40,33,33,47,16,0.9714285714285714,0.05678670360110803,21.029411764705884,0.7884615384615384,0.3469387755102041,1.0,0.6788137390723296,0.22414694377552666,0.9996235086119215,1.0,78.1
креатин,1,35,255,11,28,30,16,7,1.0333333333333334,0.045283018867924525,8.32258064516129,0.5714285714285714,0.4444444444444444,1.0,0.5957251770078732,0.31048867646513495,0.996701494244061,1.0,78.1
шпажки,1,72,287,12,63,49,11,2,0.7692307692307693,0.04377104377104377,5.8,0.8125,0.23076923076923078,0.9615384615384616,0.5833133903839895,0.36159372118362443,0.9997039552699432,1.0,78.1
молочный коктейль,2,127,1852,98,119,125,37,26,1.0413223140495869,0.05316863587540279,14.722222222222221,2.357142857142857,0.6923076923076923,1.0,0.6547107189545455,0.2515892109656142,0.9999999999420494,1.0,78.1
каша молочная детская,3,96,2455,145,91,91,99,56,0.989247311827957,0.05922920892494929,26.717391304347824,1.4038461538461537,0.5643564356435643,1.0,0.6941266582294287,0.20864980398027919,0.9999991998459286,1.0,78.1
состски,1,32,598,34,32,33,80,23,1.0,0.05756578947368421,17.676470588235293,0.4117647058823529,0.2926829268292683,1.0,0.6837795839723291,0.23679007710133732,0.9837172181683245,1.0,78.1
эконива,1,74,2106,129,66,65,49,36,0.9705882352941176,0.06143667296786389,31.954545454545453,2.4074074074074074,0.7254901960784313,1.0,0.707336987353991,0.19831804222378682,0.999999999964944,1.0,78.1
бальзам для губ,3,31,219,9,29,29,11,6,0.967741935483871,0.043668122270742356,7.4,0.625,0.5384615384615384,1.0,0.5824547867791021,0.325691595823372,0.9980695458637723,1.0,78.1
сливочное масло,2,433,7102,383,425,441,85,45,1.035128805620609,0.05399325084364454,16.074660633484164,4.266666666666667,0.5287356321839081,1.0,0.6603586315951271,0.24427272075289008,1.0,1.0,78.1
язык,1,50,254,11,47,50,42,5,1.0408163265306123,0.045454545454545456,5.03921568627451,0.2553191489361702,0.13636363636363635,1.0,0.597109678470867,0.3854513398103799,0.9221671335734546,1.0,78.1
жидкое мыло для рук,4,107,1696,91,104,106,35,22,1.009433962264151,0.053927315357561546,15.878504672897197,2.3,0.6216216216216216,1.0,0.6599104477735015,0.24527146110266698,0.9999999998973812,1.0,78.1
милка,1,208,2683,142,178,185,31,29,1.0333333333333334,0.05310063126624582,14.440860215053764,3.9722222222222223,0.9090909090909091,1.0,0.6542407741908178,0.25324910865112166,1.0,1.0,78.1
крекеры,1,38,340,16,33,32,16,10,0.9428571428571428,0.04857142857142857,10.393939393939394,0.8095238095238095,0.6111111111111112,1.0,0.6214581224585991,0.2848844797107027,0.999695011990498,1.0,78.1
чай детский,2,52,599,29,49,51,22,6,1.0196078431372548,0.04926108374384237,11.576923076923077,1.1111111111111112,0.2916666666666667,1.0,0.6266435459833029,0.2737695551843946,0.9999850546614752,1.0,78.0
дядя ваня,2,68,998,53,60,61,21,20,1.0,0.05357142857142857,16.14516129032258,2.076923076923077,0.9130434782608695,1.0,0.6574811449069544,0.24391852746543505,0.9999999990449245,1.0,78.0
влажные салфетки,2,420,5931,307,392,414,44,30,1.0532994923857868,0.0518431240531897,14.298795180722891,6.285714285714286,0.6739130434782609,1.0,0.6454346057542235,0.254107253937013,1.0,1.0,78.0
отбеливатель,1,37,389,18,37,37,24,6,0.9743589743589743,0.047619047619047616,10.31578947368421,0.6551724137931034,0.2692307692307692,1.0,0.6141786931708759,0.2856926272626792,0.9985723479938443,1.0,78.0
филе грудки,2,40,506,26,34,35,45,13,1.0,0.05232558139534884,14.13888888888889,0.54,0.2978723404255319,1.0,0.6488394061819147,0.25508984477419594,0.9954834190573874,1.0,78.0
сыр пармезан,2,81,1122,57,80,80,29,16,0.9878048780487805,0.05123674911660778,13.88888888888889,1.7058823529411764,0.5483870967741935,1.0,0.6411084345905218,0.25666269476510295,0.999999960965639,1.0,78.0
сок апельсиновый,2,293,4132,213,277,298,43,26,1.07168458781362,0.05166586190246258,13.82943143812709,4.458333333333333,0.6,1.0,0.6441753544099933,0.257043547075715,1.0,1.0,78.0
горячая штучка,2,108,1329,66,101,104,27,13,1.0194174757281553,0.05003734129947722,12.685714285714285,2.09375,0.4827586206896552,1.0,0.6323951981895723,0.264928816374439,0.9999999991928407,1.0,77.9
йогурт натуральный,2,43,890,49,41,42,74,19,1.0,0.05555555555555555,20.767441860465116,0.6329113924050633,0.2631578947368421,1.0,0.6708070121920944,0.22501744062967044,0.9982163865138635,1.0,77.9
паштет,1,396,6655,354,371,387,71,38,1.0402144772117963,0.05326331582895724,17.15979381443299,4.671052631578948,0.5342465753424658,1.0,0.6553639397520536,0.23908139663941408,1.0,1.0,77.9
пластилин,1,89,990,48,81,82,26,15,1.0,0.049,11.963855421686747,1.5806451612903225,0.5714285714285714,1.0,0.6246889011486004,0.27053181375885954,0.999999863433152,1.0,77.9
творог 5%,2,90,1566,82,88,90,81,26,1.011111111111111,0.05266497461928934,17.24175824175824,0.9651162790697675,0.3253012048192771,1.0,0.6512149650958956,0.23871060641432407,0.9999356493028783,1.0,77.8
замороженные ягоды,2,80,1804,100,74,75,79,35,1.0,0.05567805953693495,23.776315789473685,1.2023809523809523,0.4444444444444444,1.0,0.6716125739768337,0.21594122283485276,0.9999940003506002,1.0,77.8
жевательная резинка,2,61,1066,55,60,64,37,16,1.0483870967741935,0.05204460966542751,16.446153846153845,1.3333333333333333,0.4358974358974359,1.0,0.6468605273086305,0.24243381565582267,0.9999983804032077,1.0,77.8
попкорн,1,354,4851,247,326,334,24,17,1.021341463414634,0.05101830898991977,14.48955223880597,8.551724137931034,0.6923076923076923,1.0,0.6395370782367042,0.2529581216689341,1.0,1.0,77.8
докторская,1,41,593,30,37,38,35,13,1.0,0.05140961857379768,15.282051282051283,0.775,0.3783783783783784,1.0,0.6423471198501952,0.24843420844674022,0.9995692574594243,1.0,77.8
семга слабосоленая,2,75,677,30,69,71,14,10,1.0140845070422535,0.04512372634643377,9.444444444444445,1.631578947368421,0.6875,1.0,0.5944351640862673,0.29545031478693906,0.999999917937893,1.0,77.8
кедровые орехи,2,71,503,20,69,71,16,5,1.0140845070422535,0.04093567251461988,7.027777777777778,1.0,0.3333333333333333,1.0,0.5590013436178372,0.3327786267415414,0.9999546000702375,1.0,77.8
куриные ножки,2,75,1150,61,71,71,134,17,0.9863013698630136,0.05344827586206897,16.01388888888889,0.4460431654676259,0.1323529411764706,1.0,0.6566364625845914,0.24458004311553877,0.988442626583685,1.0,77.8
пастила,1,334,4768,241,313,317,44,22,1.0095238095238095,0.05064880703223106,15.00314465408805,4.938775510204081,0.5,1.0,0.6368633759171354,0.24998228121260802,1.0,1.0,77.7
швабра с отжимом и ведром,5,45,338,14,40,40,24,7,0.9761904761904762,0.04310344827586207,8.317073170731707,0.5172413793103449,0.3076923076923077,1.0,0.5777125203653877,0.31057088666471805,0.9943291360068308,1.0,77.7
коктейль молочный,2,63,906,45,60,61,36,18,1.0,0.05021834061135371,14.661290322580646,1.1219512195121952,0.5,1.0,0.6337235168148478,0.25194430617220853,0.999986590031305,1.0,77.7
мыло жидкое для рук,4,172,2550,129,165,166,32,20,1.0,0.05078125,15.2874251497006,3.5135135135135136,0.6176470588235294,1.0,0.6378240009191742,0.2484048284219985,0.9999999999999994,1.0,77.7
пармезан,1,355,5495,282,330,337,37,31,1.0180722891566265,0.05140781108083561,16.266272189349113,6.738095238095238,0.8205128205128205,1.0,0.6423341905152251,0.24331582642757152,1.0,1.0,77.7
молоко 3.2,2,34,672,35,29,40,69,13,1.3225806451612903,0.05278592375366569,16.463414634146343,0.4864864864864865,0.19718309859154928,1.0,0.6520576504254726,0.2423499938683513,0.9922871295991744,1.0,77.7
оливковое масло extra virgin,4,68,1008,51,63,64,26,12,1.0,0.05108055009823183,15.553846153846154,1.6774193548387097,0.4642857142857143,1.0,0.6399855113042049,0.24696879457075838,0.9999999481127918,1.0,77.7
для пола моющее средство,4,33,457,22,33,33,30,9,0.9714285714285714,0.04925053533190578,13.529411764705882,0.6571428571428571,0.3125,1.0,0.6265647713205961,0.259006672763892,0.9986002037258703,1.0,77.7
креветки очищенные,2,182,2140,102,167,176,23,18,1.047337278106509,0.04790697674418604,12.107344632768362,3.6785714285714284,0.76,1.0,0.6163940920967146,0.2693745242659587,0.9999999999999999,1.0,77.7
грудинка,1,103,1021,46,99,99,23,9,0.9900990099009901,0.04558680892337536,10.24,1.6785714285714286,0.4,1.0,0.5981740235401851,0.2864861505796961,0.9999999487071405,1.0,77.7
жвачка,1,141,2263,115,133,138,37,24,1.0296296296296297,0.05103387593488781,16.302158273381295,2.761904761904762,0.6410256410256411,1.0,0.6396492868976595,0.24313862165766528,0.9999999999989879,1.0,77.7
бумага туалетная,2,333,6406,331,324,344,69,42,1.0582822085889572,0.051745635910224436,18.576811594202898,4.486486486486487,0.6056338028169014,1.0,0.6447426129255918,0.23304189590484792,1.0,1.0,77.6
чай черный листовой,3,35,712,36,33,40,37,16,1.1714285714285715,0.05124653739612189,17.4390243902439,0.8809523809523809,0.4358974358974359,1.0,0.6411786863330101,0.23782963790576073,0.9998506956636835,1.0,77.6
яблочный сок,2,41,646,32,39,41,44,11,1.024390243902439,0.05030487804878049,15.452380952380953,0.673469387755102,0.2608695652173913,1.0,0.6343569011070949,0.2475109998322854,0.9988110608945946,1.0,77.6
рафаэлло конфеты,2,173,3273,146,165,318,13,12,1.910179640718563,0.04477611940298507,10.269592476489029,8.166666666666666,0.8666666666666667,1.0,0.591605797347174,0.2861751551387151,1.0,1.0,77.6
synergetic для посуды,3,43,640,32,39,39,37,14,0.975609756097561,0.05076923076923077,16.075,0.7857142857142857,0.38461538461538464,1.0,0.637736928915968,0.24427100981584543,0.9996130220553562,1.0,77.6
подушка,1,68,633,28,62,65,54,11,1.03125,0.04510108864696734,9.636363636363637,0.4915254237288136,0.21428571428571427,1.0,0.5942515014150097,0.2931749085675779,0.992666146883552,1.0,77.6
сок ананасовый,2,46,195,11,41,42,44,3,1.0,0.05853658536585366,4.604651162790698,0.24489795918367346,0.08695652173913043,1.0,0.6898600734321304,0.40215157825937964,0.9136183138793861,0.8695652173913043,77.5
плов,1,40,469,21,36,42,37,9,1.131578947368421,0.04592901878914405,10.976744186046512,0.5238095238095238,0.2564102564102564,1.0,0.6009148098694126,0.27916087510943954,0.9946896378157372,1.0,77.5
туалетная бумага 3 слоя,4,95,3024,144,93,220,34,24,2.3263157894736843,0.04779169413315755,13.69683257918552,3.717948717948718,0.6944444444444444,1.0,0.6155086098685718,0.2579025627842122,0.9999999999999999,1.0,77.5
сырки,1,171,3387,175,162,174,82,45,1.0670731707317074,0.0518104209596703,19.37142857142857,2.0229885057471266,0.5476190476190477,1.0,0.645202622191757,0.2299656644280615,0.9999999983621559,1.0,77.5
мыло жидкое,2,91,1354,66,87,87,32,20,0.9887640449438202,0.04912023460410557,15.420454545454545,1.8108108108108107,0.6176470588235294,1.0,0.6255903245191394,0.24768279379271532,0.9999999863306277,1.0,77.5
вода сенежская,2,35,348,18,34,40,73,7,1.1388888888888888,0.05307262569832402,8.560975609756097,0.24358974358974358,0.10666666666666667,1.0,0.65404705627442,0.3070161316328443,0.912480831050001,1.0,77.5
овсяное печенье,2,64,1070,53,60,66,21,7,1.0806451612903225,0.05,16.01492537313433,2.076923076923077,0.34782608695652173,1.0,0.6321205588285577,0.24457478593219895,0.9999999990449245,1.0,77.5
силикагелевый наполнитель для кошек,4,50,672,32,47,47,38,14,0.9795918367346939,0.04838709677419355,14.0625,0.7674418604651163,0.375,1.0,0.620060000766961,0.25556562275883127,0.9995354394275459,1.0,77.5
сырок,1,392,8052,423,359,388,137,61,1.077562326869806,0.05259240883155544,20.70694087403599,2.9859154929577465,0.4460431654676259,1.0,0.6507084003759795,0.2252209379944743,0.9999999999998923,1.0,77.5
пряник,1,33,363,16,32,33,30,8,1.0,0.045576407506702415,10.764705882352942,0.4857142857142857,0.28125,1.0,0.5980904236566909,0.2811837448787601,0.9922273402043965,1.0,77.4
телятина,1,49,667,31,46,48,26,13,1.0208333333333333,0.047267355982274745,13.673469387755102,1.032258064516129,0.5,1.0,0.6114553239994198,0.25805531828336176,0.9999671178514646,1.0,77.4
мед,1,298,4257,208,267,274,95,29,1.0223048327137547,0.04898054839465667,15.49090909090909,2.09,0.30927835051546393,1.0,0.6245428646764875,0.24730444174158334,0.9999999991619974,1.0,77.4
бабушкино лукошко пюре,3,55,1685,94,50,50,65,39,0.9807692307692307,0.05604719764011799,33.09803921568628,1.3571428571428572,0.5970149253731343,1.0,0.6740280527838782,0.19640126594053436,0.9999987235510222,1.0,77.4
соус heinz,2,39,832,42,37,42,36,13,1.1025641025641026,0.0510688836104513,19.41860465116279,1.048780487804878,0.3684210526315789,1.0,0.6399014994106851,0.22978931853382467,0.999972125684319,1.0,77.4
наполнитель силикагелевый,2,30,388,18,27,27,31,11,0.9655172413793104,0.04773869346733668,13.964285714285714,0.5277777777777778,0.36363636363636365,1.0,0.6151008277859488,0.25618353321863385,0.9948962401112058,1.0,77.3
кальмары,1,36,512,23,36,39,23,13,1.0526315789473684,0.04597701149425287,12.875,0.8571428571428571,0.56,1.0,0.6012976896425206,0.2635451767077687,0.9998105581747672,1.0,77.3
мелатонин,1,32,277,11,26,30,12,6,1.1071428571428572,0.041811846689895474,9.03225806451613,0.7058823529411765,0.5,1.0,0.5666618607988432,0.30060953455316247,0.999140210984313,1.0,77.3
ессентуки 17 минеральная вода,4,31,353,17,28,31,52,9,1.0666666666666667,0.049586776859504134,11.125,0.3157894736842105,0.18518518518518517,1.0,0.6290676348566978,0.2777845030804828,0.9574848474855702,1.0,77.3
туалетная бумага,2,2076,39108,1963,1959,2029,87,60,1.035186129525752,0.05020706580091007,19.266502463054188,21.347826086956523,0.6853932584269663,1.0,0.633640913543478,0.23036032901936251,1.0,1.0,77.3
пастила без сахара,3,149,2624,120,135,206,15,15,1.510948905109489,0.045937737281700836,12.690821256038648,6.05,0.9411764705882353,1.0,0.6009843922278971,0.26489104299350014,1.0,1.0,77.3
чипсы lays,2,424,8735,448,399,402,43,41,1.0049875311720697,0.05134362492853059,21.682382133995038,9.354166666666666,0.9333333333333333,1.0,0.6418747518398736,0.22204950437659499,1.0,1.0,77.3
milka,1,155,1977,92,138,144,32,21,1.0357142857142858,0.046804227478610974,13.655172413793103,2.5135135135135136,0.6470588235294118,1.0,0.6078396824953255,0.25817524593313473,0.9999999999878675,1.0,77.3
капсулы для стирки,3,209,2341,106,187,189,21,15,1.0052910052910053,0.045512547851977884,12.336842105263157,4.115384615384615,0.6956521739130435,1.0,0.5975767795796638,0.26756961058435424,1.0,1.0,77.3
творожный сыр,2,928,16501,823,873,889,65,56,1.0171428571428571,0.049906123190600206,18.543820224719102,11.771428571428572,0.8507462686567164,1.0,0.6314292030452816,0.23317412087383177,1.0,1.0,77.3
стаканы одноразовые,2,77,622,25,69,69,16,7,0.9859154929577465,0.04113924050632911,8.928571428571429,1.2380952380952381,0.4444444444444444,1.0,0.5607931577991292,0.3019700996753224,0.9999958022100811,1.0,77.3
чипсы лейс,2,64,1351,68,61,61,39,24,0.9841269841269841,0.050698016164584865,21.838709677419356,1.5681818181818181,0.6097560975609756,1.0,0.6372205928688792,0.22156200488199645,0.9999998453062037,1.0,77.2
мед натуральный,2,80,1529,71,80,107,29,17,1.3170731707317074,0.04678362573099415,14.185185185185185,2.1176470588235294,0.5806451612903226,1.0,0.6076780654439438,0.2548035178676313,0.999999999364412,1.0,77.2
чай гринфилд,2,42,819,41,38,39,49,23,1.0,0.05066344993968637,20.55,0.7777777777777778,0.47058823529411764,1.0,0.6369697078658881,0.2257532048108849,0.9995810578765516,1.0,77.2
bio mio,2,40,618,29,38,38,36,15,0.975,0.04777070063694268,15.923076923076923,0.7317073170731707,0.42105263157894735,1.0,0.6153471396018222,0.24504278474736665,0.9993358969141287,1.0,77.2
пирожок,1,30,200,8,27,29,26,8,1.0344827586206897,0.04285714285714286,6.766666666666667,0.2903225806451613,0.32142857142857145,1.0,0.57562715432305,0.3381467910174459,0.9451539882283586,1.0,77.2
греческий йогурт,2,225,5046,260,212,215,134,37,1.0093457943925233,0.05162183544303797,23.375,1.8776978417266188,0.27941176470588236,1.0,0.6438619024420156,0.21704543236583443,0.9999999929973586,1.0,77.2
переходник для розетки,3,36,354,28,30,61,80,5,1.9375,0.07967032967032966,5.758064516129032,0.3411764705882353,0.07317073170731707,1.0,0.79676789798666,0.36276439368159596,0.9670170562067908,0.7317073170731707,77.2
тесто для пельменей,3,32,280,26,28,38,102,7,1.3,0.09310344827586207,7.256410256410256,0.2523364485981308,0.07692307692307693,1.0,0.844649117978322,0.32835172766677345,0.9198106435877714,0.7692307692307693,77.2
ингалятор,1,51,472,20,41,41,17,7,0.9767441860465116,0.043568464730290454,11.30952380952381,0.9545454545454546,0.42105263157894735,1.0,0.581621726267733,0.27611319505620285,0.9999284743581622,1.0,77.2
масло кокосовое,2,30,293,12,29,30,23,4,1.0,0.0429042904290429,9.548387096774194,0.4642857142857143,0.2,1.0,0.5760271287002858,0.2942084609805747,0.9903698564125964,1.0,77.2
сырок творожный,2,57,1145,57,54,55,56,36,1.0,0.050216450216450215,20.5,0.9508196721311475,0.6379310344827587,1.0,0.6337096684091181,0.22592412686965518,0.9999257592020512,1.0,77.2
фрикадельки,1,156,2155,101,140,140,49,14,0.9929577464788732,0.047113163972286376,15.304964539007091,1.8888888888888888,0.29411764705882354,1.0,0.6102552648639155,0.24830905270178666,0.9999999937387681,1.0,77.2
зефир,1,373,5326,250,341,358,26,23,1.0466472303206997,0.04703898050974513,14.844011142061282,8.096774193548388,0.8571428571428571,1.0,0.6096765834049328,0.25088652536308614,1.0,1.0,77.2
сервелат,1,40,474,21,35,36,32,12,1.0,0.045454545454545456,12.891891891891891,0.5945945945945946,0.38235294117647056,1.0,0.597109678470867,0.2634233156632612,0.9973835738203505,1.0,77.2
тоник,1,134,2114,99,126,130,52,16,1.0234375,0.047080979284369114,16.16030534351145,1.7543859649122806,0.3148148148148148,1.0,0.6100043078494937,0.24384276780371517,0.9999999759675214,1.0,77.1
супы готовые,2,47,874,43,45,45,77,19,0.9787234042553191,0.049773755656108594,19.065217391304348,0.5365853658536586,0.25316455696202533,1.0,0.6304521741933315,0.2311270395211138,0.9953265310094808,1.0,77.1
колбаса вареная,2,292,5501,268,280,283,86,54,1.0070921985815602,0.04881146797314462,19.380281690140844,2.956043956043956,0.625,1.0,0.6232710665127339,0.22993251940047688,0.9999999999998548,1.0,77.1
сыр творожный,2,664,12002,580,641,655,66,60,1.0202177293934682,0.04836829836829837,18.30030487804878,8.183098591549296,0.8970588235294118,1.0,0.6199171285845232,0.23416178112803568,1.0,1.0,77.1
кальмар,1,171,2228,99,161,175,27,18,1.0797546012269938,0.044682752457551385,12.676136363636363,3.125,0.6551724137931034,1.0,0.5908424744930568,0.26499972596991606,0.9999999999999732,1.0,77.1
йогурт греческий,2,241,5734,291,234,236,135,53,1.0042372881355932,0.05083565459610028,24.206751054852322,2.085714285714286,0.39416058394160586,1.0,0.6382178673778027,0.21478870616733076,0.9999999991253024,1.0,77.1
масло сливочное,2,1997,34540,1677,1901,1934,87,80,1.0168155543878088,0.04856729377713459,17.851679586563307,18.23913043478261,0.9101123595505618,1.0,0.6214268173083075,0.23603715368024014,1.0,1.0,77.1
нарезка колбаса,2,66,1656,84,64,67,64,32,1.0303030303030303,0.05102040816326531,24.397058823529413,1.2318840579710144,0.5,1.0,0.639552211402179,0.21428925650494468,0.9999955332102305,1.0,77.1
фили бейкер,2,31,272,11,31,33,30,5,1.0303030303030303,0.0425531914893617,8.088235294117647,0.34285714285714286,0.1875,1.0,0.5730395230131662,0.31407033334720635,0.9675667591052045,1.0,77.1
линзы acuvue,2,32,294,17,24,23,75,16,0.9230769230769231,0.05921052631578947,12.375,0.225,0.22077922077922077,1.0,0.6940123466324355,0.2672748426311474,0.8946007754381357,1.0,77.1
тесто,1,264,3635,165,246,260,70,25,1.0524193548387097,0.045541838134430725,13.938697318007662,2.2133333333333334,0.3611111111111111,1.0,0.597812452339541,0.25634568077551206,0.9999999997558732,1.0,77.1
тряпка для пола,3,38,218,7,36,36,10,2,0.9736842105263158,0.03508771929824561,5.972972972972973,0.5333333333333333,0.25,1.0,0.504285134730123,0.3569167389426333,0.9951720500061686,1.0,77.1
пластырь,1,60,540,21,57,60,17,9,1.0338983050847457,0.04,8.901639344262295,1.0,0.5263157894736842,1.0,0.5506710358827784,0.30232785783336014,0.9999546000702375,1.0,77.1
форма для запекания,3,78,459,15,72,75,15,3,1.027027027027027,0.03411513859275053,6.078947368421052,0.8,0.23529411764705882,1.0,0.49454828878245094,0.3541659846394783,0.9996645373720975,1.0,77.0
бабушкино лукошко,2,120,4820,258,110,137,83,54,1.2321428571428572,0.0536231884057971,34.94927536231884,2.9431818181818183,0.6470588235294118,1.0,0.6578355358273071,0.19350254128442115,0.9999999999998348,1.0,77.0
the act,2,88,1154,51,80,87,47,21,1.0731707317073171,0.044673539518900345,13.147727272727273,1.0,0.4489795918367347,1.0,0.5907670766832941,0.26160900363591993,0.9999546000702375,1.0,77.0
футболка,1,77,461,16,72,74,37,8,1.0135135135135136,0.036093418259023353,6.1866666666666665,0.40476190476190477,0.23076923076923078,1.0,0.5141563259608599,0.3514539755385644,0.9825360940937623,1.0,77.0
салатная смесь,2,31,680,35,31,38,102,21,1.1818181818181819,0.05217391304347826,17.512820512820515,0.3364485981308411,0.21153846153846154,1.0,0.6477725900072888,0.23750414636973188,0.9654202137930046,1.0,77.0
цельнозерновой хлеб,2,48,638,31,48,49,97,12,1.0,0.04938271604938271,12.82,0.3137254901960784,0.13131313131313133,1.0,0.6275506862860928,0.26394377269104796,0.9565982233449251,1.0,77.0
колбаса нарезка,2,285,6624,333,269,273,72,44,1.011070110701107,0.05034669882423877,24.186131386861312,4.337662337662338,0.6081081081081081,1.0,0.634662602801187,0.21484318779278583,1.0,1.0,77.0
рулет,1,102,1196,50,98,102,26,14,1.03,0.04228855721393035,11.640776699029127,1.6451612903225807,0.5357142857142857,1.0,0.5707737648001621,0.273223057874618,0.9999999283600461,1.0,76.9
шоколад горький,2,148,3107,144,137,178,43,28,1.2877697841726619,0.0465190888675008,17.374301675977655,3.0208333333333335,0.6444444444444445,1.0,0.6055968925481625,0.2381169228607716,0.9999999999999241,1.0,76.9
рис,1,1100,19044,897,990,1012,121,47,1.0211693548387097,0.04712921171407578,18.802566633761106,7.126984126984127,0.3902439024390244,1.0,0.6103803352493341,0.2321469949678762,1.0,1.0,76.9
гхи масло,2,42,338,22,39,39,97,8,0.975609756097561,0.06609195402298851,8.525,0.22549019607843138,0.09090909090909091,1.0,0.7333555298701488,0.30752963940639483,0.8951161740397167,0.9090909090909092,76.9
батарейки аа,2,81,1271,59,69,70,54,15,1.0,0.0468384074941452,17.943661971830984,1.0169491525423728,0.2857142857142857,1.0,0.6081076718009875,0.23564657073315587,0.9999616781958734,1.0,76.9
тряпки,1,54,964,45,53,53,33,12,0.9818181818181818,0.04722792607802875,17.90740740740741,1.2105263157894737,0.37142857142857144,1.0,0.6111487975648258,0.23580013648893816,0.9999944696704877,1.0,76.9
масло оливковое extra virgin,4,66,959,43,59,62,24,13,1.0327868852459017,0.04540763673890609,15.26984126984127,1.5172413793103448,0.5384615384615384,1.0,0.5967315197586798,0.24850102498798216,0.999999742543173,1.0,76.9
рамиро,1,31,4,2,26,3,1,1,0.14285714285714285,0.21428571428571427,1.75,0.5,0.6666666666666666,0.17857142857142855,0.9862362132669495,0.6851982561085812,0.9932620530009145,1.0,76.9
персил,1,34,544,24,33,34,28,12,1.0,0.04512635379061372,15.628571428571428,0.7575757575757576,0.43333333333333335,1.0,0.5944564755056709,0.24657310686731118,0.9994872681585893,1.0,76.8
greenfield,1,59,1111,52,55,56,50,23,1.0,0.04727921498661909,19.54385964912281,0.9636363636363636,0.46153846153846156,1.0,0.6115474681316245,0.2293243806410311,0.9999346898852054,1.0,76.8
мармелад,1,569,10605,499,518,530,48,43,1.021153846153846,0.047103155911446065,19.9774011299435,9.433962264150944,0.88,1.0,0.6101772452754993,0.22775079431835693,1.0,1.0,76.8
горох,1,139,2211,100,123,132,63,17,1.064,0.045475011256190905,16.646616541353385,1.4852941176470589,0.27692307692307694,1.0,0.5972745541935325,0.24146892165024414,0.9999996456359904,1.0,76.8
урбеч,1,41,108,2,35,31,3,2,0.8648648648648649,0.025423728813559324,3.46875,0.375,0.6,1.0,0.39858771197553267,0.4629905415993784,0.9764822541439909,1.0,76.8
лимонная кислота,2,141,1987,87,125,128,47,11,1.015748031496063,0.04406609914872309,15.426356589147288,1.6923076923076923,0.24489795918367346,1.0,0.5857650619800288,0.24765099214252537,0.99999995529037,1.0,76.7
зубная паста детская,3,145,2688,125,135,136,51,21,1.0,0.04670126019273536,19.642335766423358,2.25,0.41509433962264153,1.0,0.6070312566964953,0.22896213888862546,0.9999999998308102,1.0,76.7
энергетический напиток,2,173,3643,174,154,157,62,41,1.0128205128205128,0.04790583082398029,23.075949367088608,2.611940298507463,0.65625,1.0,0.6163853003607505,0.21788767223215558,0.999999999995466,1.0,76.7
мясное пюре детское,3,42,1290,65,35,39,89,35,1.0810810810810811,0.05076923076923077,32.325,0.7021276595744681,0.3956043956043956,1.0,0.637736928915968,0.19768577290900693,0.9991073148329493,1.0,76.7
батарейки aaa,2,58,1201,57,54,53,52,21,0.9642857142857143,0.04789430222956235,22.296296296296298,1.0175438596491229,0.4074074074074074,1.0,0.6162968393971386,0.22016593575503757,0.9999619054220313,1.0,76.7
семечки,1,379,6924,321,358,367,86,24,1.0222222222222221,0.046437842515142776,18.82336956521739,3.5384615384615383,0.2840909090909091,1.0,0.6049554953006402,0.23206538879410704,0.9999999999999996,1.0,76.7
бедро,1,47,720,32,43,44,56,17,1.0,0.045205479452054796,16.066666666666666,0.5409836065573771,0.3103448275862069,1.0,0.5950977459547313,0.24431303959945558,0.9955276266727895,1.0,76.7
перец,1,585,9621,435,536,556,192,45,1.0353159851301115,0.04527048073927941,17.278276481149014,2.213197969543147,0.23711340206185566,1.0,0.5956237873012595,0.23854631012756597,0.9999999997555425,1.0,76.7
спаржа свежая,2,47,266,12,47,48,59,5,1.0,0.04710144927536232,5.489795918367347,0.203125,0.09836065573770492,1.0,0.6101639393368271,0.37062114208331476,0.8688285456898057,0.9836065573770492,76.7
кекс,1,126,1466,60,114,118,35,15,1.0258620689655173,0.041327913279132794,12.344537815126051,1.525,0.43243243243243246,1.0,0.5624473622579105,0.2675100413770609,0.9999997617630333,1.0,76.6
газировка без сахара,3,30,254,9,30,32,21,3,1.03125,0.03787878787878788,7.787878787878788,0.38461538461538464,0.17391304347826086,1.0,0.5311984608597646,0.31892687783615664,0.978638260824993,1.0,76.6
салфетки для уборки,3,83,1326,57,82,85,28,12,1.0238095238095237,0.04341317365269461,15.453488372093023,1.7575757575757576,0.43333333333333335,1.0,0.5803202980525671,0.24750505113339044,0.9999999767220105,1.0,76.6
хлебцы,1,768,16250,758,725,751,46,44,1.034387895460798,0.046678966789667896,21.613031914893618,14.882352941176471,0.9375,1.0,0.6068560054181772,0.2222675384283853,1.0,1.0,76.6
трусики подгузники 5,3,50,775,33,47,51,48,16,1.0612244897959184,0.04331210191082802,14.961538461538462,0.6415094339622641,0.34,1.0,0.5794710848571318,0.25021720053465996,0.9983633345015509,1.0,76.6
parmalat,1,69,816,33,66,67,29,13,1.0,0.04116222760290557,12.044117647058824,1.0,0.45161290322580644,1.0,0.5609950331922562,0.26988168054530925,0.9999546000702375,1.0,76.6
пеленки,1,129,2111,91,122,131,40,21,1.064516129032258,0.04337576614804337,16.015151515151516,2.0444444444444443,0.5238095238095238,1.0,0.5800061971618602,0.24457363898297066,0.9999999986784287,1.0,76.5
подгузники трусики xl,3,123,2311,102,107,129,49,25,1.1926605504587156,0.04437742352434296,17.8,1.9074074074074074,0.5098039215686274,1.0,0.5883362775210991,0.23625800825065957,0.9999999947972269,1.0,76.5
сок детский,2,444,10278,482,405,448,48,35,1.1031941031941033,0.04694790046656298,22.897550111358573,9.11320754716981,0.72,1.0,0.6089649219473883,0.21839827131540454,1.0,1.0,76.5
клубника свежая,2,201,1187,37,194,207,78,9,1.0612244897959184,0.031746031746031744,5.721153846153846,0.4578313253012048,0.125,1.0,0.4700224516413156,0.36380716418968573,0.9897277916917689,1.0,76.5
яица,1,47,790,35,44,48,76,17,1.065217391304348,0.045,16.183673469387756,0.4444444444444444,0.23076923076923078,1.0,0.5934303402594008,0.24372608958848085,0.9882563715429786,1.0,76.5
салфетки влажные,2,358,5267,222,338,359,41,26,1.0588235294117647,0.0422588592003032,14.63888888888889,4.8478260869565215,0.627906976744186,1.0,0.5705187457404224,0.2520754562971467,1.0,1.0,76.5
слабосоленая рыба,2,42,713,31,41,41,41,17,0.9767441860465116,0.04426002766251729,17.047619047619047,0.6956521739130435,0.4186046511627907,1.0,0.5873685895904066,0.23959346076417423,0.9990475964720933,1.0,76.5
банан,1,360,5088,215,339,351,107,30,1.032258064516129,0.04236955668889761,14.463068181818182,1.9285714285714286,0.28440366972477066,1.0,0.5714685438746805,0.25311619561486437,0.9999999957896257,1.0,76.5
чеддер,1,47,399,14,43,46,15,6,1.0444444444444445,0.03667481662591687,8.553191489361701,0.75,0.4117647058823529,1.0,0.5197729819026261,0.3071269311378587,0.9994469156298522,1.0,76.5
йогурты,1,88,4156,216,82,85,250,88,1.0238095238095237,0.05208833413346135,48.36046511627907,0.8509803921568627,0.3531746031746032,1.0,0.6471692090312215,0.1777687997821874,0.9997985166724259,1.0,76.5
контейнер для еды,3,72,492,16,70,70,11,5,0.9861111111111112,0.03386454183266932,6.971830985915493,1.0625,0.46153846153846156,1.0,0.4920086385934126,0.3338997248402646,0.9999756991687406,1.0,76.5
индилайт,1,203,4590,211,189,197,45,34,1.036649214659686,0.04608695652173913,23.196969696969695,4.24,0.7446808510638298,1.0,0.602173433182603,0.21754479269547755,1.0,1.0,76.4
томаты,1,348,5522,238,327,339,110,48,1.033434650455927,0.043203181489515546,16.25,2.0782608695652174,0.4375,1.0,0.5785540025977074,0.24339638488708962,0.9999999990576164,1.0,76.4
тефтели,1,51,997,45,47,49,84,14,1.0204081632653061,0.04568023833167825,20.0,0.5168539325842697,0.1744186046511628,1.0,0.5989241697291978,0.227670248696953,0.9943071218108471,1.0,76.4
горький шоколад,2,49,1073,47,48,60,90,20,1.22,0.0443213296398892,17.639344262295083,0.5052631578947369,0.22826086956521738,1.0,0.5878741820165965,0.23695114761246275,0.9936075110471794,1.0,76.4
зажигалка,1,33,2,3,31,2,1,3,0.09090909090909091,0.3333333333333333,1.6666666666666667,0.6666666666666666,1.3333333333333333,0.11363636363636365,0.9987273661986602,0.7066950526114236,0.9987273661986602,1.0,76.4
вареная колбаса,2,39,768,35,38,40,80,19,1.025,0.04627249357326478,18.804878048780488,0.4235294117647059,0.24390243902439024,1.0,0.6036469289756848,0.2321379206330896,0.9855244479437175,1.0,76.4
бургер,1,161,2981,135,138,140,45,29,1.0071428571428571,0.04546974256101638,21.163120567375888,2.72,0.6382978723404256,1.0,0.5972321152053313,0.22370918625982036,0.9999999999984611,1.0,76.4
свечи для торта,3,180,2832,121,169,169,39,20,0.9941520467836257,0.04292751583391977,16.676470588235293,2.772727272727273,0.5121951219512195,1.0,0.576224021799381,0.24132681447106596,0.9999999999990917,1.0,76.4
lindt,1,50,300,10,43,38,16,6,0.8666666666666667,0.035483870967741936,7.769230769230769,0.5238095238095238,0.3888888888888889,1.0,0.5081971820540545,0.3192389042116345,0.9946896378157372,1.0,76.4
йогурт питьевой,2,399,11478,548,386,397,121,80,1.0257731958762886,0.04778899721448468,28.84673366834171,4.357142857142857,0.6585365853658537,1.0,0.6154878704690601,0.20410241148414499,1.0,1.0,76.4
носки женские,2,82,984,40,71,73,50,12,1.0136986301369864,0.04124748490945674,13.337837837837839,0.7454545454545455,0.25,1.0,0.5617429629669091,0.2602976635039055,0.9994211953066877,1.0,76.4
трусики подгузники xl,3,54,1037,44,49,59,43,19,1.1764705882352942,0.04297994269340974,17.333333333333332,0.9375,0.4444444444444444,1.0,0.5766681337980053,0.23829965308072587,0.9999151817647536,1.0,76.3
сэндвич,1,48,915,39,47,50,55,15,1.0408163265306123,0.043243243243243246,18.0,0.6666666666666666,0.2807017543859649,1.0,0.5788915446695251,0.23540891336663824,0.9987273661986602,1.0,76.3
стейк мираторг,2,58,645,25,52,52,18,10,0.9814814814814815,0.03969465648854962,12.226415094339623,1.1304347826086956,0.55,1.0,0.5479186465203831,0.2684311411896126,0.999987680754284,1.0,76.3
флешка,1,55,1469,70,45,46,103,41,1.0,0.048005409060175794,31.319148936170212,0.6574074074074074,0.4,1.0,0.6171485335976604,0.19942894308597575,0.9986039019965673,1.0,76.3
одноразовая посуда,2,91,1559,67,84,84,41,19,0.9883720930232558,0.043339706819630335,18.376470588235293,1.4782608695652173,0.46511627906976744,1.0,0.5797031940247371,0.23385063178157564,0.9999996198153175,1.0,76.3
растительное масло,2,68,1274,56,63,66,93,14,1.0307692307692307,0.04439252336448598,19.059701492537314,0.5816326530612245,0.15789473684210525,1.0,0.5884605798787393,0.23114823035203294,0.9970214734010324,1.0,76.3
у палыча,2,49,630,26,40,40,23,13,0.9761904761904762,0.0421875,15.439024390243903,0.9642857142857143,0.56,1.0,0.5699053593599377,0.24758280104741542,0.9999351126029145,1.0,76.3
страчателла,1,144,627,72,138,143,153,7,1.0285714285714285,0.11459968602825746,4.375,0.4620253164556962,0.05161290322580645,1.0,0.8989352340442341,0.41215617465571364,0.9901496980018449,0.5161290322580645,76.3
коркунов,1,48,472,17,42,46,14,8,1.0681818181818181,0.03734439834024896,10.106382978723405,0.9473684210526315,0.5625,1.0,0.5261611371158645,0.28790921136314,0.9999231522380351,1.0,76.3
мак,1,32,257,9,29,30,22,4,1.0,0.03745318352059925,8.387096774193548,0.37037037037037035,0.20833333333333334,1.0,0.5271909493496514,0.30953245120718237,0.9753678727838592,1.0,76.2
макароны,1,1327,39687,1857,1246,1285,314,96,1.0304487179487178,0.04680454442401189,30.863141524105753,5.824451410658307,0.3069620253164557,1.0,0.6078421683556278,0.2002476418424242,1.0,1.0,76.2
молоко,1,5971,133005,5908,5487,5864,418,184,1.0685006376389141,0.04442356125249032,22.678260869565218,13.969267139479905,0.44047619047619047,1.0,0.588715966892425,0.21903448121281488,1.0,1.0,76.2
окорок,1,46,545,21,40,42,33,10,1.0238095238095237,0.03963963963963964,12.744186046511627,0.5789473684210527,0.3142857142857143,1.0,0.5474209309127681,0.26449781522999355,0.9969404079356557,1.0,76.2
уксус,1,124,1603,64,112,116,29,10,1.0263157894736843,0.040297582145071294,13.726495726495726,1.911764705882353,0.3548387096774194,1.0,0.5533373391096452,0.2577092254455959,0.9999999950190592,1.0,76.2
сыр творожный сливочный,3,48,685,27,46,50,33,13,1.0625,0.04028776978417266,13.490196078431373,0.7368421052631579,0.4,1.0,0.5532496742033575,0.25926851144600355,0.999369136506631,1.0,76.2
провод для айфона,3,35,708,32,32,32,72,17,0.9705882352941176,0.04596100278551532,21.545454545454547,0.42857142857142855,0.24324324324324326,1.0,0.601170015021363,0.22248105709194577,0.9862362132669495,1.0,76.2
макароны детские,2,46,1319,61,45,47,129,23,1.0212765957446808,0.046651617757712566,27.541666666666668,0.4626865671641791,0.183206106870229,1.0,0.6066409044420882,0.20682533204323367,0.9902146183140287,1.0,76.1
кокосовое масло,2,62,636,22,62,66,24,4,1.046875,0.03560371517027864,9.537313432835822,0.7931034482758621,0.19230769230769232,1.0,0.5093745647958603,0.29433968455342313,0.9996405855874633,1.0,76.1
shock,1,46,850,36,42,43,34,17,1.0,0.04302325581395349,19.386363636363637,0.9487179487179487,0.5,1.0,0.5770346914905241,0.22990976318954437,0.9999241823533634,1.0,76.1
"вода 0,5 негазированная",3,50,855,35,47,50,41,14,1.0408163265306123,0.04161849710982659,16.823529411764707,0.782608695652174,0.3488372093023256,1.0,0.564982901685811,0.24063270178715235,0.9996008155457408,1.0,76.1
багет хлеб,2,71,870,39,68,71,139,15,1.0285714285714285,0.045454545454545456,12.125,0.2777777777777778,0.11347517730496454,1.0,0.597109678470867,0.26923368292259753,0.9378234759778836,1.0,76.1
творожок,1,349,13905,668,320,334,563,157,1.0403726708074534,0.04807761408551922,41.516417910447764,1.1778169014084507,0.27964601769911507,1.0,0.6177010105821883,0.18484465521977478,0.999992329808796,1.0,76.1
хлеб,1,4589,113766,5180,4238,4325,429,282,1.0202830188679246,0.04553684432569259,26.29889042995839,11.93778801843318,0.6566125290023201,1.0,0.5977722813797159,0.20960975154271475,1.0,1.0,76.1
шампунь детский,2,44,589,23,41,42,32,11,1.0,0.04006677796327212,13.767441860465116,0.6486486486486487,0.35294117647058826,1.0,0.5512707407841759,0.25744346105446414,0.9984761061654096,1.0,76.1
чехол на айфон 15 про макс,6,56,317,12,51,51,52,5,0.9811320754716981,0.039755351681957186,6.153846153846154,0.22807017543859648,0.1111111111111111,1.0,0.5484670968737404,0.3522715588441093,0.8977875464956302,1.0,76.0
пюре фрутоняня,2,44,1425,64,43,49,59,35,1.1111111111111112,0.04529616724738676,28.56,1.015625,0.5901639344262295,1.0,0.5958314742064962,0.20468422449827126,0.9999611673822175,1.0,76.0
какао,1,286,4873,201,259,268,79,25,1.0306513409961686,0.04136801146835962,18.12639405204461,2.4047619047619047,0.32098765432098764,1.0,0.5627981229597189,0.23488001041507311,0.9999999999640042,1.0,76.0
пицца замороженная,2,178,3642,155,170,178,51,27,1.0406976744186047,0.04271631982475356,20.363128491620113,2.7857142857142856,0.5283018867924528,1.0,0.5744302401636026,0.22639539209439233,0.9999999999992024,1.0,76.0
kix,1,44,1237,56,39,40,85,33,1.0,0.04570970328789094,30.24390243902439,0.6333333333333333,0.39080459770114945,1.0,0.5991604537369184,0.20138947639236224,0.9982238964542656,1.0,76.0
взбитые сливки,2,35,227,18,31,32,66,4,1.0,0.08016877637130802,6.96969696969697,0.2676056338028169,0.07352941176470588,1.0,0.7987838403090144,0.33394279340952365,0.9311659220772613,0.7352941176470589,76.0
увелка,1,156,2897,194,130,90,57,45,0.6893939393939394,0.06707946336429309,31.86813186813187,3.1451612903225805,0.7796610169491526,0.8617424242424243,0.7385701436687706,0.1984671368882545,0.9999999999999781,1.0,76.0
удлинитель сетевой,2,32,536,21,29,33,29,12,1.096774193548387,0.040293040293040296,15.852941176470589,0.6470588235294118,0.41935483870967744,1.0,0.5532967637525297,0.24540307960395563,0.9984516853083479,1.0,75.9
творог мягкий,2,210,5307,230,194,220,386,65,1.1275510204081634,0.043445552003009216,24.02714932126697,0.5907928388746803,0.17010309278350516,1.0,0.5805919808048714,0.21526569287081912,0.9972821886919415,1.0,75.9
мистраль,1,38,745,31,37,36,57,13,0.9487179487179487,0.0423841059602649,20.216216216216218,0.5161290322580645,0.23728813559322035,1.0,0.571593222142913,0.22690681537486648,0.9942657041813858,1.0,75.9
лубрикант,1,32,386,14,31,31,21,10,0.9696969696969697,0.03787878787878788,12.15625,0.5769230769230769,0.4782608695652174,1.0,0.5311984608597646,0.26898521716292473,0.9968778417491206,1.0,75.9
перчатки одноразовые,2,52,636,24,48,50,47,5,1.02,0.03869969040247678,12.529411764705882,0.4807692307692308,0.12244897959183673,1.0,0.5388324292734284,0.2660970621554962,0.9918333158369886,1.0,75.9
sen soy,2,37,500,19,30,33,23,11,1.0625,0.0392156862745098,14.794117647058824,0.7142857142857143,0.48,1.0,0.5435671674550664,0.2511732656933263,0.99920950967688,1.0,75.9
сендвич,1,75,1288,52,70,72,52,17,1.0138888888888888,0.040832049306625574,17.684931506849313,0.9298245614035088,0.3333333333333333,1.0,0.5580864419849719,0.23675344526416026,0.999908415234355,1.0,75.9
кабачок,1,219,2985,113,213,220,52,12,1.027906976744186,0.03806343906510851,13.520361990950226,2.0,0.24074074074074073,1.0,0.5329265631413755,0.2590669873766747,0.9999999979388464,1.0,75.8
освежитель воздуха,2,179,1711,59,161,170,44,11,1.049079754601227,0.034863451481696686,10.023391812865498,1.2244897959183674,0.2608695652173913,1.0,0.5020566829567661,0.28880897344024514,0.9999951904063573,1.0,75.8
вода 5 литров питьевая,4,58,1527,62,54,80,89,15,1.4464285714285714,0.04098893949251789,18.88888888888889,0.6702127659574468,0.17582417582417584,1.0,0.5594709067649797,0.23180929976361436,0.9987717042746672,1.0,75.8
круасаны,1,30,395,15,28,28,32,7,0.9666666666666667,0.03950617283950617,13.724137931034482,0.43243243243243246,0.23529411764705882,1.0,0.5462112314807706,0.25772456814603417,0.9867575052940688,1.0,75.8
чудо,1,78,1748,73,73,76,40,29,1.0266666666666666,0.04209328782707622,22.74025974025974,1.6444444444444444,0.7142857142857143,1.0,0.5690941923687334,0.21885363608390665,0.999999927844653,1.0,75.8
полотенце махровое,2,39,655,26,35,36,41,14,1.0,0.0406015037593985,17.783783783783782,0.5869565217391305,0.3488372093023256,1.0,0.5560441130437553,0.23632751939235508,0.9971758990629016,1.0,75.8
желудки куриные,2,48,330,35,47,49,112,6,1.0204081632653061,0.10588235294117647,6.66,0.3076923076923077,0.06140350877192982,1.0,0.8796856115991007,0.34044356619278376,0.9538991124716539,0.6140350877192982,75.8
блины,1,337,7489,316,313,319,111,55,1.0158730158730158,0.04227230297372983,23.4125,2.7327586206896552,0.49557522123893805,1.0,0.5706342071908159,0.2169410037264661,0.9999999999986455,1.0,75.8
сады придонья,2,52,576,20,49,51,27,14,1.0196078431372548,0.03583617747440273,11.134615384615385,0.65625,0.5172413793103449,1.0,0.5116503088321511,0.2776962834187804,0.9985876495829711,1.0,75.8
киндер сюрприз,2,117,1415,49,110,129,23,13,1.1607142857142858,0.03508771929824561,10.907692307692308,1.7857142857142858,0.56,1.0,0.504285134730123,0.2798124853215593,0.9999999824312285,1.0,75.7
тряпка для уборки,3,33,654,26,32,33,34,15,1.0,0.04066265060240964,19.323529411764707,0.6923076923076923,0.4444444444444444,1.0,0.5565867112129517,0.23014540964380148,0.9990152048648832,1.0,75.7
батарейки пальчиковые,2,50,946,39,46,46,79,14,0.9791666666666666,0.04184100418410042,20.19148936170213,0.47619047619047616,0.18518518518518517,1.0,0.5669144882175099,0.22699346956843644,0.991450690520314,1.0,75.7
жидкость для мытья посуды,4,49,998,41,46,46,75,18,0.9791666666666666,0.041666666666666664,21.29787234042553,0.525,0.24675324675324675,1.0,0.5654017914929217,0.22327238887184508,0.9947524816008186,1.0,75.7
сыр с плесенью,3,138,2860,117,127,132,66,28,1.0310077519379846,0.04111498257839721,21.526315789473685,1.6619718309859155,0.4264705882352941,1.0,0.5605800211422671,0.22254171928789562,0.9999999394452734,1.0,75.7
бумажные салфетки,2,55,884,34,54,54,39,7,0.9821428571428571,0.039149888143176735,16.12727272727273,0.7954545454545454,0.1951219512195122,1.0,0.5429661235169149,0.24400816382859625,0.9996489372075206,1.0,75.7
детская зубная паста,3,43,779,30,42,45,40,16,1.0454545454545454,0.03929024081115336,17.0,0.6888888888888889,0.40476190476190477,1.0,0.5442472430686258,0.23981246656813146,0.998980954515051,1.0,75.7
помада,1,35,67,1,30,26,6,1,0.84375,0.025974025974025976,2.5925925925925926,0.18181818181818182,0.25,1.0,0.40517052995415126,0.5419979760208479,0.8376793888181518,1.0,75.7
линзы контактные,2,98,1109,49,89,89,187,40,0.989010989010989,0.044682752457551385,12.355555555555556,0.2604166666666667,0.21693121693121692,1.0,0.5908424744930568,0.2674248636224854,0.9260352511868384,1.0,75.7
бритва женская,2,64,1045,40,59,59,38,10,0.9836065573770492,0.03886255924170616,17.466666666666665,0.9534883720930233,0.275,1.0,0.5403321818564008,0.2377074596656733,0.999927714262814,1.0,75.6
фруктовое пюре детское,3,68,2561,112,63,72,99,51,1.123076923076923,0.043951769739401014,35.12328767123287,1.0865384615384615,0.5148514851485149,1.0,0.5848167935277881,0.193242043714464,0.9999808916398671,1.0,75.6
энергетик,1,767,18421,774,671,723,65,57,1.075780089153046,0.04204872226140741,25.447513812154696,11.071428571428571,0.8656716417910447,1.0,0.568709949933015,0.21163751505861603,1.0,1.0,75.6
скраб,1,47,612,22,43,44,31,10,1.0,0.03697749196141479,13.666666666666666,0.6388888888888888,0.3333333333333333,1.0,0.5226712581610011,0.2580998762839136,0.9983198780331537,1.0,75.6
biorepair зубная паста,3,36,693,24,32,59,22,9,1.7647058823529411,0.03556187766714083,11.6,0.9259259259259259,0.4166666666666667,1.0,0.5089638621283848,0.27357147735340315,0.999904774163317,1.0,75.6
тушенка,1,128,1526,54,115,122,39,10,1.0512820512820513,0.035807291666666664,12.43089430894309,1.25,0.2682926829268293,1.0,0.5113680998159055,0.26684574036185954,0.999996273346828,1.0,75.6
тряпки для уборки,3,128,2475,98,124,124,40,21,0.9920634920634921,0.03983903420523139,19.824,2.2,0.5238095238095238,1.0,0.5492221730841594,0.22830136440413232,0.9999999997210532,1.0,75.6
детский сок,2,32,658,26,30,31,36,15,1.0,0.040419161676646706,20.65625,0.6585365853658537,0.42105263157894735,1.0,0.5544221204447521,0.22539216050054242,0.9986195777573226,1.0,75.6
наполнитель для кошачьего туалета силикагелевый,5,138,1911,72,120,121,47,16,1.0,0.03800104112441437,15.688524590163935,1.4038461538461537,0.3469387755102041,1.0,0.5323433108674058,0.24625783463851725,0.9999991998459286,1.0,75.6
сыр чеддер,2,39,352,11,37,37,15,6,0.9743589743589743,0.03314917127071823,9.342105263157896,0.6,0.4117647058823529,1.0,0.48468835499865137,0.29669558360274295,0.9975212478233336,1.0,75.6
паприка,1,85,1008,35,83,84,34,8,1.0,0.03536345776031434,11.894117647058824,0.9230769230769231,0.25,1.0,0.507011363650584,0.27110254432349434,0.9999020221603387,1.0,75.6
медовик,1,47,475,15,45,49,16,6,1.0638297872340425,0.032989690721649485,9.56,0.7619047619047619,0.3888888888888889,1.0,0.48304208723576536,0.2940711207189544,0.9995089907636522,1.0,75.5
полотенца,1,31,639,25,30,33,47,14,1.0625,0.040061633281972264,18.88235294117647,0.5,0.30612244897959184,1.0,0.5512245670281524,0.23183478293095805,0.9932620530009145,1.0,75.5
карпаччо мираторг,2,32,121,17,30,30,44,1,0.96875,0.13740458015267176,4.0,0.3673469387755102,0.043478260869565216,1.0,0.9359500225721153,0.43067655807339306,0.9746117646576632,0.43478260869565216,75.5
пюре мясное,2,33,1130,49,31,32,89,24,1.0,0.043859649122807015,34.333333333333336,0.5319148936170213,0.27472527472527475,1.0,0.5840511497690231,0.1944406329927218,0.9951030804565998,1.0,75.5
кондиционер для белья детский,4,50,949,37,48,48,49,14,0.98,0.03962460896767466,19.428571428571427,0.7037037037037037,0.29411764705882354,1.0,0.5472848591107734,0.22975214903678892,0.9991212736575628,1.0,75.5
молоко растительное,2,98,1998,79,97,99,50,21,1.0101010101010102,0.0398406374501992,20.01,1.4545454545454546,0.4230769230769231,1.0,0.5492366269980786,0.2276346530804524,0.9999995180640162,1.0,75.5
кролик,1,84,1466,56,80,84,67,14,1.0365853658536586,0.03861788617886179,17.28235294117647,0.7916666666666666,0.21739130434782608,1.0,0.5380773026147759,0.2385280044360817,0.9996353843112697,1.0,75.5
инжир,1,30,259,8,28,30,18,3,1.0333333333333334,0.03345724907063197,8.451612903225806,0.391304347826087,0.2,1.0,0.4878537147708042,0.308588587193847,0.9800203990465478,1.0,75.5
агуша,1,317,9582,414,296,298,85,60,1.0033557046979866,0.043265221017514593,32.05685618729097,4.611111111111111,0.7011494252873564,1.0,0.5790766045260081,0.1981423119540522,1.0,1.0,75.5
отруби,1,49,614,20,44,56,15,4,1.2391304347826086,0.03365384615384615,10.824561403508772,1.05,0.29411764705882354,1.0,0.489863490338472,0.28060607129818504,0.9999724635506503,1.0,75.4
сок яблочный,2,311,5820,225,288,298,57,34,1.0310344827586206,0.03876500857632933,19.474916387959865,3.6451612903225805,0.5932203389830508,1.0,0.5394344884049735,0.22957970826149257,0.9999999999999999,1.0,75.4
тушь для ресниц,3,81,1057,38,73,72,40,15,0.9733333333333334,0.03655107778819119,14.520547945205479,0.8666666666666667,0.38095238095238093,1.0,0.5185830554474946,0.2527737120449147,0.9998277677440391,1.0,75.4
петелинка,1,166,3741,153,145,145,62,43,0.9931972789115646,0.04105571847507331,25.643835616438356,2.298507462686567,0.6875,1.0,0.5600588757305325,0.21116069225430656,0.9999999998958381,1.0,75.4
вода 19л,2,179,1064,84,154,169,94,5,1.0897435897435896,0.07914338919925512,6.276470588235294,0.8585858585858586,0.0625,1.0,0.7946147477035035,0.3492548309078723,0.9998132721942747,0.625,75.4
блинчики,1,275,6881,280,259,269,109,54,1.0344827586206897,0.04077782615005079,25.496296296296297,2.4649122807017543,0.4954954954954955,1.0,0.5576069430715432,0.21151850206121622,0.9999999999802748,1.0,75.4
cat step наполнитель,3,41,646,21,40,61,26,16,1.4761904761904763,0.03353658536585366,10.46774193548387,0.7096774193548387,0.6071428571428571,1.0,0.4886657061741775,0.28413050661346106,0.99917222915038,1.0,75.4
козинаки,1,30,8,2,27,4,1,1,0.1724137931034483,0.16666666666666666,2.2,0.5,0.6666666666666666,0.21551724137931036,0.9643260066527476,0.5959220203575702,0.9932620530009145,1.0,75.4
кофе в капсулах,3,156,4740,200,147,146,107,55,0.9865771812080537,0.04231578947368421,32.265306122448976,1.7946428571428572,0.5137614678899083,1.0,0.5710074771558316,0.19778690672243407,0.9999999839318787,1.0,75.4
каша овсяная,2,87,1860,73,83,88,86,24,1.0470588235294118,0.039572192513368985,20.93258426966292,0.8131868131868132,0.2840909090909091,1.0,0.54681001580832,0.22446669429836147,0.9997059815777481,1.0,75.4
"вода 0,5",2,51,1073,42,49,51,64,26,1.0196078431372548,0.03970452446906741,20.692307692307693,0.6231884057971014,0.4090909090909091,1.0,0.5480078603162654,0.22527029784129718,0.9980342551716423,1.0,75.4
маска для лица,3,107,937,29,100,102,40,16,1.0098039215686274,0.03167898627243928,9.12621359223301,0.6666666666666666,0.40476190476190477,1.0,0.4693113230538777,0.29939914346343277,0.9987273661986602,1.0,75.3
безлактозное,1,83,1775,70,73,76,46,26,1.0266666666666666,0.039775910364145656,23.09090909090909,1.392156862745098,0.5625,1.0,0.548652717139105,0.21784513587153273,0.9999991006275796,1.0,75.3
пюре мясное детское,3,82,3174,134,79,92,88,54,1.1481481481481481,0.04239949748743719,34.16129032258065,1.4516129032258065,0.6111111111111112,1.0,0.5717250785384023,0.19470723016554348,0.9999995037217265,1.0,75.3
подгузники трусики 5,3,131,2306,86,117,126,52,22,1.0672268907563025,0.03756476683937824,18.181102362204726,1.5263157894736843,0.42592592592592593,1.0,0.5282449249117169,0.23465289514492543,0.9999997648771973,1.0,75.3
вода 5л,2,207,4832,186,178,232,119,27,1.2944444444444445,0.03862040479140851,20.751072961373392,1.5080645161290323,0.23140495867768596,1.0,0.5381005701147779,0.22507240590338407,0.9999997177986917,1.0,75.3
гель для стирки детского белья,5,35,744,29,33,34,58,14,1.0,0.03978779840848806,21.34285714285714,0.47619047619047616,0.25,1.0,0.5487600171129805,0.22312753590170956,0.991450690520314,1.0,75.3
тунец,1,397,6076,222,374,389,39,26,1.0372340425531914,0.03664147223135064,15.587179487179487,5.068181818181818,0.6585365853658537,1.0,0.5194526175074753,0.2467919097840012,1.0,1.0,75.3
средство для унитаза,3,52,1187,47,47,48,66,19,1.0,0.040100250626566414,24.285714285714285,0.676056338028169,0.29411764705882354,1.0,0.5515710435217168,0.21458073391724697,0.9988414237290204,1.0,75.3
треска,1,122,1495,51,112,116,44,10,1.0263157894736843,0.0345514950166113,12.803418803418804,1.0612244897959184,0.2391304347826087,1.0,0.4989402383758722,0.264064488583165,0.9999753872239436,1.0,75.3
rich,1,48,824,30,45,46,31,16,1.0,0.03717026378896882,17.595744680851062,0.8611111111111112,0.5151515151515151,1.0,0.5245080257934334,0.2371409930254095,0.9998179285036812,1.0,75.2
творожки,1,66,2980,137,61,64,364,64,1.0317460317460319,0.046153846153846156,45.89230769230769,0.37398373983739835,0.17759562841530055,1.0,0.6027052868022887,0.18013865499183207,0.9762420340988635,1.0,75.2
сырки творожные,2,36,812,31,34,36,50,18,1.0277777777777777,0.038929440389294405,22.027027027027028,0.5818181818181818,0.36538461538461536,1.0,0.5409466330365202,0.22098196074181886,0.9970269943013946,1.0,75.2
каша детская молочная,3,39,1310,55,36,37,102,35,1.0,0.04242424242424243,34.55263157894737,0.5233644859813084,0.34615384615384615,1.0,0.571936978816824,0.19410373243120776,0.9946659520289395,1.0,75.2
сухой завтрак,2,48,1872,79,48,51,144,34,1.04,0.04250797024442083,36.05769230769231,0.5369127516778524,0.23972602739726026,1.0,0.5726531946508074,0.19187592946937135,0.9953418062662975,1.0,75.2
лейс,1,41,974,38,38,39,40,22,1.0,0.039634146341463415,24.425,0.8666666666666667,0.5476190476190477,1.0,0.5473712051457373,0.21421643658438544,0.9998277677440391,1.0,75.2
кола,1,1391,25300,956,1228,1270,73,55,1.0333333333333334,0.0378111418411695,19.907946498819825,12.26923076923077,0.7466666666666667,1.0,0.5305637802892722,0.2279992433587139,1.0,1.0,75.2
грудка,1,136,2569,97,125,130,72,36,1.031496062992126,0.037999224505622334,19.633587786259543,1.2727272727272727,0.5,1.0,0.5323263194801449,0.22899420185435884,0.9999970309624867,1.0,75.2
вода фрутоняня,2,49,277,29,47,48,102,5,1.0,0.10452961672473868,5.714285714285714,0.2803738317757009,0.057692307692307696,1.0,0.8763861066454894,0.36400249327814205,0.9394168403297781,0.576923076923077,75.1
моющее средство для посуды,4,56,1170,45,51,52,86,15,1.0,0.03898305084745763,22.132075471698112,0.5054945054945055,0.18181818181818182,1.0,0.5414385704859563,0.22066176064648677,0.993622282823274,1.0,75.1
добрый,1,122,2766,106,112,117,59,32,1.0350877192982457,0.03854466858789626,23.466101694915253,1.671875,0.5409836065573771,1.0,0.5374003897741644,0.2167921876907912,0.9999999451547361,1.0,75.1
бульон,1,94,1155,38,82,92,28,9,1.1071428571428572,0.03347639484978541,12.451612903225806,1.1818181818181819,0.3333333333333333,1.0,0.48804978602246474,0.266687485141047,0.9999926306556534,1.0,75.1
овсяная каша,2,40,831,33,38,37,81,16,0.95,0.04042806183115339,21.94736842105263,0.3953488372093023,0.20481927710843373,1.0,0.5545014276255371,0.22122636870824822,0.9808123487723227,1.0,75.1
свинина охлажденная,2,68,1620,63,63,66,101,30,1.0307692307692307,0.0392638036809816,24.223880597014926,0.6037735849056604,0.30097087378640774,1.0,0.5440062034510613,0.21474350107400977,0.997613042768525,1.0,75.1
тушь,1,56,1004,36,54,56,46,15,1.0178571428571428,0.03648915187376726,17.666666666666668,0.7254901960784313,0.3333333333333333,1.0,0.5179864423754458,0.2368325584677621,0.9992932983396183,1.0,75.1
томатный соус,2,57,1248,47,55,55,53,8,0.9824561403508771,0.03815580286168521,22.339285714285715,0.8275862068965517,0.16363636363636364,1.0,0.533788580222709,0.22003708266860067,0.9997454115069279,1.0,75.1
клюква,1,75,1090,37,71,76,31,14,1.0547945205479452,0.034545454545454546,14.194805194805195,1.0555555555555556,0.45454545454545453,1.0,0.4988797019785042,0.25474421138502473,0.9999739516349976,1.0,75.1
пеленки одноразовые,2,59,1112,40,56,62,40,13,1.0862068965517242,0.036541889483065956,17.6984126984127,0.9111111111111111,0.3333333333333333,1.0,0.5184945792026961,0.23669513562897834,0.9998895680552229,1.0,75.1
капли в нос,3,67,842,27,60,67,31,7,1.096774193548387,0.03286384976525822,12.426470588235293,0.7777777777777778,0.24242424242424243,1.0,0.4817393589946263,0.2668795861373095,0.9995810578765516,1.0,75.0
lol,1,47,748,27,36,36,33,14,0.9736842105263158,0.036939313984168866,20.2972972972973,0.7368421052631579,0.42857142857142855,1.0,0.5223066500618234,0.22662383864378455,0.999369136506631,1.0,75.0
pro plan для кошек стерилизованных,5,32,445,16,29,30,44,12,1.0,0.03736263736263736,14.451612903225806,0.3469387755102041,0.2826086956521739,1.0,0.5263339527466394,0.2531847133271994,0.9688639122624736,1.0,75.0
чизкейк,1,150,1737,56,135,145,28,13,1.0656934306569343,0.03262736119061248,11.917808219178083,1.7272727272727273,0.4666666666666667,1.0,0.47928229850208204,0.2709080462544331,0.9999999684826382,1.0,75.0
памперсы трусики 5,3,117,1902,67,109,113,56,28,1.027027027027027,0.03556485355648536,16.710526315789473,1.1147540983606556,0.5,1.0,0.5089930866428964,0.2411652033104479,0.9999855893203458,1.0,75.0
кофе молотый,2,430,9021,338,408,423,76,44,1.0341463414634147,0.03753737127671354,21.28301886792453,4.185185185185185,0.5769230769230769,1.0,0.5279863741723159,0.22332032324671708,1.0,1.0,75.0
чиабатта,1,221,4644,175,203,208,300,55,1.0195121951219512,0.03781693167168027,22.23444976076555,0.5770491803278689,0.18543046357615894,1.0,0.5306181362650474,0.2203519932888351,0.9968817764155824,1.0,75.0
открытка с днем рождения,4,35,147,3,34,35,10,2,1.0,0.025477707006369428,4.166666666666667,0.26666666666666666,0.25,1.0,0.3992366246100234,0.4220773804258231,0.9305165487771985,1.0,75.0
счастье,1,43,607,20,36,40,18,10,1.0789473684210527,0.03403565640194489,14.878048780487806,0.9130434782608695,0.55,1.0,0.4937441616268238,0.2506918010376893,0.9998916815201314,1.0,74.9
хлопья для завтрака,3,137,3808,147,128,132,90,36,1.023076923076923,0.03876375065479309,28.654135338345863,1.5578947368421052,0.40217391304347827,1.0,0.539422901153698,0.20449222797037275,0.9999998285454068,1.0,74.9
молоко детское,2,111,1955,69,106,107,55,10,1.0,0.035623409669211195,18.12962962962963,1.1666666666666667,0.19298245614035087,1.0,0.5095677791829549,0.2348665479760784,0.9999914250608973,1.0,74.9
линзы,1,75,1061,46,63,63,181,39,0.9846153846153847,0.04388422035480859,16.625,0.25268817204301075,0.2185792349726776,1.0,0.5842555070658012,0.24157207264031608,0.920092192926802,1.0,74.9
fitnesshock,1,37,690,24,32,37,30,11,1.1176470588235294,0.03571428571428571,18.236842105263158,0.7142857142857143,0.375,1.0,0.5104583404430468,0.2344226125599089,0.99920950967688,1.0,74.9
таблетки для посудомоечной машины,4,343,6831,251,309,311,116,42,1.0032154340836013,0.036836719777810265,21.903846153846153,2.0826446280991737,0.3644067796610169,1.0,0.5213254723722145,0.22136049142217518,0.9999999990980358,1.0,74.9
жевачка,1,40,715,25,37,38,34,14,1.0,0.03586206896551724,18.41025641025641,0.6666666666666666,0.4166666666666667,1.0,0.5119031254023149,0.23371326620500002,0.9987273661986602,1.0,74.9
рыба слабосолёная,2,285,5537,199,271,273,50,39,1.0036630036630036,0.0360555255092843,20.21897810218978,3.6363636363636362,0.7692307692307693,1.0,0.5137879873498079,0.2268971468401758,0.9999999999999999,1.0,74.8
черкизово,1,37,892,32,36,41,40,20,1.105263157894737,0.036585365853658534,21.30952380952381,0.7333333333333333,0.5,1.0,0.5189130793899739,0.22323482456983443,0.9993466080201326,1.0,74.8
тапочки,1,52,271,6,48,51,15,4,1.04,0.02491103202846975,5.269230769230769,0.35,0.29411764705882354,1.0,0.3923891434938829,0.3776023738095654,0.9698026165776815,1.0,74.8
вода 5 л,3,1296,26909,973,1190,1319,171,56,1.1073825503355705,0.03618262193989376,20.387878787878787,5.534090909090909,0.32947976878612717,1.0,0.5150223341010574,0.22630980474310755,1.0,1.0,74.8
для посудомоечной машины средства,4,47,1242,47,45,46,75,27,1.0,0.038338658146964855,26.48936170212766,0.6,0.36363636363636365,1.0,0.5354904508088795,0.2091699476267909,0.9975212478233336,1.0,74.8
сосиски,1,1617,38073,1425,1515,1550,187,101,1.022412656558998,0.0374445290549589,24.549323017408124,7.427083333333333,0.5396825396825397,1.0,0.5271091040729183,0.21389399069464113,1.0,1.0,74.8
raffaello,1,60,890,26,56,88,13,7,1.5344827586206897,0.03,10.03370786516854,1.5,0.5333333333333333,1.0,0.4511883639059736,0.2886964554851974,0.9999996940976795,1.0,74.8
кока кола,2,187,2106,65,172,181,25,11,1.0459770114942528,0.031190926275992438,11.587912087912088,2.2,0.4444444444444444,1.0,0.46410580003495383,0.2736751513580872,0.9999999997210532,1.0,74.8
каша детская,2,251,10219,407,234,241,147,97,1.0254237288135593,0.03988659693029622,42.239669421487605,2.6842105263157894,0.6577181208053692,1.0,0.5496507736346768,0.18401689638852803,0.999999999997799,1.0,74.7
дезодорант женский,2,248,5898,217,236,240,71,49,1.0126050420168067,0.036899119837508466,24.485477178423235,2.8684210526315788,0.684931506849315,1.0,0.5219224861397791,0.21405926431956412,0.9999999999996512,1.0,74.7
gerber,1,44,740,25,39,39,30,14,0.975609756097561,0.034666666666666665,18.575,0.7428571428571429,0.46875,1.0,0.5000930677240178,0.23304914685830286,0.9994059644717797,1.0,74.7
dolce gusto капсулы,3,30,656,23,27,31,34,12,1.103448275862069,0.036036036036036036,20.59375,0.6153846153846154,0.3611111111111111,1.0,0.5135984300882255,0.22560418434226356,0.9978747081690988,1.0,74.7
цезарь,1,118,1810,60,109,113,40,18,1.027027027027027,0.033516483516483515,15.903508771929825,1.3555555555555556,0.4523809523809524,1.0,0.4884600895451565,0.24514305167799022,0.9999987031282708,1.0,74.7
минеральная вода газированная,3,179,4123,148,174,194,59,33,1.1079545454545454,0.03605129445923058,21.15897435897436,2.328125,0.5573770491803278,1.0,0.5137468418617015,0.22372269544779858,0.9999999999225393,1.0,74.7
матча,1,57,343,8,48,52,13,2,1.06,0.025495750708215296,6.528301886792453,0.5,0.2,1.0,0.39945338540050934,0.3433683321682279,0.9932620530009145,1.0,74.7
овощная смесь,2,43,859,30,41,42,40,15,1.0,0.03567318757192175,20.046511627906977,0.6888888888888889,0.38095238095238093,1.0,0.5100557899685929,0.22750492566283076,0.998980954515051,1.0,74.7
лосось слабосоленая,2,38,691,24,36,36,46,12,0.9736842105263158,0.03566333808844508,18.756756756756758,0.49019607843137253,0.2708333333333333,1.0,0.5099592665138194,0.23232720465509119,0.9925680037668572,1.0,74.7
плавленый сыр,2,137,4045,149,135,141,116,49,1.0364963503649636,0.036991368680641186,28.507042253521128,1.2396694214876034,0.423728813559322,1.0,0.5228037149180824,0.20479266404416002,0.999995867773594,1.0,74.6
чай черный в пакетиках,4,105,2609,95,96,102,60,32,1.0510204081632653,0.03665521191294387,25.359223300970875,1.476923076923077,0.532258064516129,1.0,0.5195846507262187,0.21185381608582554,0.9999996146950619,1.0,74.6
соки детские,2,32,722,26,25,27,45,16,1.037037037037037,0.036885245901639344,25.892857142857142,0.54,0.3617021276595745,1.0,0.5217898113980663,0.21056394544545007,0.9954834190573874,1.0,74.6
фруктовое пюре,2,53,2102,81,51,54,109,36,1.0377358490566038,0.038825757575757576,38.27272727272727,0.7192982456140351,0.3333333333333333,1.0,0.5399937264846524,0.18884115399977874,0.9992481565667378,1.0,74.6
горбуша,1,119,2238,77,110,115,63,17,1.0357142857142858,0.03469750889679715,19.31896551724138,1.1470588235294117,0.27692307692307694,1.0,0.5004013375299419,0.23016257278580254,0.9999895675376698,1.0,74.6
meine liebe,2,63,679,29,56,41,34,17,0.7241379310344828,0.04354136429608128,16.238095238095237,0.7692307692307693,0.5,0.9051724137931034,0.5813949001447851,0.2434554035815639,0.999543676099419,1.0,74.6
салфетки бумажные,2,646,9614,320,592,598,42,27,1.0084175084175084,0.033354114713216955,16.0550918196995,6.829787234042553,0.6363636363636364,1.0,0.4867962269518846,0.24437147628345876,1.0,1.0,74.6
антиперспирант женский,2,32,806,29,32,33,61,22,1.0,0.03676470588235294,23.794117647058822,0.45454545454545453,0.36507936507936506,1.0,0.5206355513046292,0.21589291460710056,0.9893846535380233,1.0,74.5
lays чипсы,2,35,878,31,34,35,39,22,1.0,0.036036036036036036,24.47222222222222,0.7272727272727273,0.5609756097560976,1.0,0.5135984300882255,0.21409366055121076,0.9993057839070014,1.0,74.5
прокладки женские,2,495,12218,440,455,460,68,43,1.0087527352297594,0.03606476938174681,26.509761388286336,6.041095890410959,0.6285714285714286,1.0,0.5138778686777301,0.2091231338541498,1.0,1.0,74.5
колготки,1,92,1472,50,80,82,97,29,1.0121951219512195,0.03441295546558704,17.771084337349397,0.5,0.30303030303030304,1.0,0.49754998132120565,0.2363820263382043,0.9932620530009145,1.0,74.5
фундук,1,42,672,22,41,43,48,9,1.0232558139534884,0.03372434017595308,15.340909090909092,0.4339622641509434,0.2,1.0,0.4905822150492536,0.24811332507472408,0.9869585514236433,1.0,74.5
вода минеральная газированная,3,47,888,30,41,43,46,14,1.0232558139534884,0.034521158129175944,20.25,0.6078431372549019,0.3125,1.0,0.4986361342577418,0.22678869133702298,0.9977082312337602,1.0,74.5
зубная щетка детская,3,64,1268,43,61,63,50,11,1.0158730158730158,0.03442879499217527,19.859375,0.8,0.23076923076923078,1.0,0.49770912752047247,0.22817380499360662,0.9996645373720975,1.0,74.5
крупы,1,50,2172,85,46,46,115,44,0.9791666666666666,0.03941338221814849,46.276595744680854,0.7166666666666667,0.38461538461538464,1.0,0.5453683027279459,0.179757369803084,0.9992281085809007,1.0,74.5
lays,1,156,3866,137,141,145,41,35,1.020979020979021,0.03560371517027864,26.5,3.0,0.8372093023255814,1.0,0.5093745647958603,0.20914552761453564,0.9999999999999064,1.0,74.4
вода газированная,2,448,9406,324,408,418,92,57,1.0219512195121951,0.03451571792693288,22.455847255369928,3.350515463917526,0.6170212765957447,1.0,0.49858158087344107,0.21968965411267044,0.9999999999999972,1.0,74.4
булочки,1,86,1793,60,83,89,70,21,1.0588235294117647,0.03383250138657792,19.955555555555556,0.8133333333333334,0.3055555555555556,1.0,0.49168300887474015,0.22782879188683894,0.9997064120585237,1.0,74.4
салат,1,1013,26602,963,931,951,249,141,1.0203644158628082,0.036224259732451525,27.946428571428573,3.795275590551181,0.5657370517928287,1.0,0.5154260339749683,0.2059599260862121,1.0,1.0,74.4
замороженные овощи,2,158,6819,265,146,151,228,82,1.027027027027027,0.03895153023868795,44.88157894736842,1.1416309012875536,0.36086956521739133,1.0,0.5411493966378444,0.18116456853617646,0.9999889856216158,1.0,74.4
рисовая бумага,2,32,159,26,27,26,47,1,0.9310344827586207,0.15976331360946747,6.0,0.5192307692307693,0.04081632653061224,1.0,0.9590443814181666,0.3562071871080222,0.994440836837047,0.4081632653061224,74.4
zero,1,73,1240,41,65,66,31,15,1.0,0.0336,18.55223880597015,1.1666666666666667,0.48484848484848486,1.0,0.4893138166338121,0.23314034487118687,0.9999914250608973,1.0,74.4
миндаль,1,122,2362,79,111,113,99,14,1.008849557522124,0.03372681281618887,20.74561403508772,0.7692307692307693,0.1485148514851485,1.0,0.4906074065645908,0.22509075165427636,0.999543676099419,1.0,74.3
заменитель сахара,2,30,655,25,28,30,82,10,1.0333333333333334,0.039097744360902256,21.225806451612904,0.2988505747126437,0.13095238095238096,1.0,0.5424892453989,0.22350544834136782,0.9496373649609221,1.0,74.3
томат,1,93,2031,69,90,91,91,33,1.0,0.034296913277805,22.108695652173914,0.7291666666666666,0.3655913978494624,1.0,0.49638251910816633,0.22073281891925542,0.9993188082135133,1.0,74.3
кофе в капсулах nespresso,4,35,1186,41,33,44,57,25,1.2857142857142858,0.03511705685618729,26.42222222222222,0.6774193548387096,0.4406779661016949,1.0,0.5045759106868641,0.20932441541473512,0.9988571081846506,1.0,74.3
вафли,1,307,6991,241,279,295,67,36,1.0533807829181494,0.03456649050135695,23.62837837837838,3.361111111111111,0.5362318840579711,1.0,0.49909048852424975,0.21634486616635662,0.9999999999999974,1.0,74.3
колготки женские,2,131,2196,72,113,112,109,38,0.9826086956521739,0.03309156844968268,19.460176991150444,0.6403508771929824,0.35135135135135137,1.0,0.48409434480843283,0.22963448032182415,0.9983442625361832,1.0,74.2
фрутоняня пюре,2,131,4062,143,125,137,77,48,1.0866141732283465,0.03536345776031434,29.456521739130434,1.7560975609756098,0.620253164556962,1.0,0.507011363650584,0.20289411063334206,0.9999999763753602,1.0,74.2
тюльпаны букет,2,38,339,9,36,37,23,7,1.0,0.02865329512893983,9.0,0.35714285714285715,0.32,1.0,0.4362057520142457,0.30102999566398114,0.971884340251028,1.0,74.2
оливковое масло,2,383,6737,214,360,381,197,27,1.0552486187845305,0.03186601452497406,17.643979057591622,1.0643564356435644,0.1407035175879397,1.0,0.471292690544423,0.236931010314317,0.9999761461363641,1.0,74.2
конфеты без сахара,3,96,1504,47,90,90,26,17,0.9891304347826086,0.031704095112285335,16.560439560439562,1.5483870967741935,0.6428571428571429,1.0,0.46957775569008575,0.24188142808871488,0.9999998114440332,1.0,74.2
пюре детское фруктовое,3,58,2052,74,54,55,110,39,1.0,0.036372453928225024,36.69642857142857,0.6521739130434783,0.35714285714285715,1.0,0.5168601286638048,0.19097250286498496,0.998528891573113,1.0,74.1
каша безмолочная детская,3,57,1774,58,53,79,42,32,1.4545454545454546,0.033071748878923765,22.2125,1.2553191489361701,0.75,1.0,0.48388980369918133,0.2204182212882819,0.9999964663933311,1.0,74.1
суфле,1,51,1005,32,49,53,53,11,1.0588235294117647,0.03251231527093596,18.666666666666668,0.5689655172413793,0.21818181818181817,1.0,0.4780827901086113,0.23268365079305167,0.9966192414527871,1.0,74.1
ополаскиватель для белья,3,99,2829,97,98,99,79,40,1.0,0.03451919690031701,28.32,1.1666666666666667,0.5061728395061729,1.0,0.49861646808639926,0.20517815502996287,0.9999914250608973,1.0,74.1
вода без газа,3,45,1034,37,39,41,96,22,1.024390243902439,0.03639846743295019,24.69047619047619,0.37623762376237624,0.23469387755102042,1.0,0.5171114265132769,0.21353095587042126,0.9767715216411598,1.0,74.1
сыр плавленый,2,399,11993,419,372,396,119,84,1.0614973262032086,0.03499125218695326,30.216624685138537,3.3870967741935485,0.7024793388429752,1.0,0.5033278078999988,0.20144059644533932,0.999999999999998,1.0,74.1
детская вода,2,124,2864,96,117,121,136,27,1.0252100840336134,0.0337508698677801,23.5,0.6879432624113475,0.2028985507246377,1.0,0.49085243729070493,0.21669834806086988,0.9989712724451671,1.0,74.1
соевый соус без сахара,4,33,501,20,32,33,88,8,1.0,0.0410958904109589,14.823529411764707,0.22580645161290322,0.1,1.0,0.5604121995072768,0.2510040462234085,0.8954473509853429,1.0,74.1
средство для мытья посуды,4,235,5656,190,226,233,106,44,1.0263157894736843,0.033709848217437346,24.183760683760685,1.7207207207207207,0.4166666666666667,1.0,0.4904345444217876,0.21484945633462862,0.9999999663484664,1.0,74.1
пятновыводитель,1,52,915,29,47,48,48,14,1.0,0.032432432432432434,18.73469387755102,0.5660377358490566,0.3,1.0,0.4772482790912317,0.2324142461802957,0.9965187970111854,1.0,74.1
подгузники трусики l,3,58,1094,34,51,56,39,16,1.0754716981132075,0.03170289855072464,19.24561403508772,0.7954545454545454,0.4146341463414634,1.0,0.4695650618808276,0.23043930402072896,0.9996489372075206,1.0,74.0
пельмени,1,1113,25582,849,1026,1051,117,75,1.0233463035019454,0.033213504220068774,24.320342205323193,6.967213114754099,0.6386554621848739,1.0,0.48535095899369984,0.21448986277131638,1.0,1.0,74.0
вода питьевая 5л,3,70,1507,49,62,74,103,18,1.171875,0.03295978905735003,20.133333333333333,0.46296296296296297,0.18095238095238095,1.0,0.48273283673464706,0.22719793606001454,0.9902416273547822,1.0,74.0
мармеладки,1,48,1193,39,44,47,48,19,1.0434782608695652,0.03325020781379884,24.916666666666668,0.7547169811320755,0.4,1.0,0.4857286097516348,0.21295588376434324,0.9994723987729063,1.0,74.0
вода 5 литров,3,113,2069,66,99,106,116,12,1.0594059405940595,0.03222703222703223,19.364485981308412,0.5537190082644629,0.11016949152542373,1.0,0.4750963959280451,0.22999167343104246,0.9960624244300434,1.0,74.0
новотерская,1,76,12,2,70,7,4,2,0.1111111111111111,0.13636363636363635,1.875,0.3333333333333333,0.5,0.1388888888888889,0.9346025967701398,0.6563566358587778,0.9643260066527476,1.0,73.9
овощи замороженные,2,260,9487,335,240,245,128,72,1.0165289256198347,0.03537959355585975,38.577235772357724,2.526315789473684,0.5615384615384615,1.0,0.5071704332589035,0.18844461582964797,0.9999999999893254,1.0,73.9
индейка,1,886,26027,882,827,860,257,71,1.0386007237635706,0.03391327725928486,30.232288037166086,3.3702290076335877,0.277992277992278,1.0,0.49250354087579495,0.2014112338081115,0.9999999999999977,1.0,73.9
минеральная вода,2,379,9355,307,360,363,95,51,1.0055248618784531,0.032888414308595834,25.708791208791208,3.08,0.5360824742268041,1.0,0.48199391317895646,0.2110041723369023,0.9999999999999579,1.0,73.9
ромашка,1,40,612,18,37,37,32,4,0.9743589743589743,0.03054662379421222,16.18421052631579,0.5135135135135135,0.14705882352941177,1.0,0.4571555563561496,0.243723411213788,0.9941137439885384,1.0,73.9
детское печенье,2,71,2161,73,71,72,55,25,1.0,0.03408567480423768,29.643835616438356,1.2333333333333334,0.45614035087719296,1.0,0.4942503505607294,0.2025306208291153,0.99999559747947,1.0,73.9
питьевой йогурт,2,45,1569,55,43,45,105,29,1.0222222222222221,0.03546548448385054,34.17391304347826,0.509090909090909,0.2803738317757009,1.0,0.5080162983061335,0.1946876008505891,0.9938475757688632,1.0,73.9
чай в пакетиках,3,473,15135,516,437,474,101,77,1.082004555808656,0.0341366787718719,31.869473684210526,4.877358490566038,0.7572815533980582,1.0,0.4947659922932943,0.19846481706029795,1.0,1.0,73.9
чулки,1,41,118,5,40,24,16,4,0.5952380952380952,0.046875,4.84,0.2857142857142857,0.2777777777777778,0.7440476190476191,0.608394373323201,0.3927778569972656,0.9425673807323827,1.0,73.8
зеленый чай,2,32,749,24,31,32,50,15,1.0,0.03293807641633729,22.78787878787879,0.45454545454545453,0.3076923076923077,1.0,0.4825081632311532,0.21871525796335284,0.9893846535380233,1.0,73.8
масло,1,461,10551,339,425,438,183,59,1.0281030444964872,0.03219392103020547,24.04100227790433,1.8085106382978724,0.32432432432432434,1.0,0.47474867707588886,0.21522870490260776,0.9999999860125646,1.0,73.8
хлопья,1,172,5258,178,156,162,91,53,1.0316455696202531,0.03397873955960516,32.2760736196319,1.8645833333333333,0.5806451612903226,1.0,0.49316754382171735,0.19776864328689617,0.9999999920160562,1.0,73.8
капсулы nespresso,2,90,3774,121,82,158,64,41,1.8928571428571428,0.03224101479915433,23.754716981132077,1.7681159420289856,0.6363636363636364,1.0,0.4752431654549554,0.21599991040067645,0.9999999790506752,1.0,73.8
икра красная,2,166,3243,99,160,169,42,27,1.0493827160493827,0.03074085459575776,19.094117647058823,2.127659574468085,0.6363636363636364,1.0,0.4592602080557123,0.23101616980942902,0.9999999994249682,1.0,73.8
прокладки,1,279,6867,224,247,253,62,40,1.0200803212851406,0.032717754834957105,27.04724409448819,3.3582089552238807,0.640625,1.0,0.4802228394709145,0.2079094097576111,0.9999999999999974,1.0,73.8
чистая линия,2,32,575,18,31,32,46,12,1.0,0.03247863247863248,17.515151515151516,0.37254901960784315,0.2708333333333333,1.0,0.47773107907620804,0.23749390068536755,0.9758987168238296,1.0,73.8
овощи свежие,2,136,7381,265,126,141,286,117,1.109375,0.03598971722365039,52.0,0.9140893470790378,0.4097222222222222,1.0,0.513147630454211,0.1745834300480449,0.9998928084857729,1.0,73.8
нарезка,1,165,7711,276,148,156,236,81,1.0466666666666666,0.035876181841730345,49.13375796178344,1.1493775933609958,0.3445378151260504,1.0,0.5120408749763975,0.17706290085459933,0.9999898066594037,1.0,73.8
йогурт,1,1416,70202,2503,1327,1383,376,262,1.0413844996237773,0.03566341935851421,50.72615606936416,6.572178477690288,0.6957671957671958,1.0,0.5099600630260579,0.1756598021286003,1.0,1.0,73.7
растительное молоко,2,75,1727,54,73,73,54,20,0.9866666666666667,0.03166378814047208,23.37837837837838,0.9322033898305084,0.375,1.0,0.4691499890044436,0.2170360136745255,0.9999105681699483,1.0,73.7
фисташки,1,205,3109,89,184,193,52,10,1.043010752688172,0.028855402372555305,16.04123711340206,1.5789473684210527,0.2037037037037037,1.0,0.43848009034358293,0.24444151202543649,0.9999998610947352,1.0,73.7
вода негазированная,2,281,6850,220,254,262,115,62,1.02734375,0.03221574344023324,26.05703422053232,1.8416666666666666,0.5384615384615384,1.0,0.47497787205111297,0.21017535365770315,0.9999999899597786,1.0,73.7
чай зеленый,2,72,1569,48,69,70,50,24,1.0,0.03103229892336922,22.140845070422536,0.8909090909090909,0.4807692307692308,1.0,0.46240295071389725,0.220635137516841,0.9998648453539833,1.0,73.7
окорочка куриные,2,53,943,38,50,50,170,20,0.9807692307692307,0.040923399790136414,18.54901960784314,0.22285714285714286,0.12209302325581395,1.0,0.5588930852319801,0.23315325767134124,0.8923178480459983,1.0,73.7
joonies,1,50,547,14,46,47,23,8,1.0,0.026929982046678635,11.458333333333334,0.5357142857142857,0.36,1.0,0.41643511917427667,0.2747978112707542,0.9952856435264508,1.0,73.7
курица,1,1981,57837,1914,1775,1818,419,194,1.023635340461452,0.03310456894912441,31.797691039032436,4.5165094339622645,0.46318289786223277,1.0,0.48422846799463926,0.19858912958897965,1.0,1.0,73.7
rex,1,38,644,19,32,32,30,13,0.9705882352941176,0.03058103975535168,19.606060606060606,0.5714285714285714,0.4375,1.0,0.4575290780558635,0.22909524152593974,0.996701494244061,1.0,73.7
трубочки,1,83,836,21,71,72,21,6,1.0,0.026004728132387706,11.493150684931507,0.8461538461538461,0.30434782608695654,1.0,0.40553566880892034,0.27449410730443347,0.9997885534820227,1.0,73.6
mirel,1,32,567,16,26,31,23,11,1.1428571428571428,0.029462738301559793,17.8125,0.6071428571428571,0.48,1.0,0.4452594577754402,0.23620449552647885,0.9976921261081956,1.0,73.6
гель для душа мужской,4,66,1544,48,62,63,56,23,1.0,0.03153153153153153,24.171875,0.8032786885245902,0.41379310344827586,1.0,0.4677439618141531,0.21488089851836004,0.999675357793531,1.0,73.6
для унитаза,2,78,2143,69,72,73,93,29,1.0,0.032512772875058056,29.0,0.7142857142857143,0.3157894736842105,1.0,0.4780875667160861,0.2037950470905062,0.99920950967688,1.0,73.6
перчатки нитриловые,2,33,201,4,32,31,11,1,0.9411764705882353,0.023696682464454975,6.375,0.3125,0.15384615384615385,1.0,0.3774514422632661,0.34690385971352916,0.9560630663765926,1.0,73.6
сливочный сыр,2,87,1979,62,81,84,113,21,1.0240963855421688,0.03167420814479638,23.31764705882353,0.5338983050847458,0.19130434782608696,1.0,0.46926060666588076,0.2172056531379236,0.995199249652298,1.0,73.6
royal canin для собак,4,50,1546,46,47,79,66,24,1.6326530612244898,0.030205655526992288,19.3625,0.6619718309859155,0.36764705882352944,1.0,0.4534410508796628,0.22999911621993754,0.9986661933871274,1.0,73.6
dove,1,34,653,20,32,33,49,12,1.0,0.03167420814479638,19.294117647058822,0.3888888888888889,0.2549019607843137,1.0,0.46926060666588076,0.23025612922863672,0.9795319242856495,1.0,73.6
хоеб,1,91,2474,91,91,90,300,48,0.978494623655914,0.037037037037037035,27.21978021978022,0.3016393442622951,0.16225165562913907,1.0,0.5232393713310302,0.20752765705798118,0.9510224594770216,1.0,73.6
нарезка мясная,2,44,1404,45,43,45,70,22,1.0222222222222221,0.03253182461103253,30.58695652173913,0.6133333333333333,0.3194444444444444,1.0,0.47828639559094266,0.2007525397025434,0.997830662230462,1.0,73.5
без сахара напиток,3,35,660,19,35,36,37,12,1.0,0.029850746268656716,17.91891891891892,0.47619047619047616,0.3333333333333333,1.0,0.4495476726415134,0.23575132287907255,0.991450690520314,1.0,73.5
мороженое коровка из кореновки,4,34,403,14,33,34,64,9,1.0,0.03631961259079903,11.6,0.21739130434782608,0.15151515151515152,1.0,0.5163492636241289,0.27357147735340315,0.8862682920687912,1.0,73.5
малина замороженная,2,68,1086,29,65,75,39,5,1.1343283582089552,0.02737226277372263,14.328947368421053,0.6818181818181818,0.14634146341463414,1.0,0.42157434585073517,0.25392396794521643,0.9989062923249975,1.0,73.5
тарталетки,1,115,806,17,101,107,27,4,1.0485436893203883,0.022058823529411766,7.4907407407407405,0.5625,0.1724137931034483,1.0,0.35672082329880284,0.3240555766513856,0.9963934368639843,1.0,73.5
хлеб без глютена,3,38,627,18,36,38,43,11,1.0263157894736843,0.029827315541601257,16.153846153846153,0.3958333333333333,0.26666666666666666,1.0,0.4492896622277316,0.24387506661900915,0.9809050873599727,1.0,73.5
весы напольные,2,32,367,11,29,29,39,8,0.967741935483871,0.03183023872679045,12.333333333333334,0.2727272727272727,0.21951219512195122,1.0,0.4709142566527974,0.26759679071198955,0.9346025967701398,1.0,73.5
fleur alpine,2,67,1949,62,63,63,57,35,0.9846153846153847,0.03215926493108729,30.5,1.0161290322580645,0.6101694915254238,1.0,0.47438448763843244,0.2009129515257043,0.9999613626186971,1.0,73.5
орехи грецкие,2,34,687,20,33,41,48,5,1.2,0.03012912482065997,16.428571428571427,0.39622641509433965,0.12,1.0,0.45260383947073957,0.24251934437118158,0.9809799986510731,1.0,73.5
творог,1,2552,84193,2767,2291,2359,637,240,1.0292193632795466,0.03287293801883543,35.67627118644068,4.311526479750778,0.37715179968701096,1.0,0.48183355211634804,0.1924270316691608,1.0,1.0,73.5
кофе капсулы,2,51,1499,48,50,50,95,28,0.9807692307692307,0.032471835652750164,29.45098039215686,0.49,0.29896907216494845,1.0,0.4776600788321691,0.2029049177815011,0.9925534169290756,1.0,73.5
градусник,1,60,843,25,54,55,72,7,1.0,0.03048065650644783,15.107142857142858,0.33766233766233766,0.10810810810810811,1.0,0.4564388841784063,0.24939965131965336,0.9658373855176982,1.0,73.4
носки мужские,2,70,815,22,63,63,54,13,0.9846153846153847,0.027878787878787878,12.78125,0.3898305084745763,0.25,1.0,0.4274045070643838,0.26422628359346734,0.9797237511384265,1.0,73.4
тирамису,1,67,570,12,64,69,19,4,1.0606060606060606,0.022413793103448276,8.185714285714285,0.5416666666666666,0.23809523809523808,1.0,0.3612715412280426,0.3125593950383827,0.9955580715740657,1.0,73.4
вишня,1,95,2247,68,89,92,112,24,1.021978021978022,0.030571555161719097,24.193548387096776,0.5897435897435898,0.21929824561403508,1.0,0.45742616597033636,0.21482358215522984,0.9972535219506388,1.0,73.4
весы,1,31,442,16,26,27,70,10,1.0,0.03761061946902655,15.892857142857142,0.22666666666666666,0.1527777777777778,1.0,0.5286773508176172,0.24519771381224292,0.8963428713884721,1.0,73.4
подарочный пакет,2,133,3521,109,120,121,65,30,1.0,0.03115264797507788,28.885245901639344,1.5714285714285714,0.4626865671641791,1.0,0.46369538056450665,0.20402494251253125,0.9999998502480704,1.0,73.4
минералка,1,77,2308,70,72,87,88,27,1.1891891891891893,0.030629853321829163,26.261363636363637,0.7634408602150538,0.3111111111111111,1.0,0.4580584184321125,0.2096969830432265,0.999516475514495,1.0,73.3
блин,1,32,963,32,31,31,87,18,0.9696969696969697,0.03391572456320658,30.1875,0.358695652173913,0.21348314606741572,1.0,0.49252838022938894,0.20149525577899824,0.9723175467099472,1.0,73.3
мороженое пломбир,2,192,7405,238,181,189,222,74,1.0382513661202186,0.03223196223870533,38.98947368421052,1.052863436123348,0.33482142857142855,1.0,0.47514814899447744,0.18791523200131097,0.9999732408573373,1.0,73.3
соус томатный,2,51,1212,36,50,50,58,10,0.9807692307692307,0.030278232405891982,23.823529411764707,0.5873015873015873,0.18333333333333332,1.0,0.45423382622210395,0.21581322421834984,0.9971856272686876,1.0,73.3
семга охлажденная,2,36,265,10,36,37,68,7,1.0,0.04,7.052631578947368,0.1506849315068493,0.11428571428571428,1.0,0.5506710358827784,0.332285489953451,0.7783929066830972,1.0,73.2
пиво,1,235,3321,86,219,225,59,17,1.0226244343891402,0.02611828279795857,14.70796460176991,1.359375,0.29508196721311475,1.0,0.40688422085196463,0.25167208752550896,0.9999987517275468,1.0,73.2
фрукты свежие,2,249,13701,453,242,262,284,138,1.0778688524590163,0.03311209977390416,52.106463878327,1.5709342560553634,0.486013986013986,1.0,0.4843061458453879,0.17449523347473217,0.999999849505991,1.0,73.2
сахар,1,965,8386,849,905,917,464,22,1.0121278941565601,0.10123868508813721,9.138344226579521,1.812366737739872,0.04935622317596566,1.0,0.8679762834581116,0.2992443945727976,0.9999999865416671,0.49356223175965663,73.2
ролик для чистки одежды,4,37,109,8,37,37,38,1,0.9743589743589743,0.07563025210084033,2.9473684210526314,0.20930232558139536,0.05,1.0,0.7796647528911089,0.5048232894287863,0.8766862373493297,0.5,73.2
для туалета,2,32,852,26,30,31,57,17,1.0,0.031322505800464036,26.71875,0.43548387096774194,0.3050847457627119,1.0,0.46551420013597233,0.20864672530927636,0.9871554888875439,1.0,73.2
памперсы трусики 4,3,69,1630,44,58,90,46,22,1.5166666666666666,0.027439024390243903,17.945054945054945,0.8823529411764706,0.4791666666666667,1.0,0.42234616309256634,0.23564068027877721,0.9998527721854185,1.0,73.2
chikalab,1,62,1064,29,55,57,27,18,1.0175438596491229,0.027932960893854747,18.396551724137932,0.9375,0.6551724137931034,1.0,0.42802455559006747,0.23376893808551083,0.9999151817647536,1.0,73.2
свечки на торт,3,34,572,16,31,31,36,8,0.9696969696969697,0.029209621993127148,17.96875,0.4146341463414634,0.23684210526315788,1.0,0.4424440599933387,0.23554059251850362,0.9841778031894195,1.0,73.2
тонометр,1,67,829,23,42,42,40,5,0.9772727272727273,0.028605482717520857,19.348837209302324,0.5333333333333333,0.14285714285714285,1.0,0.43566636691151595,0.23005035250922692,0.9951720500061686,1.0,73.2
постельное белье 1 5 спальное,5,32,326,8,26,27,21,5,1.0,0.026785714285714284,11.75,0.34615384615384615,0.2608695652173913,1.0,0.41474889569258766,0.2722996131660399,0.968618554285743,1.0,73.1
royal canin для кошек,4,97,2906,83,84,127,80,37,1.4883720930232558,0.02880658436213992,22.7265625,0.9882352941176471,0.4634146341463415,1.0,0.43793157691785445,0.2188935233380769,0.9999489320235511,1.0,73.1
viola,1,31,776,24,29,32,67,19,1.064516129032258,0.031806615776081425,23.606060606060606,0.3472222222222222,0.2898550724637681,1.0,0.47066422626417415,0.21640610155927745,0.9689520415206704,1.0,73.1
стейк говядина,2,136,2611,72,126,131,40,28,1.03125,0.027851964898893553,19.803030303030305,1.6222222222222222,0.6904761904761905,1.0,0.4270972503084428,0.22837714926389305,0.9999999098888764,1.0,73.1
snaq fabriq,2,90,2173,59,82,117,34,22,1.4047619047619047,0.027485112230874943,18.440677966101696,1.5384615384615385,0.6388888888888888,1.0,0.42287837412981544,0.23358992106526955,0.9999997917684977,1.0,73.1
фильтр для воды барьер,4,54,1381,29,52,152,41,7,2.8333333333333335,0.021567217828900073,9.045751633986928,0.6521739130434783,0.18604651162790697,1.0,0.35036483388976414,0.30043440348193984,0.998528891573113,1.0,73.0
смесь замороженная,2,67,2124,64,64,65,101,25,1.0,0.030459231490159326,32.22727272727273,0.6132075471698113,0.2524271844660194,1.0,0.4562059181537568,0.19785149197598112,0.9978279317868077,1.0,73.0
спрей для носа,3,41,926,26,36,41,53,13,1.105263157894737,0.028846153846153848,22.11904761904762,0.46551724137931033,0.2545454545454545,1.0,0.4383762161028545,0.22070134168213543,0.990487726946506,1.0,73.0
протеиновые печенья,2,39,870,26,35,38,70,17,1.054054054054054,0.03068181818181818,22.384615384615383,0.36,0.25,1.0,0.4586213642156206,0.21990163470762678,0.9726762775527075,1.0,73.0
багет с чесноком,3,51,630,16,51,52,44,7,1.0,0.0265625,11.943396226415095,0.3469387755102041,0.17391304347826086,1.0,0.4121303268776535,0.2706986830095654,0.9688639122624736,1.0,73.0
для посуды,2,40,1076,32,38,39,71,15,1.0,0.03038674033149171,26.975,0.4342105263157895,0.2191780821917808,1.0,0.4554169410919522,0.2080703745969303,0.9869908882495455,1.0,73.0
патчи,1,38,223,5,34,34,21,3,0.9722222222222222,0.02575107296137339,6.457142857142857,0.23076923076923078,0.17391304347826086,1.0,0.4025122271453615,0.34499140006452306,0.9005094195051416,1.0,73.0
для мытья посуды,3,129,3542,102,126,132,100,40,1.0390625,0.028997747747747746,26.654135338345863,0.9809523809523809,0.4019607843137255,1.0,0.4400764122194143,0.2087934039915884,0.9999450740041914,1.0,73.0
колбаса сырокопченая,2,200,4896,141,181,182,102,40,1.0,0.028944150020383204,26.770491803278688,1.3271028037383177,0.3942307692307692,1.0,0.439475877768045,0.20852966306537032,0.9999982762838361,1.0,73.0
пюре фруктовое,2,205,7840,244,194,195,132,65,1.0,0.031210191082802548,40.015306122448976,1.7883211678832116,0.4925373134328358,1.0,0.46431223822714074,0.18663365272746124,0.9999999828833075,1.0,73.0
футболка мужская,2,51,310,7,47,46,28,4,0.9591836734693877,0.025,6.659574468085107,0.24242424242424243,0.16666666666666666,1.0,0.3934693402873666,0.34045285568730466,0.9114548266837113,1.0,72.9
дезодорант мужской,2,136,3175,89,123,126,73,33,1.016,0.0282574568288854,25.023622047244096,1.1538461538461537,0.4533333333333333,1.0,0.4317246102093135,0.2126867714637075,0.9999902521278564,1.0,72.9
гель для душа женский,4,59,1516,43,54,55,66,24,1.0,0.028833551769331587,27.125,0.6197183098591549,0.36764705882352944,1.0,0.4382346457414006,0.20773690375136813,0.9979648445984223,1.0,72.9
ветчина,1,658,19411,570,592,615,399,91,1.037037037037037,0.029401163688790484,31.516233766233768,1.4133663366336633,0.22942643391521197,1.0,0.4445758782688992,0.1990807145401365,0.9999992725083869,1.0,72.9
ессентуки 4 минеральная вода,4,44,691,20,44,44,69,8,0.9782608695652174,0.029957203994293864,15.422222222222222,0.28378378378378377,0.1267605633802817,1.0,0.45071842390091454,0.24767326706366155,0.9414478716043769,1.0,72.8
газированная вода,2,164,3754,101,152,162,89,40,1.0584415584415585,0.02709883103081828,23.049079754601227,1.0851063829787233,0.45054945054945056,1.0,0.418402482178321,0.21796418127472103,0.9999806160243334,1.0,72.7
шашлык,1,98,2040,53,93,102,66,26,1.0842105263157895,0.026341463414634145,19.83495145631068,0.7605633802816901,0.39705882352941174,1.0,0.4095257599698793,0.22826183594385657,0.9995023600840508,1.0,72.7
уксус 9%,2,33,237,24,32,37,65,2,1.1176470588235294,0.10121457489878542,6.315789473684211,0.35714285714285715,0.04477611940298507,1.0,0.8679126057704394,0.34830904812961233,0.971884340251028,0.4477611940298507,72.7
фрукты,1,302,14860,460,271,278,517,132,1.021978021978022,0.031002017484868864,53.272401433691755,0.8831417624521073,0.25626204238921,1.0,0.462077267862681,0.17354642767466455,0.9998539289812195,1.0,72.7
памперсы трусики 6,3,70,2150,58,67,91,83,19,1.3333333333333333,0.027314814814814816,23.402173913043477,0.6704545454545454,0.23529411764705882,1.0,0.4209093764483228,0.21696973340238732,0.9987746704546424,1.0,72.7
коктейль,1,43,1015,30,41,46,91,22,1.0930232558139534,0.03024390243902439,21.659574468085108,0.3229166666666667,0.24731182795698925,1.0,0.4538589748572156,0.2221210898268414,0.9604095228902189,1.0,72.7
кондиционер для белья,3,509,14194,393,478,481,98,61,1.0041666666666667,0.027738665164742327,29.45435684647303,3.825242718446602,0.62,1.0,0.42579758376112853,0.20289833239738886,1.0,1.0,72.6
батарейки,1,153,4450,125,137,140,198,43,1.014388489208633,0.028251121076233184,31.581560283687942,0.6206896551724138,0.22,1.0,0.4316525966006446,0.19896602177523506,0.997984517285493,1.0,72.6
маракуйя,1,52,826,20,50,54,45,5,1.0576923076923077,0.025119617224880382,15.072727272727272,0.42,0.1276595744680851,1.0,0.39491863627488877,0.24959173992900627,0.9850044231795223,1.0,72.6
тряпка,1,35,704,18,32,33,35,7,1.0,0.02661064425770308,20.794117647058822,0.475,0.21621621621621623,1.0,0.41269610542483093,0.22492801168021243,0.9913483047968794,1.0,72.6
подгузники трусики 4,3,97,2431,63,81,114,51,20,1.3855421686746987,0.026218762802130275,21.16521739130435,1.1428571428571428,0.39622641509433965,1.0,0.4080749495262759,0.22370235596536192,0.999989119859778,1.0,72.6
масло оливковое,2,322,7203,189,303,332,64,27,1.0918032786885246,0.026341328157493415,21.63963963963964,2.753623188405797,0.42424242424242425,1.0,0.40952416265057123,0.2221837553249707,0.9999999999989005,1.0,72.6
бумага,1,64,1535,44,60,64,122,19,1.0483870967741935,0.02912621359223301,23.661538461538463,0.3543307086614173,0.16129032258064516,1.0,0.4415131867954585,0.21625404795063582,0.9710824640213868,1.0,72.6
малина,1,199,3589,90,188,192,142,26,1.0157894736842106,0.025284801333703807,18.61139896373057,0.6190476190476191,0.1875,1.0,0.3969143344002378,0.23290367393033862,0.9979511491223317,1.0,72.6
пицца,1,674,18754,513,610,645,98,44,1.0555555555555556,0.027392879982946067,29.03560371517028,4.990291262135922,0.45,1.0,0.4218128071379299,0.20372400318175757,1.0,1.0,72.5
свинина,1,318,8797,238,289,303,254,60,1.0446735395189004,0.02713750425797661,28.94736842105263,0.9227799227799228,0.23828125,1.0,0.4188521533119929,0.20390031413796583,0.9999017307333086,1.0,72.5
капсулы кофе,2,44,1507,44,41,40,103,31,0.9534883720930233,0.02966381015161503,36.829268292682926,0.4166666666666667,0.3047619047619048,1.0,0.4474858323050972,0.19078759338948229,0.9844961464009907,1.0,72.5
кондиционер для стирки,3,43,1120,31,41,41,70,22,0.9767441860465116,0.02831858407079646,26.738095238095237,0.4266666666666667,0.3194444444444444,1.0,0.4324189278500882,0.20860291710804552,0.9859715331398649,1.0,72.5
креветки королевские,2,47,1114,24,46,83,23,10,1.75,0.02224199288256228,13.297619047619047,0.8928571428571429,0.44,1.0,0.35907309264538734,0.2605725343080514,0.9998674527574544,1.0,72.4
конфеты шоколадные подарочные,3,35,1136,28,32,56,54,14,1.6764705882352942,0.02530541012216405,19.982456140350877,0.4915254237288136,0.26785714285714285,1.0,0.3971628604766211,0.22773276505394127,0.992666146883552,1.0,72.4
чипсы,1,2187,86634,2500,1888,1968,111,104,1.0417989417989417,0.028865241678592862,44.00050787201625,21.560344827586206,0.9292035398230089,1.0,0.4385905787966752,0.18208736061789743,1.0,1.0,72.4
печенье детское,2,235,6489,174,221,231,71,28,1.0403587443946187,0.026927219572241885,27.982758620689655,2.3026315789473686,0.3972602739726027,1.0,0.41640287662228326,0.20588319404208566,0.9999999999000465,1.0,72.4
зарядка для iphone,3,200,6955,193,169,221,424,44,1.2982456140350878,0.027853553481694184,31.34234234234234,0.4522144522144522,0.1056338028169014,1.0,0.42711545208838275,0.19938778926953846,0.9891343030625493,1.0,72.3
помпа для воды 19л,4,44,221,10,39,39,50,3,0.975609756097561,0.047619047619047616,5.6,0.2,0.07692307692307693,1.0,0.6141786931708759,0.36731404212630187,0.8646647167633873,0.7692307692307693,72.3
скатерть,1,70,534,9,60,61,14,6,1.0,0.01838235294117647,8.661290322580646,0.5263157894736842,0.4375,1.0,0.3076384985461924,0.30560330856470513,0.9948210756294023,1.0,72.2
рыбные палочки,2,59,1672,43,57,62,87,15,1.0677966101694916,0.026159334126040427,26.58730158730159,0.4782608695652174,0.1797752808988764,1.0,0.4073709848103584,0.208945699055345,0.9916258750947202,1.0,72.2
консервы рыбные,2,68,2101,53,66,78,61,19,1.161764705882353,0.025580293699668404,26.632911392405063,0.8181818181818182,0.31746031746031744,1.0,0.4004679675467929,0.2088417033427194,0.9997203070550811,1.0,72.2
азбука вкуса готовая еда,4,47,1668,45,46,48,86,31,1.0208333333333333,0.027413587604290822,34.10204081632653,0.5054945054945055,0.36363636363636365,1.0,0.4220522151879189,0.1947995150531556,0.993622282823274,1.0,72.2
тоник для лица,3,46,799,18,42,45,31,9,1.0454545454545454,0.023485784919653894,17.434782608695652,0.5277777777777778,0.30303030303030304,1.0,0.3748200173070473,0.23784841381992072,0.9948962401112058,1.0,72.2
вода питьевая негазированная,3,73,2091,56,66,66,113,29,0.9852941176470589,0.027129938124702522,31.253731343283583,0.4830508474576271,0.2608695652173913,1.0,0.41876420581673623,0.19954526959870267,0.9920175386447929,1.0,72.2
готовый завтрак,2,35,1376,48,34,34,191,31,0.9722222222222222,0.03535353535353535,39.4,0.25,0.16580310880829016,1.0,0.5069135212668402,0.18739634448090986,0.9179150013761012,1.0,72.2
grass,1,30,352,10,25,26,44,9,1.0,0.03038674033149171,13.148148148148149,0.22448979591836735,0.21739130434782608,1.0,0.4554169410919522,0.26160606642278905,0.8940616501422685,1.0,72.2
говядина охлажденная,2,123,3079,76,120,122,116,39,1.0081967213114753,0.02492716089349304,25.056910569105693,0.6363636363636364,0.3389830508474576,1.0,0.3925851133542947,0.21260337755564468,0.9982769104743848,1.0,72.1
protein rex,2,33,598,14,32,32,32,10,0.9705882352941176,0.024671052631578948,18.21212121212121,0.40540540540540543,0.3235294117647059,1.0,0.38946585207073714,0.23452460595154528,0.9826481136308742,1.0,72.1
роял канин для кошек сухой,5,48,2674,64,44,118,69,31,2.5869565217391304,0.02421758569299553,22.49579831932773,0.8783783783783784,0.4507042253521127,1.0,0.3839035258675526,0.21957122262184825,0.9998468026783915,1.0,72.1
мясо охлажденное,2,126,6607,191,121,138,427,111,1.1300813008130082,0.02901617047000151,47.55395683453237,0.4444444444444444,0.26107226107226106,1.0,0.440282680551659,0.17852306904160686,0.9882563715429786,1.0,72.1
арахис,1,133,2752,65,124,136,80,13,1.0873015873015872,0.02389572773352643,20.10948905109489,0.7764705882352941,0.17073170731707318,1.0,0.37992482275367945,0.2272820378818951,0.9995755455591995,1.0,72.1
стиральный порошок,2,183,4614,116,176,179,195,39,1.0112359550561798,0.025302768166089964,25.65,0.585,0.20304568527918782,1.0,0.3971310062502048,0.21114581191751378,0.9971201008419117,1.0,72.1
село зеленое,2,38,726,18,34,34,45,13,0.9722222222222222,0.025815217391304348,20.82857142857143,0.38,0.2978723404255319,1.0,0.40327824593352657,0.22481277423654827,0.9776292281438344,1.0,72.1
удлинитель,1,69,1791,42,58,80,43,19,1.35,0.02387562465297057,22.14814814814815,0.8958333333333334,0.4444444444444444,1.0,0.37967546420351106,0.22061297911352057,0.9998713394906793,1.0,72.0
вода питьевая,2,547,15979,411,500,509,207,88,1.0159362549800797,0.025767715304271688,31.337254901960783,1.9433962264150944,0.4258373205741627,1.0,0.4027110659799529,0.19939681231884773,0.9999999963697426,1.0,72.0
yokosun,1,52,1234,30,47,47,47,18,0.9795918367346939,0.02491961414790997,25.770833333333332,0.5961538461538461,0.3877551020408163,1.0,0.392493426322824,0.2108552436056616,0.9974240540717293,1.0,72.0
вода,1,2080,61172,1581,1835,1879,529,144,1.0234077299945563,0.02585727828446275,32.53989361702128,2.9625468164794007,0.2730696798493409,1.0,0.4037800078572523,0.1973240410139176,0.9999999999998639,1.0,72.0
швабра для мытья полов,4,81,658,14,71,72,51,9,1.0,0.02245508982035928,9.054794520547945,0.26785714285714285,0.18867924528301888,1.0,0.36179887119499987,0.30031728274993946,0.931338828486915,1.0,71.9
швабра,1,132,2085,46,112,112,65,15,0.9912280701754386,0.02243436754176611,18.47787610619469,0.6714285714285714,0.23880597014925373,1.0,0.36153431674528513,0.2334395384228758,0.9987865475458043,1.0,71.9
орехи,1,406,11225,279,374,385,250,55,1.0265957446808511,0.024922118380062305,29.088082901554404,1.0980392156862746,0.2222222222222222,1.0,0.39252385231077147,0.20361952929157043,0.9999829675831621,1.0,71.9
зубная щетка,2,237,6808,169,222,227,161,29,1.0178571428571428,0.024933998239953067,29.87280701754386,1.0240963855421688,0.18404907975460122,1.0,0.3926681697958081,0.202091045892425,0.9999643215557985,1.0,71.9
красная икра,2,34,624,15,32,31,41,7,0.9411764705882353,0.025236593059936908,19.59375,0.34782608695652173,0.18604651162790697,1.0,0.39633257961392265,0.2291405007066985,0.9691389642444272,1.0,71.9
форма для выпечки,3,95,981,18,89,89,31,7,0.989010989010989,0.01917255297679112,10.933333333333334,0.5277777777777778,0.24242424242424243,1.0,0.3184945695752852,0.2795697279687315,0.9948962401112058,1.0,71.9
колбаса,1,1896,78218,2072,1741,1835,395,181,1.0533562822719449,0.026499463107838624,42.604030501089326,5.1825,0.45843828715365237,1.0,0.4113887099398239,0.18360787149262534,1.0,1.0,71.9
паста зубная,2,129,3807,94,123,124,106,36,1.0,0.02488865601257532,30.48,0.8558558558558559,0.3425925925925926,1.0,0.39211716443668887,0.20094994522094478,0.9998081042992042,1.0,71.9
орешки со сгущенкой,3,37,323,21,36,43,92,5,1.1578947368421053,0.06606606606606606,7.409090909090909,0.2268041237113402,0.06382978723404255,1.0,0.7332174365125583,0.32552614836586374,0.8964852575317435,0.6382978723404255,71.9
наполнитель,1,145,4052,102,135,148,227,39,1.0875912408759123,0.02535696701132447,27.21476510067114,0.44396551724137934,0.17467248908296942,1.0,0.39778414825660435,0.20753870078934647,0.9881999932138567,1.0,71.9
мыло,1,242,5296,124,223,229,166,28,1.0222222222222221,0.02355823595929137,23.03913043478261,0.7309941520467836,0.17261904761904762,1.0,0.3757252600849843,0.2179925464906615,0.9993311438346762,1.0,71.9
семга,1,144,2306,50,132,132,36,20,0.9925373134328358,0.022020725388601035,17.360902255639097,1.2439024390243902,0.5526315789473685,1.0,0.35623048169840177,0.23817661229814027,0.9999960390409998,1.0,71.9
креветки,1,836,18568,439,782,818,84,49,1.0446428571428572,0.023683927225750887,22.675213675213676,4.943820224719101,0.5813953488372093,1.0,0.3772926068951208,0.21904338952603863,1.0,1.0,71.9
кофе растворимый,2,712,21097,520,662,731,82,63,1.1024096385542168,0.024683754204766192,28.825136612021858,5.988505747126437,0.7619047619047619,1.0,0.3896209272561797,0.20414592441277393,1.0,1.0,71.9
лапша,1,310,6895,163,289,293,71,35,1.0103092783505154,0.02375090514120203,23.462585034013607,2.1578947368421053,0.4931506849315068,1.0,0.37812620130883146,0.2168019348542858,0.9999999995750065,1.0,71.9
чай листовой,2,149,3707,87,142,152,59,30,1.0625,0.023675006725854184,24.248366013071895,1.375,0.5081967213114754,1.0,0.3771814997593863,0.21467896999119185,0.99999893229599,1.0,71.8
гель для душа,3,418,11716,288,381,388,170,59,1.0156657963446476,0.024646085621695377,30.125964010282775,1.6514285714285715,0.3488372093023256,1.0,0.38916091170046874,0.20161100845460325,0.9999999327121206,1.0,71.8
bombbar батончики,2,31,452,9,29,35,22,7,1.1612903225806452,0.021645021645021644,12.63888888888889,0.37037037037037035,0.3333333333333333,1.0,0.3513749296930674,0.26527632072598656,0.9753678727838592,1.0,71.8
пюре,1,127,5557,148,119,123,290,76,1.024793388429752,0.02676486437937848,44.83870967741935,0.5050847457627119,0.2636986301369863,1.0,0.41450479618745195,0.18120884142786675,0.9935960958913657,1.0,71.8
презервативы,1,240,6110,147,218,218,79,41,0.9954545454545455,0.024183006535947713,27.91324200913242,1.7619047619047619,0.5185185185185185,1.0,0.38347729656332785,0.20603015313297574,0.9999999777082151,1.0,71.8
суп,1,309,10463,265,283,297,144,71,1.0456140350877192,0.025398644132531272,35.12080536912752,1.7852348993288591,0.4931506849315068,1.0,0.39828591156796445,0.19324574598705138,0.999999982346804,1.0,71.8
свр нарезка,2,35,132,11,34,34,83,4,0.9722222222222222,0.08450704225352113,3.857142857142857,0.13636363636363635,0.058823529411764705,1.0,0.8155064628422601,0.4385757321320329,0.7442708400868994,0.5882352941176471,71.7
рыба красная,2,90,3128,74,87,110,117,28,1.247191011235955,0.02390057361376673,28.207207207207208,0.6147540983606558,0.24369747899159663,1.0,0.379984916042562,0.20541251673303593,0.9978612655076964,1.0,71.7
форель охлажденная,2,60,483,8,56,60,22,6,1.0517241379310345,0.018255578093306288,7.967213114754099,0.3333333333333333,0.2916666666666667,1.0,0.30588079067600893,0.3159897428046601,0.9643260066527476,1.0,71.7
чай черный,2,79,2232,53,72,78,92,31,1.0675675675675675,0.02408563782337199,28.29113924050633,0.5567010309278351,0.3404255319148936,1.0,0.38227552635678896,0.20523798530862358,0.9961781103629154,1.0,71.7
соленая карамель,2,39,722,16,37,42,43,10,1.1025641025641026,0.023224043715846996,16.86046511627907,0.3541666666666667,0.24444444444444444,1.0,0.37153872909164776,0.24045988938658902,0.9710349881890299,1.0,71.7
русское море,2,38,730,17,34,34,43,11,0.9722222222222222,0.024324324324324326,20.942857142857143,0.375,0.26666666666666666,1.0,0.38521734890018533,0.2244326603026885,0.9764822541439909,1.0,71.7
феликс для кошек влажный,4,35,289,9,32,51,71,7,1.5294117647058822,0.033444816053511704,5.615384615384615,0.13157894736842105,0.1095890410958904,1.0,0.48772634846533924,0.36686140401059425,0.731737546530039,1.0,71.7
фрутоняня,1,372,17997,475,347,352,155,89,1.011461318051576,0.026434164491586604,50.991501416430594,2.975,0.5732484076433121,1.0,0.4106194977091847,0.1754323205379069,0.9999999999998799,1.0,71.7
котлеты,1,436,12276,296,398,412,113,57,1.0325,0.024173856421943675,29.731234866828085,2.516949152542373,0.5043478260869565,1.0,0.3833644611786259,0.20236222138088603,0.9999999999882773,1.0,71.7
synergetic для стирки,3,44,1914,43,40,88,68,25,2.119047619047619,0.02286902286902287,21.53932584269663,0.6027397260273972,0.37142857142857144,1.0,0.36706051225085223,0.22250047342066825,0.9975882369918545,1.0,71.7
ролл,1,54,1042,24,47,52,65,10,1.0816326530612246,0.02376425855513308,19.71698113207547,0.35714285714285715,0.16417910447761194,1.0,0.37829226189802256,0.22868946451148897,0.971884340251028,1.0,71.6
без лактозы,2,66,1025,20,63,65,28,14,1.0153846153846153,0.020289855072463767,15.575757575757576,0.6363636363636364,0.5,1.0,0.3335546254916133,0.24685245205632492,0.9982769104743848,1.0,71.6
соки,1,34,1281,35,33,35,108,26,1.0285714285714285,0.027885360185902403,35.666666666666664,0.3185840707964602,0.24545454545454545,1.0,0.42747976758656203,0.19244102385708325,0.95865652660107,1.0,71.6
сыр сливочный,2,73,1724,43,67,67,118,27,0.9855072463768116,0.025374855824682813,25.397058823529413,0.35772357723577236,0.23333333333333334,1.0,0.39799956825769,0.21176098094620585,0.9720471403724211,1.0,71.6
трусы женские,2,104,1452,29,95,95,52,14,0.9896907216494846,0.02051983584131327,15.15625,0.5263157894736842,0.2777777777777778,1.0,0.33661297886752506,0.24912678133939395,0.9948210756294023,1.0,71.6
филе,1,201,6062,148,180,189,268,42,1.043956043956044,0.024538866930171276,31.92105263157895,0.5457875457875457,0.15925925925925927,1.0,0.38784963891783697,0.19837575641007738,0.9957373977904309,1.0,71.6
красная рыба,2,86,2457,58,82,91,113,21,1.0952380952380953,0.023915687069314958,26.73913043478261,0.5,0.19130434782608696,1.0,0.3801722991292882,0.20860057423610742,0.9932620530009145,1.0,71.6
зубная паста,2,703,19877,471,649,665,165,55,1.023041474654378,0.02373409765173229,29.84984984984985,2.776470588235294,0.33532934131736525,1.0,0.3779171234235965,0.20213488549348918,0.9999999999991251,1.0,71.6
булка,1,91,3036,88,81,85,315,54,1.036144578313253,0.029218647406434668,35.33720930232558,0.278125,0.17350157728706625,1.0,0.44254469436640975,0.1929244673876699,0.938038992309468,1.0,71.5
манго,1,293,6389,140,266,279,145,27,1.044776119402985,0.02203469292076887,22.82857142857143,0.94,0.19047619047619047,1.0,0.3564102940110009,0.21859736510368785,0.9999172759344434,1.0,71.5
мыло для рук,3,47,1305,30,45,47,57,13,1.0212765957446808,0.023574144486692015,27.25,0.5,0.23728813559322035,1.0,0.3759238543259992,0.20746117681467624,0.9932620530009145,1.0,71.5
булочка,1,227,9941,247,213,220,361,96,1.027906976744186,0.024922118380062305,44.99547511312217,0.6775956284153005,0.26721763085399447,1.0,0.39252385231077147,0.1810472485528296,0.9988591210263549,1.0,71.4
корм для собак влажный,4,52,925,26,49,50,114,16,1.0,0.028877005347593583,18.19607843137255,0.226890756302521,0.14655172413793102,1.0,0.4387226479519861,0.23459091302468113,0.8965748962016403,1.0,71.4
конфеты шоколадные,2,308,15775,393,283,302,245,96,1.063157894736842,0.024960405448210328,52.07260726072607,1.576,0.39271255060728744,1.0,0.3929888438697129,0.1745232520508578,0.9999998569397548,1.0,71.4
шоколад,1,1479,55529,1338,1324,1367,561,125,1.0316742081447965,0.024109184536992023,40.59356725146199,2.3657243816254416,0.22380106571936056,1.0,0.38256636549389433,0.18593275477929647,0.999999999946815,1.0,71.4
дезодорант,1,94,2985,70,85,88,116,41,1.0229885057471264,0.02370617696160267,33.57303370786517,0.5867768595041323,0.3559322033898305,1.0,0.37756964675010396,0.19563440658207198,0.9971708206594189,1.0,71.4
куриные сердечки,2,33,210,18,31,33,91,4,1.0303030303030303,0.08636363636363636,6.264705882352941,0.19791666666666666,0.053763440860215055,1.0,0.8222314271718622,0.349539818030457,0.861815657037321,0.5376344086021505,71.4
порошок стиральный,2,402,10693,242,365,377,224,60,1.0299727520435968,0.022703914790245725,28.296296296296298,1.0611353711790392,0.26991150442477874,1.0,0.3649669891213069,0.20522728750245647,0.9999753652796013,1.0,71.4
паста макароны,2,38,1361,37,36,36,118,23,0.9736842105263158,0.027716994894237783,36.86486486486486,0.3089430894308943,0.2,1.0,0.4255486673904889,0.1907382148353258,0.9544721428041587,1.0,71.4
коробка конфет,2,58,1807,40,52,63,47,21,1.1851851851851851,0.022564667033571822,28.28125,0.7884615384615384,0.4489795918367347,1.0,0.36319598573990775,0.20525850795908993,0.9996235086119215,1.0,71.4
лимонад,1,496,18258,442,440,449,179,98,1.0180995475113122,0.024250054740529887,40.58,2.407608695652174,0.5469613259668509,1.0,0.38430347730716186,0.18594902752732673,0.9999999999650144,1.0,71.4
лакомства для собак,3,34,612,19,34,34,98,13,0.9722222222222222,0.03215434083601286,17.571428571428573,0.1941747572815534,0.14,1.0,0.4743327214743499,0.23724719849425382,0.8565469640294814,1.0,71.4
трусики подгузники 4,3,30,800,17,27,43,46,10,1.5172413793103448,0.022222222222222223,18.25,0.35294117647058826,0.22916666666666666,1.0,0.3588196115700454,0.23436841530796076,0.9706778408761062,1.0,71.3
халяль,1,137,3083,69,127,126,153,40,0.9844961240310077,0.02263174911089557,24.299212598425196,0.4430379746835443,0.2645161290322581,1.0,0.36404977559436213,0.21454528747844973,0.9880900339579879,1.0,71.3
шоколад молочный,2,288,13548,330,271,296,309,89,1.0879120879120878,0.024413630328957072,45.62626262626262,1.0541401273885351,0.28938906752411575,1.0,0.3863144444820341,0.18040541427366164,0.9999735803174348,1.0,71.3
мороженое шоколадное,2,67,3617,85,60,95,153,37,1.5483870967741935,0.023711055969120487,37.708333333333336,0.5443037974683544,0.24516129032258063,1.0,0.37763038063430154,0.189588832201318,0.9956736799646654,1.0,71.3
омега 3,2,36,792,19,34,35,60,12,1.0,0.02493765586034913,22.083333333333332,0.3076923076923077,0.20967741935483872,1.0,0.39271259595663466,0.22081003579306774,0.9538991124716539,1.0,71.3
heinz,1,42,1191,28,39,42,73,15,1.048780487804878,0.02414654454621149,27.767441860465116,0.3717948717948718,0.21333333333333335,1.0,0.383027539703262,0.20634021452226567,0.9757162704308193,1.0,71.3
газировка,1,239,8686,204,211,217,153,72,1.0234741784037558,0.02357405703771849,39.857798165137616,1.2974683544303798,0.47096774193548385,1.0,0.37592276282867787,0.1868272041568761,0.9999976817165638,1.0,71.3
сыр,1,4158,182860,4445,3670,3741,788,399,1.0190631808278867,0.024312353037677037,48.867717797969,5.60655737704918,0.5063291139240507,1.0,0.3850701364908271,0.17730388706293396,1.0,1.0,71.2
порошок стиральный автомат,3,94,2659,61,86,94,150,32,1.0795454545454546,0.023229674035219184,28.021052631578947,0.4,0.21710526315789475,1.0,0.3716094938606558,0.20580247975334812,0.9816843611112658,1.0,71.2
консервы,1,59,4112,109,52,55,251,55,1.037037037037037,0.026686074721009218,73.48214285714286,0.4296875,0.22134387351778656,1.0,0.41358144953513976,0.1608021409015454,0.9863889729190892,1.0,71.2
пюре детское,2,225,12960,319,213,221,292,124,1.0325581395348837,0.02467232074016962,58.391891891891895,1.0774410774410774,0.42517006802721086,1.0,0.38948133634633664,0.16971606598079692,0.9999790717528749,1.0,71.2
наполнитель для кошачьего туалета,4,708,18106,396,630,639,323,71,1.0126582278481013,0.021914329874144402,28.2953125,1.2103658536585367,0.22153846153846155,1.0,0.3548591393873244,0.2052293280598916,0.9999944607892796,1.0,71.2
корица,1,90,978,16,84,88,33,6,1.0348837209302326,0.01720647773279352,11.02247191011236,0.4473684210526316,0.2,1.0,0.2911629110445797,0.278733085075126,0.9885947808768295,1.0,71.2
рыба охлажденная,2,143,2842,55,137,142,61,24,1.0287769784172662,0.019635343618513323,19.895104895104897,0.8484848484848485,0.3968253968253968,1.0,0.32477335383373107,0.22804532950730455,0.9997934253035559,1.0,71.1
пельмени вкусвилл,2,48,1050,26,46,46,92,15,0.9791666666666666,0.02547169811320755,22.404255319148938,0.27835051546391754,0.1702127659574468,1.0,0.3991644218127556,0.21984308249713735,0.9381785665235381,1.0,71.1
шампунь мужской,2,65,1638,35,60,60,71,13,0.9838709677419355,0.021844660194174758,26.901639344262296,0.47368421052631576,0.1917808219178082,1.0,0.353959577665212,0.20823450939452556,0.9912337144716318,1.0,71.1
бокалы для вина,3,42,856,18,37,37,42,9,0.9743589743589743,0.021939953810623556,22.605263157894736,0.40425531914893614,0.22727272727272727,1.0,0.3551896756523365,0.21924840211138766,0.9824473999928806,1.0,71.1
сок,1,1706,62799,1456,1452,1475,202,109,1.015130674002751,0.023197312487063956,42.548780487804876,7.038647342995169,0.5392156862745098,1.0,0.37120264842088113,0.18366955712981103,1.0,1.0,71.1
трусы мужские,2,64,611,14,57,58,64,6,1.0,0.024154589371980676,10.40677966101695,0.21739130434782608,0.10606060606060606,1.0,0.38312680043664415,0.2847526641503384,0.8862682920687912,1.0,71.1
икра,1,327,8482,177,298,311,76,36,1.04,0.0209609043805935,27.19551282051282,2.197530864197531,0.47435897435897434,1.0,0.3424392262296515,0.20758112516310864,0.9999999997140799,1.0,71.0
пакет подарочный,2,252,7534,164,213,216,65,33,1.0093023255813953,0.02187168610816543,34.73271889400922,2.357142857142857,0.5074626865671642,1.0,0.35430867996639515,0.19382948534517977,0.9999999999420494,1.0,71.0
чтпсы,1,46,1824,42,45,46,95,25,1.0,0.023446019629225736,38.87234042553192,0.43,0.26804123711340205,1.0,0.3743226102662778,0.1880647919759631,0.9864314409877991,1.0,71.0
фильтр для воды,3,56,1096,22,49,48,47,13,0.9607843137254902,0.020795660036166366,22.428571428571427,0.4423076923076923,0.2857142857142857,1.0,0.3402624672601724,0.2197707004456347,0.9880027392139087,1.0,71.0
памперсы трусики,2,211,6363,137,183,183,185,74,0.9945945945945946,0.021653852188922015,34.59782608695652,0.7263157894736842,0.40106951871657753,1.0,0.35148947382106466,0.19403470434102885,0.9992991088034442,1.0,70.9
вибратор,1,82,813,13,64,62,23,6,0.9545454545454546,0.01701093560145808,12.952380952380953,0.5,0.28,1.0,0.2883853329464702,0.2629890674071252,0.9932620530009145,1.0,70.9
протеиновое печенье,2,138,5199,108,127,164,94,43,1.2790697674418605,0.020925321558840467,31.527272727272727,1.101010101010101,0.4583333333333333,1.0,0.34197110232161554,0.19906130814642872,0.9999834661540791,1.0,70.8
креветки замороженные,2,165,3884,75,156,162,60,21,1.0316455696202531,0.019517205957883924,23.846625766871167,1.1692307692307693,0.3548387096774194,1.0,0.3231760736599273,0.21575075258373855,0.9999916421362206,1.0,70.8
форель,1,236,4965,93,222,231,60,26,1.0357142857142858,0.018894472361809043,21.413793103448278,1.4461538461538461,0.43548387096774194,1.0,0.3146937410208597,0.22290009048395132,0.9999994758764833,1.0,70.8
краб,1,55,752,12,55,59,25,5,1.0526315789473684,0.01706036745406824,12.583333333333334,0.43333333333333335,0.2222222222222222,1.0,0.2890885139205537,0.26569135596086974,0.986876271263059,1.0,70.8
зарядка на айфон,3,40,3002,73,34,112,251,29,3.138888888888889,0.024568393094289508,26.5929203539823,0.2890625,0.11857707509881422,1.0,0.388211021245523,0.20893287272847916,0.9444585116689311,1.0,70.8
масло черного тмина,3,33,67,0,14,27,2,0,1.75,0.012987012987012988,2.5,0.14285714285714285,0.25,1.0,0.2287481150455133,0.5532947556651122,0.7603489635582241,1.0,70.8
птица,1,35,1500,42,28,29,158,35,1.0,0.02847682119205298,50.1,0.26380368098159507,0.225,1.0,0.4342123364139008,0.17620364843361744,0.9284984970923699,1.0,70.8
мороженое,1,2354,160238,3732,2087,2156,520,299,1.0325514600287218,0.023295142529079927,74.28882707464071,7.110476190476191,0.5747126436781609,1.0,0.37243175102366566,0.16040128864583378,1.0,1.0,70.7
бенто торт,2,133,1728,29,121,127,67,9,1.0406504065040652,0.01726121979286536,13.5234375,0.4166666666666667,0.14492753623188406,1.0,0.2919385504162254,0.25904648246561,0.9844961464009907,1.0,70.7
мясо птицы,2,77,3559,89,68,83,283,54,1.2,0.025217147660409077,42.404761904761905,0.3125,0.19298245614035087,1.0,0.39609776287240195,0.18383091565481366,0.9560630663765926,1.0,70.7
сердце,1,35,649,15,32,35,60,6,1.0588235294117647,0.024279210925644917,18.11111111111111,0.24615384615384617,0.11290322580645161,1.0,0.38466239988466655,0.23494365064117215,0.9146963863641611,1.0,70.7
вода минеральная,2,107,2995,60,98,101,82,28,1.02,0.020299500831946756,29.392156862745097,0.7011494252873564,0.34523809523809523,1.0,0.33368318052692625,0.20301983237550703,0.9990985394285414,1.0,70.7
орзо,1,34,0,3,34,0,0,3,0.027777777777777776,0.4,3.0,0.8,2.0,0.034722222222222224,0.9996645373720975,0.5,0.9996645373720975,1.0,70.7
магний,1,57,1472,33,48,51,99,20,1.04,0.022941970310391364,28.365384615384617,0.3269230769230769,0.2079207920792079,1.0,0.367983265285895,0.20508425909868724,0.9619643259643021,1.0,70.7
соус,1,463,19030,407,415,422,224,77,1.014388489208633,0.02142857142857143,44.995271867612296,1.7816593886462881,0.34513274336283184,1.0,0.3485609424689444,0.181047457514056,0.9999999817041922,1.0,70.6
ведро,1,43,526,9,39,38,26,4,0.9512195121951219,0.018656716417910446,13.564102564102564,0.3225806451612903,0.17857142857142858,1.0,0.3114272682132311,0.25877607349016735,0.9602762666135589,1.0,70.6
трусики подгузники,2,162,5686,116,152,162,189,65,1.0584415584415585,0.020540730337078653,34.90184049079755,0.6030927835051546,0.34554973821989526,1.0,0.33689014369737524,0.19357389264611102,0.9975967368879121,1.0,70.6
специи и приправы,3,41,3214,72,40,65,158,46,1.5714285714285714,0.022642679900744415,48.74242424242424,0.44785276073619634,0.29375,1.0,0.36418878916367337,0.1774180554879349,0.9886498873201278,1.0,70.6
детское питание,2,177,13754,331,163,176,719,179,1.0727272727272728,0.024120895088637025,77.7231638418079,0.4585635359116022,0.24965325936199723,1.0,0.38271095832989954,0.15876250853495513,0.9898027311986015,1.0,70.6
конфеты в коробках,3,169,6232,130,151,154,109,33,1.0130718954248366,0.020986863184876643,40.225806451612904,1.1491228070175439,0.3063063063063063,1.0,0.3427805274528801,0.18637676047888224,0.9999897806550502,1.0,70.6
гель для стирки,3,559,18631,385,506,511,148,84,1.0078740157480315,0.020707043613540047,36.39453125,2.522875816993464,0.5666666666666667,1.0,0.33909215888062105,0.1913965199496783,0.9999999999889518,1.0,70.6
подгузники трусики,2,514,17934,368,455,482,221,100,1.0568927789934355,0.020563976816763262,37.13664596273292,1.6327433628318584,0.452914798206278,1.0,0.33719837143578857,0.19036356551157568,0.9999999188878951,1.0,70.6
салфетки,1,415,10218,191,383,387,76,34,1.0077922077922077,0.018771998435666796,26.34278350515464,2.3703703703703702,0.44871794871794873,1.0,0.31301304047832035,0.2095079653982379,0.9999999999492294,1.0,70.5
epica,1,43,0,2,40,0,0,2,0.023809523809523808,0.3,3.0,0.6,1.5,0.02976190476190476,0.9975212478233336,0.5,0.9975212478233336,1.0,70.5
семена,1,39,834,17,38,40,54,9,1.025,0.02132701421800948,20.414634146341463,0.3050847457627119,0.17857142857142858,1.0,0.34723643111684355,0.22621746777623258,0.9526811932891285,1.0,70.5
стейк,1,348,10322,202,318,326,97,48,1.021875,0.01964769647696477,31.574923547400612,1.9901960784313726,0.494949494949495,1.0,0.32494015281209565,0.19897765726550928,0.9999999977265351,1.0,70.5
мороженное,1,149,9394,217,140,143,461,103,1.0140845070422535,0.023181624840493405,65.25694444444444,0.4678111587982833,0.22462203023758098,1.0,0.37100533045563333,0.16528926255254445,0.9907034469562386,1.0,70.5
освежитель воздуха для туалета,4,128,2595,46,123,125,66,20,1.008,0.01804222648752399,20.61904761904762,0.6619718309859155,0.3088235294117647,1.0,0.30291263361054954,0.22551824328758072,0.9986661933871274,1.0,70.5
корм для котят,3,35,852,18,31,31,53,12,0.9696969696969697,0.022041763341067284,26.71875,0.3275862068965517,0.23636363636363636,1.0,0.35650129657100726,0.20864672530927636,0.9622157174720005,1.0,70.5
суповой набор,2,61,384,12,60,62,68,5,1.0161290322580645,0.03299492385786802,6.142857142857143,0.1780821917808219,0.08571428571428572,1.0,0.4830961906279466,0.3525469956178875,0.8315004024817363,0.8571428571428572,70.5
конфеты,1,1130,65011,1429,1023,1039,366,184,1.0146341463414634,0.021992894603282017,62.51346153846154,3.8544474393530996,0.5027173913043478,1.0,0.3558720497280482,0.1669730484290956,1.0,1.0,70.5
пакеты,1,81,2881,63,78,80,173,21,1.0125,0.022137668626772744,35.60493827160494,0.3595505617977528,0.12571428571428572,1.0,0.35773441211002954,0.19253108810826836,0.9725531979295089,1.0,70.5
маска для волос,3,96,1836,31,90,92,47,18,1.0108695652173914,0.01733477789815818,19.774193548387096,0.6153846153846154,0.3877551020408163,1.0,0.2929794577300351,0.2284815730237878,0.9978747081690988,1.0,70.4
специи,1,106,4250,88,93,95,153,44,1.0105263157894737,0.020892018779342724,44.302083333333336,0.5632911392405063,0.2903225806451613,1.0,0.3415326725028577,0.18176842708220675,0.9964218572296185,1.0,70.4
чай,1,768,29060,588,697,721,260,111,1.0329041487839772,0.020261437908496733,40.25346260387812,2.2226415094339624,0.42748091603053434,1.0,0.33317574808594863,0.1863431591295544,0.9999999997775715,1.0,70.4
наполнитель для кошачьего туалета комкующийся,5,198,8679,147,168,464,177,36,2.735294117647059,0.017033030268155138,18.670967741935485,0.8131868131868132,0.20670391061452514,1.0,0.28869972125601095,0.23266657136989902,0.9997059815777481,1.0,70.4
вяленое мясо,2,37,622,12,35,35,40,12,0.972972972972973,0.020569620253164556,17.36111111111111,0.28888888888888886,0.30952380952380953,1.0,0.337273176790866,0.23817568136082518,0.9443620017221571,1.0,70.4
синергетик,1,38,1649,42,35,35,154,34,0.972972972972973,0.02591922845087402,45.888888888888886,0.27044025157232704,0.22435897435897437,1.0,0.4045182689634441,0.18014206837431476,0.9330897102480169,1.0,70.4
кофе в зернах 1 кг,5,354,17256,322,322,625,87,53,1.9320987654320987,0.018707285995598285,27.570287539936103,3.510869565217391,0.6067415730337079,1.0,0.31212333280204996,0.20676349652157758,0.9999999999999994,1.0,70.4
сыр российский,2,82,2404,55,78,80,194,28,1.0125,0.0231980115990058,29.71604938271605,0.2814070351758794,0.14795918367346939,1.0,0.3712114403541653,0.20239142603320684,0.9400395650492452,1.0,70.3
сухофрукты,1,135,4305,82,117,130,98,34,1.1008403361344539,0.019235225955967557,32.88549618320611,0.8058252427184466,0.35,1.0,0.319348273934547,0.196749850197769,0.9996835206068987,1.0,70.3
овощи,1,186,9784,218,170,178,523,120,1.0406976744186047,0.02236062895650398,54.675977653631286,0.4147727272727273,0.23047619047619047,1.0,0.3605920309634335,0.17244402785104426,0.9841997145511148,1.0,70.3
кофе в зернах,3,405,12175,234,358,369,88,55,1.0277777777777777,0.01928600738613049,32.913513513513514,2.5268817204301075,0.6222222222222222,1.0,0.3200392123685861,0.19670370410788432,0.9999999999893857,1.0,70.3
фильтр для воды аквафор,4,30,349,6,20,20,19,5,0.9545454545454546,0.019498607242339833,16.761904761904763,0.2916666666666667,0.2857142857142857,1.0,0.3229242657161989,0.2409223820863158,0.9458862337771784,1.0,70.2
полотенце,1,99,2379,42,89,93,63,20,1.032967032967033,0.01799916282963583,25.340425531914892,0.6323529411764706,0.3230769230769231,1.0,0.3023119923522951,0.21190001911274364,0.9982063980380128,1.0,70.2
пирог,1,120,2255,37,107,110,64,22,1.018348623853211,0.016777041942604858,20.34234234234234,0.5507246376811594,0.3484848484848485,1.0,0.2850486916752042,0.2264673980419849,0.9959427358078904,1.0,70.1
говядина,1,601,19748,367,543,564,350,88,1.036697247706422,0.018625366939973683,34.9575221238938,1.036619718309859,0.2528409090909091,1.0,0.3109954049272331,0.19349015150524715,0.9999685212292285,1.0,70.1
пенка для умывания лица,4,34,667,13,31,32,45,8,1.0,0.0206794682422452,20.303030303030305,0.28,0.19148936170212766,1.0,0.33872756276892,0.22660389764341604,0.9391899373747821,1.0,70.1
арбуз,1,69,564,7,64,68,22,2,1.0454545454545454,0.013937282229965157,8.217391304347826,0.2962962962962963,0.125,1.0,0.243267642299846,0.3120749443191771,0.9483343931211154,1.0,70.1
перец рамиро,2,31,427,10,31,30,52,5,0.9393939393939394,0.02517162471395881,13.870967741935484,0.19298245614035087,0.1111111111111111,1.0,0.3955476843143937,0.256777208815742,0.8548263346862839,1.0,70.1
la roche-posay,2,111,3776,68,102,121,104,34,1.1730769230769231,0.018225039619651346,30.975409836065573,0.6330275229357798,0.330188679245283,1.0,0.305456714359011,0.2000443720237318,0.998218456631419,1.0,70.1
творожный сыр для торта,4,42,946,18,41,41,57,6,0.9767441860465116,0.0198744769874477,22.595238095238095,0.3064516129032258,0.11864406779661017,1.0,0.3279950280484645,0.21927786506331395,0.9533235782334776,1.0,70.0
батончики без сахара,3,112,3470,63,108,112,131,41,1.0272727272727273,0.01839080459770115,30.734513274336283,0.47058823529411764,0.3157894736842105,1.0,0.30775552068762824,0.2004819260539906,0.9909580674786702,1.0,70.0
шоколад без сахара,3,188,6548,121,173,178,124,35,1.022857142857143,0.018603232692894173,36.597765363128495,0.9457364341085271,0.2857142857142857,1.0,0.310690325446244,0.1911104948638222,0.9999218878029491,1.0,70.0
клубника,1,525,11411,184,490,519,216,42,1.056910569105691,0.01619823132825497,21.95,0.8371040723981901,0.19724770642201836,1.0,0.2767241733222924,0.22121827232532915,0.9997685254727529,1.0,70.0
печенье,1,1719,96175,1901,1551,1591,445,185,1.0251126851255634,0.01977439309663669,60.413316582914575,4.226666666666667,0.4161073825503356,1.0,0.32664854343911476,0.16833657639579308,1.0,1.0,69.9
порошок,1,133,3911,72,116,123,175,31,1.0508474576271187,0.018617699566437135,31.56451612903226,0.40555555555555556,0.1807909604519774,1.0,0.31088973971371703,0.19899591101132993,0.9826741479641249,1.0,69.9
"новотерская вода 1,5",3,112,1563,22,108,110,49,14,1.009090909090909,0.014621741894469168,14.108108108108109,0.42592592592592593,0.29411764705882354,1.0,0.2535561166899284,0.25528105618716684,0.9858672327496996,1.0,69.9
без глютена,2,115,4446,82,107,110,110,41,1.018348623853211,0.018626570915619388,40.08108108108108,0.7217391304347827,0.375,1.0,0.31101199562252924,0.18655316424461718,0.9992662860390995,1.0,69.9
шиповник,1,39,483,7,34,37,21,3,1.0555555555555556,0.016227180527383367,12.789473684210526,0.3076923076923077,0.17391304347826086,1.0,0.27714281723516243,0.26416621104032445,0.9538991124716539,1.0,69.9
тимьян,1,43,153,1,39,39,6,1,0.975609756097561,0.012269938650306749,3.9,0.18181818181818182,0.25,1.0,0.21760752097523073,0.43615141316297373,0.8376793888181518,1.0,69.8
сухой корм для кошек,4,136,4876,94,122,121,237,56,0.9838709677419355,0.019443307408923454,39.99180327868852,0.3925619834710744,0.2384937238493724,1.0,0.32217500794795395,0.18666246121112848,0.9802700961985721,1.0,69.8
кабель для iphone,3,41,1288,30,36,36,119,23,0.9736842105263158,0.023882896764252697,34.891891891891895,0.25,0.19834710743801653,1.0,0.37976567902393676,0.1935888759334819,0.9179150013761012,1.0,69.8
азбука вкуса,2,134,5614,104,124,128,174,53,1.0238095238095237,0.018669985775248935,43.542635658914726,0.5865921787709497,0.3068181818181818,1.0,0.3116099823198033,0.18257787100751705,0.9971655908825608,1.0,69.8
макаруны,1,48,914,14,44,48,34,8,1.065217391304348,0.016233766233766232,18.714285714285715,0.38461538461538464,0.25,1.0,0.27723802146840226,0.2324949044504397,0.978638260824993,1.0,69.8
пломбир,1,39,1361,37,36,39,183,24,1.0526315789473684,0.027716994894237783,34.1,0.20212765957446807,0.13513513513513514,1.0,0.4255486673904889,0.1948026980891981,0.8675137742740044,1.0,69.8
бутылочка для кормления,3,56,1463,24,49,63,57,14,1.2549019607843137,0.01697216564833673,22.90625,0.4032258064516129,0.2542372881355932,1.0,0.2878333336186041,0.21837322727474012,0.9822657603498265,1.0,69.8
батончики,1,123,4594,87,113,114,196,38,1.0,0.019113814074717638,39.97391304347826,0.43781094527363185,0.19696969696969696,1.0,0.3176934815022733,0.18668440711062703,0.9874509391984714,1.0,69.8
таорог,1,61,2068,59,60,62,305,33,1.0161290322580645,0.028873917228103944,32.87301587301587,0.1935483870967742,0.11074918566775244,1.0,0.4386879810508427,0.19677042521905036,0.8556455969827983,1.0,69.8
приправа,1,175,7601,139,162,167,166,56,1.024390243902439,0.018394429115753515,45.26190476190476,0.8187134502923976,0.3392857142857143,1.0,0.3078056999210893,0.18077452895646784,0.9997217900470637,1.0,69.8
корм для кошек сухой,4,441,16751,307,398,403,276,103,1.01,0.01837599188592566,41.47029702970297,1.096085409252669,0.37410071942446044,1.0,0.30755040994766114,0.18489817208200313,0.9999826315304869,1.0,69.8
конфеты подарочные,2,199,9110,145,179,378,83,54,2.0939226519337018,0.016008771929824563,24.04485488126649,1.6590909090909092,0.6470588235294118,1.0,0.27397834631990814,0.2152184241865685,0.9999999376753667,1.0,69.8
трусики,1,58,1839,42,55,55,166,25,0.9824561403508771,0.023255813953488372,32.892857142857146,0.25146198830409355,0.15476190476190477,1.0,0.371937929529792,0.19673772049928281,0.9191063445863702,1.0,69.8
шампунь для волос женский,4,119,4270,78,107,111,164,42,1.0275229357798166,0.018457943925233644,38.151785714285715,0.46745562130177515,0.25903614457831325,1.0,0.30868443345884755,0.18899996734139551,0.9906703353971605,1.0,69.8
постельное белье 2 спальное,4,108,2568,41,89,93,44,20,1.032967032967033,0.016291698991466253,27.351063829787233,0.8571428571428571,0.45652173913043476,1.0,0.27807496839987333,0.20723967061587978,0.9998105581747672,1.0,69.7
сыр твердый,2,172,4513,70,166,167,74,29,1.0,0.015697545876630557,26.88095238095238,0.8987341772151899,0.39473684210526316,1.0,0.26944511528424164,0.2082809186711395,0.9998750181176231,1.0,69.6
морепродукты,1,81,3535,64,78,81,135,30,1.025,0.018335684062059238,43.146341463414636,0.4642857142857143,0.22627737226277372,1.0,0.30699196215750946,0.18300867061124013,0.9903698564125964,1.0,69.6
корм для кошек влажный,4,359,12402,213,320,327,177,81,1.0186335403726707,0.017241379310344827,37.82012195121951,1.1758241758241759,0.4581005586592179,1.0,0.29165752904763875,0.18943940682163854,0.9999921754298678,1.0,69.6
фруто няня,2,63,2947,55,55,55,110,40,0.9824561403508771,0.018938112952316538,52.67857142857143,0.48695652173913045,0.36607142857142855,1.0,0.3152916234598837,0.1740258009428338,0.9923232977409512,1.0,69.6
тюльпаны,1,306,2393,22,272,278,13,7,1.0182481751824817,0.00957136912193092,8.587813620071685,1.2777777777777777,0.5333333333333333,1.0,0.17422041097076646,0.3066354189639622,0.9999971771901766,1.0,69.6
тапки,1,35,155,2,30,30,14,1,0.96875,0.01818181818181818,5.096774193548387,0.15789473684210525,0.125,1.0,0.30485607160112127,0.3834288031548101,0.7938079717485911,1.0,69.6
кофе,1,719,27291,472,667,698,334,133,1.0448430493273542,0.017325372696970806,39.047210300429185,1.3952802359882006,0.39880952380952384,1.0,0.29284645181208,0.18784176014984588,0.9999991282841794,1.0,69.6
cola,1,106,1644,21,101,110,34,9,1.0776699029126213,0.013301088270858524,14.837837837837839,0.5641025641025641,0.2777777777777778,1.0,0.2335775541847841,0.2509219191993802,0.9964507736933121,1.0,69.6
к пиву,2,39,844,15,36,38,51,12,1.0263157894736843,0.01873536299765808,21.71794871794872,0.2857142857142857,0.24528301886792453,1.0,0.31250949466126554,0.22193810841448577,0.9425673807323827,1.0,69.5
роллы,1,224,5618,86,190,211,106,22,1.1041666666666667,0.015458422174840085,26.514150943396228,0.7837837837837838,0.21296296296296297,1.0,0.26594288753497597,0.20911306785644845,0.9996054788621866,1.0,69.5
кошачий корм влажный,3,50,1517,33,46,46,131,22,0.9791666666666666,0.02226588081204977,32.340425531914896,0.25,0.17293233082706766,1.0,0.35937922784559406,0.1976596851034046,0.9179150013761012,1.0,69.5
подгузники,1,224,10239,184,189,192,316,109,1.0104712041884816,0.018050541516245487,53.067357512953365,0.5763239875389408,0.34591194968553457,1.0,0.3030285500012597,0.17371105701090872,0.9968590810900365,1.0,69.5
шоколадные конфеты,2,42,2105,48,38,39,185,35,1.0,0.023167848699763592,52.7,0.2578947368421053,0.1925133689839572,1.0,0.37083200419734164,0.17400836425857777,0.9241461918728655,1.0,69.4
бальзам для волос,3,138,5147,87,126,129,173,48,1.015625,0.017064184603451618,39.61538461538461,0.4943820224719101,0.28,1.0,0.2891427849557353,0.18712734520567734,0.9928726816601381,1.0,69.4
мираторг,1,267,17204,304,243,255,220,112,1.0448979591836736,0.01771813640060416,67.21484375,1.3555555555555556,0.509009009009009,1.0,0.29837957618841804,0.16414933260864062,0.9999987031282708,1.0,69.3
печенье протеиновое,2,52,1609,28,48,48,79,21,0.98,0.017912291537986413,32.89795918367347,0.34523809523809523,0.2716049382716049,1.0,0.3010987575368811,0.19672931556510664,0.9683298585598605,1.0,69.3
уголь,1,50,395,10,43,43,35,2,0.9777777777777777,0.027160493827160494,9.045454545454545,0.275,0.08108108108108109,1.0,0.4191192986642709,0.30043825462193435,0.9360721387932924,0.8108108108108109,69.3
мясо,1,651,26113,422,584,617,701,131,1.0546075085324231,0.016192627186770277,42.25889967637541,0.5991501416430595,0.18776671408250356,1.0,0.27664310197772113,0.18399517713972605,0.9975000921716074,1.0,69.2
влажный корм для кошек,4,128,4903,81,115,117,172,52,1.0085470085470085,0.016690413189497252,41.57627118644068,0.4632768361581921,0.3045977011494253,1.0,0.28380891117148876,0.18477533639632032,0.9902722082530788,1.0,69.2
ягоды,1,260,7250,122,240,246,358,52,1.0206611570247934,0.016942148760330577,29.364372469635626,0.33884297520661155,0.14722222222222223,1.0,0.28740566471722384,0.2030742332410637,0.9662383505410306,1.0,69.1
synergetic,1,81,3670,65,76,76,178,42,0.9871794871794872,0.017934782608695653,47.701298701298704,0.36065573770491804,0.2388888888888889,1.0,0.3014130675851464,0.1783838598675491,0.9728548633361029,1.0,69.1
готовая еда,2,301,20806,369,265,271,683,178,1.0187265917602997,0.01777478862413528,76.50367647058823,0.5377906976744186,0.2613138686131387,1.0,0.29917409313357834,0.15933226162162573,0.9953825236916544,1.0,69.1
детское пюре,2,101,6334,115,96,97,273,76,1.0,0.01828499369482976,64.66326530612245,0.4172661870503597,0.28,1.0,0.3062890292598244,0.16564478771068003,0.9845888170961534,1.0,69.1
шоколадка,1,94,5378,123,90,96,500,73,1.0543478260869565,0.02301410541945063,55.47422680412371,0.24554455445544554,0.14741035856573706,1.0,0.36889441978728044,0.17183545691937524,0.9141750519169064,1.0,69.1
протеиновые батончики,2,282,9227,138,251,252,115,55,1.0,0.015048175814658438,36.48221343873518,1.1583333333333334,0.47863247863247865,1.0,0.25989522598024883,0.19127282371875268,0.999990679863965,1.0,69.0
вкусвилл,1,123,145,2,114,70,17,2,0.6120689655172413,0.01935483870967742,2.084507042253521,0.13636363636363635,0.15789473684210525,0.7650862068965516,0.3209746203865961,0.6153694905127207,0.7442708400868994,1.0,68.9
вафельница,1,84,1101,17,61,60,61,9,0.9682539682539683,0.016201620162016202,18.098360655737704,0.2727272727272727,0.15873015873015872,1.0,0.2767731928918844,0.23499681063150915,0.9346025967701398,1.0,68.9
сковорода,1,121,3573,52,110,111,114,27,1.0,0.014792073681272676,31.928571428571427,0.44537815126050423,0.2413793103448276,1.0,0.2560946527090129,0.19836279213002192,0.9883655122821602,1.0,68.9
чай подарочный,2,77,2825,32,70,172,56,10,2.4027777777777777,0.01164021164021164,16.346820809248555,0.5409836065573771,0.1896551724137931,1.0,0.2076913336114279,0.2429189504908813,0.9955276266727895,1.0,68.9
витамин д,2,48,1002,17,46,48,66,9,1.0208333333333333,0.017786561264822136,20.510204081632654,0.2535211267605634,0.14705882352941177,1.0,0.2993390851406116,0.22588919152538295,0.9207550244001567,1.0,68.9
витамин с,2,85,2762,77,76,82,290,25,1.064102564102564,0.02813852813852814,33.31325301204819,0.26440677966101694,0.08904109589041095,1.0,0.4303713164353845,0.19605175297216476,0.9289284239673834,0.8904109589041096,68.9
bombbar,1,136,3485,43,129,162,46,22,1.2442748091603053,0.012589413447782546,21.39877300613497,0.8627450980392157,0.4791666666666667,1.0,0.22259067766776353,0.2229481513512753,0.9998208793542208,1.0,68.9
персики,1,47,839,20,41,43,76,6,1.0232558139534884,0.024734982332155476,19.136363636363637,0.25925925925925924,0.08974358974358974,1.0,0.3902459785373208,0.230854579309809,0.9251742044076756,0.8974358974358975,68.9
смесь молочная детская,3,59,1993,35,56,61,118,25,1.0689655172413792,0.01797304043934099,32.193548387096776,0.2926829268292683,0.21666666666666667,1.0,0.30194739154934747,0.19790885715505455,0.9464333854743462,1.0,68.9
щетка зубная,2,49,1403,28,41,41,118,14,0.9767441860465116,0.020523708421797595,33.476190476190474,0.23577235772357724,0.125,1.0,0.3366643572704613,0.1957894130182165,0.9053645916249163,1.0,68.8
пиво алкогольное,2,81,826,8,78,79,23,7,1.0,0.01076555023923445,10.3625,0.32142857142857145,0.32,1.0,0.19370935906771414,0.28520837581981895,0.9598159735489263,1.0,68.8
coca cola,2,107,212,9,101,105,50,1,1.029126213592233,0.04504504504504504,2.0283018867924527,0.18181818181818182,0.038461538461538464,1.0,0.5937964542911474,0.6255829523834897,0.8376793888181518,0.38461538461538464,68.8
тональный крем для лица,4,33,241,5,28,30,40,4,1.0333333333333334,0.02390438247011952,7.870967741935484,0.13333333333333333,0.11904761904761904,1.0,0.3800321452114751,0.3175519036608236,0.7364028618842733,1.0,68.7
сковорода для индукционной плиты,4,34,808,12,32,35,41,10,1.0588235294117647,0.01589242053789731,22.52777777777778,0.2826086956521739,0.2558139534883721,1.0,0.2722869064698693,0.21947665906184155,0.940755774078756,1.0,68.7
крем для рук,3,138,3130,39,117,122,79,22,1.0336134453781514,0.012738853503184714,25.471544715447155,0.47619047619047616,0.2839506172839506,1.0,0.22491073069614964,0.21157884352456066,0.991450690520314,1.0,68.6
носки,1,90,1782,27,82,82,95,19,0.9880952380952381,0.015625,21.50602409638554,0.28,0.20618556701030927,1.0,0.2683843710533582,0.22260612833746488,0.9391899373747821,1.0,68.6
лосось,1,153,5086,75,144,149,200,38,1.0273972602739727,0.014913657770800628,33.92666666666667,0.37073170731707317,0.19306930693069307,1.0,0.25790139619302044,0.1950741035890451,0.9754567171498243,1.0,68.6
основа для пиццы,3,71,775,23,69,77,68,4,1.0985915492957747,0.030573248407643312,9.974358974358974,0.3287671232876712,0.07142857142857142,1.0,0.45744453987788036,0.28934642932404037,0.9626592939689096,0.7142857142857142,68.5
каша,1,190,8193,122,181,187,285,65,1.0273224043715847,0.014994514202121174,43.59574468085106,0.4241379310344828,0.22996515679442509,1.0,0.2591004952788133,0.18252058241726243,0.9856122669984596,1.0,68.5
протеиновые батончики без сахара,4,38,1313,24,33,33,92,17,0.9714285714285714,0.01889644746787604,38.705882352941174,0.25773195876288657,0.19148936170212766,1.0,0.3147208115371819,0.18827850157283474,0.9240226179526408,1.0,68.5
proplan для кошек,3,38,1569,25,35,68,94,17,1.864864864864865,0.016466117796073463,22.782608695652176,0.26262626262626265,0.1875,1.0,0.2805889270544796,0.21873055029389685,0.9276516495870943,1.0,68.5
снеки,1,97,4978,74,88,91,143,42,1.0222222222222221,0.015036086607858861,54.141304347826086,0.5067567567567568,0.296551724137931,1.0,0.2597162587520728,0.1728590096904995,0.9937022796959315,1.0,68.5
трюфель,1,46,731,11,43,44,47,7,1.0,0.016194331983805668,16.31111111111111,0.23076923076923078,0.16326530612244897,1.0,0.2766677650911683,0.24309451016676462,0.9005094195051416,1.0,68.4
выпечка свежая,2,39,1384,32,37,37,168,22,0.9743589743589743,0.023672883787661407,36.5,0.1907514450867052,0.13529411764705881,1.0,0.37715505509435976,0.19124778639153078,0.8515510945318707,1.0,68.4
мыло детское,2,32,577,9,32,32,40,7,0.9705882352941176,0.017035775127768313,17.575757575757574,0.2222222222222222,0.19047619047619047,1.0,0.28873876857236636,0.23722827356887674,0.8916319767781041,1.0,68.4
батончик,1,96,4127,66,87,89,198,38,1.0112359550561798,0.016195310611554267,45.888888888888886,0.33004926108374383,0.195,1.0,0.2766819224125511,0.18014206837431476,0.9631349971723406,1.0,68.4
ближние горки,2,39,807,10,25,25,24,8,0.9629629629629629,0.01346389228886169,31.153846153846153,0.3793103448275862,0.34615384615384615,1.0,0.2360690288360452,0.19972360593939154,0.9774744137294231,1.0,68.3
шампунь для волос,3,225,8364,111,202,204,189,62,1.0049019607843137,0.013374731311201338,40.81463414634146,0.5773195876288659,0.3298429319371728,1.0,0.2347055568673333,0.18566874791490756,0.9968901969298425,1.0,68.3
торт с днем рождения,4,39,494,7,32,33,31,5,1.0,0.015873015873015872,14.617647058823529,0.2222222222222222,0.18181818181818182,1.0,0.2720044310858174,0.252200117563218,0.8916319767781041,1.0,68.3
батончики протеиновые,2,71,2386,35,64,66,102,23,1.0151515151515151,0.015025041736227046,35.656716417910445,0.3364485981308411,0.23076923076923078,1.0,0.2595527139115561,0.19245552572764815,0.9654202137930046,1.0,68.3
бритва,1,68,2137,30,63,62,84,20,0.9692307692307692,0.014438751746623195,33.96825396825397,0.34831460674157305,0.2441860465116279,1.0,0.25081927406105076,0.19500879451457362,0.9692893588571464,1.0,68.3
рыба замороженная,2,233,11544,154,216,243,205,62,1.1192660550458715,0.013415267439847672,47.32377049180328,0.7380952380952381,0.30434782608695654,1.0,0.23532574691231234,0.17874183589553702,0.9993769927368839,1.0,68.3
hochland,1,34,958,17,31,26,71,13,0.8181818181818182,0.01859504132231405,35.592592592592595,0.23684210526315788,0.1917808219178082,1.0,0.31057738837562787,0.1925491293120818,0.9063715559866112,1.0,68.2
aravia,1,38,1043,17,35,36,68,13,1.0,0.017094017094017096,28.27027027027027,0.2465753424657534,0.2,1.0,0.28956679127473584,0.2052813065803873,0.91505518126473,1.0,68.2
пирожное,1,336,17315,231,311,340,236,78,1.0894568690095847,0.013391053391053391,50.78592375366569,0.9626556016597511,0.3319327731092437,1.0,0.23495534003552987,0.17560840987324763,0.999934046197068,1.0,68.2
картина по номерам,3,72,193,1,63,57,9,1,0.8923076923076924,0.009852216748768473,3.3793103448275863,0.14285714285714285,0.18181818181818182,1.0,0.17884577334679352,0.46932851523251695,0.7603489635582241,1.0,68.2
освежитель,1,40,869,17,37,38,90,13,1.0,0.020477815699658702,22.358974358974358,0.18947368421052632,0.15217391304347827,1.0,0.3360552322024176,0.2199781989535169,0.8496421022916234,1.0,68.1
стиральный порошок автомат,3,49,1342,25,45,49,118,16,1.0638297872340425,0.019230769230769232,26.9,0.21138211382113822,0.14166666666666666,1.0,0.31928760167661463,0.20823818510093783,0.8792244166154509,1.0,68.1
рыба,1,691,36490,482,626,656,564,126,1.0461783439490446,0.013232876712328766,55.54490106544901,0.8488576449912126,0.22438162544169613,1.0,0.2325312632652896,0.17178219646696954,0.9997941939731303,1.0,68.1
шампунь,1,337,13561,167,293,299,223,72,1.0169491525423728,0.012379338294893523,45.21333333333333,0.7368421052631579,0.3244444444444444,1.0,0.21931751874421135,0.1808240686674932,0.999369136506631,1.0,68.0
крупа,1,47,2263,44,43,43,191,28,0.9777777777777777,0.019797624285085788,51.5,0.22959183673469388,0.15025906735751296,1.0,0.32696132586201065,0.17500123103013454,0.8993311002271023,1.0,68.0
паста,1,134,3253,51,121,125,204,32,1.024390243902439,0.01593625498007968,25.841269841269842,0.24880382775119617,0.16019417475728157,1.0,0.27292460484797276,0.21068683605351618,0.9169272274410458,1.0,68.0
увлажнитель воздуха,2,65,1625,27,53,53,115,16,0.9818181818181818,0.01712538226299694,30.14814814814815,0.23333333333333334,0.1452991452991453,1.0,0.29001230867565175,0.20156923714819275,0.9030280321355949,1.0,67.9
чайник электрический,2,128,4127,65,109,107,239,32,0.972972972972973,0.01595358955765047,38.24074074074074,0.27049180327868855,0.13692946058091288,1.0,0.2731766320543384,0.18888308326606054,0.933124194754676,1.0,67.9
памперсы,1,120,4082,66,110,115,266,56,1.0357142857142858,0.016373411534701857,35.21551724137931,0.24723247232472326,0.2126865671641791,1.0,0.27925381148199113,0.19310476656874226,0.9156115490009409,1.0,67.8
кошачий наполнитель,2,70,1846,33,61,67,158,22,1.0793650793650793,0.018318965517241378,27.191176470588236,0.2085889570552147,0.14375,1.0,0.3067602016938956,0.2075906871465701,0.8758034106179883,1.0,67.8
без сахара сладости,3,69,3757,51,66,81,148,33,1.2058823529411764,0.01380408813379347,45.853658536585364,0.33986928104575165,0.22666666666666666,1.0,0.24124910927814758,0.1801772649104937,0.9665830763245594,1.0,67.8
сироп,1,122,2576,25,113,117,57,15,1.0260869565217392,0.010054137664346482,21.85593220338983,0.41935483870967744,0.2711864406779661,1.0,0.18215525058777382,0.22150863182643832,0.9849073647676222,1.0,67.8
протеиновый батончик,2,57,2018,30,51,51,105,18,0.9811320754716981,0.015285996055226824,38.86538461538461,0.2818181818181818,0.17757009345794392,1.0,0.2634071053075667,0.188073694721678,0.9402855842678147,1.0,67.8
суши,1,103,2184,27,90,92,93,13,1.0108695652173914,0.01276207839562443,23.516129032258064,0.2857142857142857,0.14736842105263157,1.0,0.22527067439135706,0.21665377261389815,0.9425673807323827,1.0,67.7
корм сухой для кошек,4,48,1825,38,41,42,196,31,1.0,0.02125340599455041,42.51162790697674,0.19402985074626866,0.16161616161616163,1.0,0.3462747480798444,0.18371110468142937,0.8563389405218675,1.0,67.7
влажный корм для собак,4,43,884,18,37,38,105,14,1.0,0.021252796420581657,22.743589743589745,0.17272727272727273,0.14018691588785046,1.0,0.34626677815333606,0.2188439445708745,0.8222314271718622,1.0,67.7
кастрюля,1,47,771,10,41,41,43,8,0.9767441860465116,0.014084507042253521,18.428571428571427,0.22916666666666666,0.2,1.0,0.24549256064677083,0.23363896866147443,0.8989021750127812,1.0,67.6
пирожные,1,102,5234,74,88,92,228,44,1.0333333333333334,0.014302059496567507,56.31182795698925,0.3218884120171674,0.1956521739130435,1.0,0.24876832787139946,0.17121056637663118,0.9600003318107627,1.0,67.6
шоколад темный,2,37,1036,16,32,32,67,12,0.9705882352941176,0.016252390057361378,31.484848484848484,0.2361111111111111,0.18840579710144928,1.0,0.277507183168879,0.19913594629732984,0.905684629900297,1.0,67.6
чайник,1,112,3857,52,90,91,164,39,1.0,0.013705715024566847,41.95652173913044,0.3136094674556213,0.24096385542168675,1.0,0.23975482610237064,0.18433841386181943,0.9565478381907765,1.0,67.6
мягкая игрушка,2,34,345,6,22,23,39,5,1.0,0.01971830985915493,14.5,0.1590909090909091,0.14634146341463414,1.0,0.32589284510531435,0.25289589122654377,0.7962596909442928,1.0,67.5
бокалы,1,64,2123,26,53,53,75,14,0.9818181818181818,0.012658227848101266,39.370370370370374,0.3375,0.19480519480519481,1.0,0.22365988085959754,0.1874335225717963,0.965781881688334,1.0,67.5
лосось охлажденная,2,32,587,8,29,30,38,7,1.0,0.01507537688442211,19.032258064516128,0.20930232558139536,0.2,1.0,0.26029774931148,0.23125380633670506,0.8766862373493297,1.0,67.4
чехол на айфон 13,4,32,553,9,28,27,49,7,0.9333333333333333,0.017761989342806393,19.857142857142858,0.18518518518518517,0.1568627450980392,1.0,0.2989946688106432,0.2281818433145078,0.8430537441792864,1.0,67.4
нарзан вода минеральная,3,32,623,10,29,30,54,10,1.0,0.017377567140600316,20.193548387096776,0.1864406779661017,0.19642857142857142,1.0,0.2935842563722617,0.2269862474173138,0.8450118752727763,1.0,67.3
плед,1,65,211,1,55,54,9,1,0.9649122807017544,0.00904977375565611,3.890909090909091,0.14285714285714285,0.18181818181818182,1.0,0.1655608655700631,0.43666164939056507,0.7603489635582241,1.0,67.3
пудинг,1,230,11780,124,208,220,203,44,1.0523809523809524,0.010602205258693808,53.31674208144796,0.6009615384615384,0.21951219512195122,1.0,0.1910709811753316,0.17351094937898284,0.9975449677579781,1.0,67.2
настольные игры,2,51,1052,16,48,50,82,13,1.02,0.0160075329566855,20.686274509803923,0.19540229885057472,0.16666666666666666,1.0,0.27396035567046395,0.22529066464025874,0.8582971455976596,1.0,67.2
отпариватель для одежды,3,31,389,8,29,30,64,7,1.0,0.022556390977443608,12.64516129032258,0.13043478260869565,0.12121212121212122,1.0,0.3630905725007958,0.2652296494037761,0.7286505556195534,1.0,67.1
мышь компьютерная,2,43,575,8,39,39,45,5,0.975609756097561,0.015384615384615385,14.45,0.18,0.1276595744680851,1.0,0.2648585194083155,0.2531943676811866,0.8347011117784134,1.0,67.1
набор чая,2,38,830,12,34,47,59,5,1.3333333333333333,0.015476190476190477,17.354166666666668,0.203125,0.09836065573770492,1.0,0.26620370014991346,0.23820664460925914,0.8688285456898057,0.9836065573770492,67.1
торт,1,1704,85066,836,1418,1490,267,128,1.05,0.009838262259626687,57.054996646545945,3.077205882352941,0.4795539033457249,1.0,0.17861656560872108,0.17066744330294542,0.9999999999999568,1.0,67.0
шарики воздушные,2,78,893,24,73,73,133,10,0.9866666666666667,0.02768549280177187,12.108108108108109,0.18115942028985507,0.08148148148148149,1.0,0.42518662497158677,0.2693684268559861,0.8366065532449203,0.8148148148148149,66.9
букет цветов,2,32,290,3,28,28,18,3,0.9666666666666667,0.013333333333333334,10.10344827586207,0.17391304347826086,0.2,1.0,0.2340716616353513,0.28794081828539486,0.8243269065691256,1.0,66.9
леденцы,1,67,2676,35,64,72,140,17,1.106060606060606,0.01340282948622487,36.6986301369863,0.2482758620689655,0.1267605633802817,1.0,0.2351355035929884,0.19096943010976328,0.9164874718528683,1.0,66.9
без сахара,2,644,47215,494,574,598,427,158,1.0399305555555556,0.010481736368448914,78.8280467445743,1.1458333333333333,0.3706293706293706,1.0,0.18911961570730318,0.15825730083349077,0.9999894389022694,1.0,66.9
постельное белье,2,60,1872,21,52,57,75,17,1.0740740740740742,0.011689691817215728,32.327586206896555,0.275,0.23376623376623376,1.0,0.20847501724052064,0.1976813977684149,0.9360721387932924,1.0,66.8
напитки,1,120,7276,95,106,108,335,66,1.0092592592592593,0.013175953884161406,66.77981651376147,0.2823529411764706,0.19881305637982197,1.0,0.23165703590427433,0.1643984117423104,0.9406040603947952,1.0,66.7
чай подарочный набор,3,45,787,9,41,53,46,5,1.255813953488372,0.012547051442910916,14.62962962962963,0.19607843137254902,0.125,1.0,0.22193174622060996,0.2521297598392767,0.8592520129587693,1.0,66.7
крем для тела,3,69,3129,41,62,62,157,24,0.984375,0.0133800573431029,49.714285714285715,0.25925925925925924,0.15723270440251572,1.0,0.23478707217808892,0.17654368898476772,0.9251742044076756,1.0,66.7
газированный напиток,2,33,1748,29,33,34,143,23,1.0,0.017064846416382253,50.02857142857143,0.20270270270270271,0.16551724137931034,1.0,0.2891521939834,0.17626632620734076,0.8682734409121465,1.0,66.7
коровка из кореновки,3,35,559,9,34,39,60,6,1.1111111111111112,0.01757469244288225,14.05,0.15384615384615385,0.11290322580645161,1.0,0.296363821885016,0.2556438765863406,0.7852888276583028,1.0,66.7
парацетамол,1,34,616,8,29,24,39,4,0.8064516129032258,0.01437699680511182,24.76,0.20454545454545456,0.12195121951219512,1.0,0.2498933901614544,0.21335332876907756,0.8706786058361942,1.0,66.7
крем для лица,3,104,4071,48,95,96,176,26,1.0,0.012006861063464836,42.0,0.27071823204419887,0.15168539325842698,1.0,0.2134800736013709,0.18428883314870617,0.933275449508159,1.0,66.6
кондиционер,1,48,1334,26,40,42,163,20,1.0238095238095237,0.020089285714285716,31.093023255813954,0.16071428571428573,0.12727272727272726,1.0,0.3308758859323707,0.19983262830519768,0.7995404618106845,1.0,66.6
сыр полутвердый,2,30,1261,24,27,28,140,14,1.0,0.01966955153422502,43.58620689655172,0.1724137931034483,0.1056338028169014,1.0,0.32523515776618483,0.1825308631297626,0.8216732845438469,1.0,66.6
раскраска,1,51,137,0,48,44,3,0,0.9,0.006802721088435374,3.111111111111111,0.125,0.2,1.0,0.12720486785860585,0.4903094350437236,0.7134952031398099,1.0,66.6
маска,1,45,864,14,42,43,85,10,1.0,0.017162471395881007,19.704545454545453,0.16666666666666666,0.12643678160919541,1.0,0.2905387699481824,0.22873477787061133,0.8111243971624381,1.0,66.6
озон fresh,2,63,16278,167,56,413,553,117,7.137931034482759,0.01031434184675835,39.32608695652174,0.3010752688172043,0.2126126126126126,1.0,0.18640032762638648,0.18748916609844815,0.9507454085437824,1.0,66.5
ватные диски для лица,4,43,439,23,42,43,101,4,1.0,0.053452115812917596,10.045454545454545,0.22641509433962265,0.04854368932038835,1.0,0.6566628315541607,0.2885685681298766,0.8960817704467255,0.4854368932038835,66.5
корм влажный для кошек,4,36,1425,24,33,33,131,19,0.9714285714285714,0.017421602787456445,42.0,0.18382352941176472,0.15037593984962405,1.0,0.29420613196952305,0.18428883314870617,0.8409020604079072,1.0,66.4
протеин,1,345,16539,139,285,287,250,75,1.0034843205574913,0.008459725663182066,57.4375,0.5490196078431373,0.30158730158730157,1.0,0.1556553488218031,0.1703919296701821,0.9958729651276093,1.0,66.4
санокс для унитаза,3,31,546,8,28,29,50,6,1.0,0.01618705035971223,18.3,0.16363636363636364,0.1346153846153846,1.0,0.276562416751699,0.2341630307374814,0.8053132916684898,1.0,66.3
виола,1,33,466,4,32,34,20,2,1.0294117647058822,0.01050420168067227,13.4,0.2,0.13636363636363635,1.0,0.1894838674910535,0.2598754687917054,0.8646647167633873,1.0,66.3
для стирки,2,59,3567,56,58,59,271,39,1.0,0.015935141179759575,59.5,0.20652173913043478,0.14652014652014653,1.0,0.2729084083314194,0.1689513610827171,0.8732092756291723,1.0,66.3
свечи,1,153,3989,30,136,138,89,14,1.0072463768115942,0.007751937984496124,28.719424460431654,0.32978723404255317,0.16483516483516483,1.0,0.14361801625981685,0.2043596338175728,0.9630382742314065,1.0,66.2
электронная сигарета,2,31,98,0,29,29,4,0,0.967741935483871,0.009259259259259259,3.3666666666666667,0.1111111111111111,0.16666666666666666,1.0,0.169049610098708,0.47024912350826387,0.6708070121920944,1.0,66.2
печенье без сахара,3,74,2315,26,70,72,109,15,1.0138888888888888,0.011612903225806452,31.753424657534246,0.23684210526315788,0.14414414414414414,1.0,0.2072584815491818,0.19866600324965078,0.9063715559866112,1.0,66.2
lovular,1,37,222,4,32,21,20,4,0.6470588235294118,0.021551724137931036,10.227272727272727,0.2,0.22727272727272727,0.8088235294117647,0.35016349776685185,0.28662036533119645,0.8646647167633873,1.0,66.2
баранина охлажденная,2,33,201,10,31,30,102,6,0.9393939393939394,0.052132701421800945,6.580645161290323,0.102803738317757,0.0673076923076923,1.0,0.6474821530746615,0.3421937988665823,0.6422916835430104,0.673076923076923,66.1
сладости,1,153,11051,158,127,141,697,106,1.1007751937984496,0.014374830485489558,77.84507042253522,0.2264957264957265,0.1530758226037196,1.0,0.24986089004404954,0.158706260790073,0.8961655281834269,1.0,66.1
черника,1,42,901,14,38,43,88,9,1.1,0.01646542261251372,20.545454545454547,0.16129032258064516,0.1111111111111111,1.0,0.2805789245299316,0.225768716106589,0.8006918632206877,1.0,66.1
торт бенто,2,37,493,8,35,37,62,6,1.027027027027027,0.017892644135188866,13.052631578947368,0.13432835820895522,0.109375,1.0,0.30082407168725267,0.2622766164383427,0.7390127131126252,1.0,66.0
коллаген,1,52,1756,22,48,64,110,12,1.3,0.013023782559456399,27.06153846153846,0.2,0.11607142857142858,1.0,0.22931507859100952,0.20787763951360444,0.8646647167633873,1.0,66.0
корм для собак,3,195,8090,76,166,168,252,53,1.005952380952381,0.009506172839506173,47.887573964497044,0.29961089494163423,0.2125984251968504,1.0,0.17314295347505548,0.1782087766204572,0.9500188302464453,1.0,66.0
карандаши,1,39,662,8,36,37,46,4,1.0,0.013392857142857142,17.5,0.17647058823529413,0.10416666666666667,1.0,0.23498293855142527,0.23756053652125125,0.8287628570552119,1.0,66.0
завтрак,1,62,2661,38,58,62,196,30,1.05,0.014601272931486334,42.285714285714285,0.19402985074626866,0.15656565656565657,1.0,0.25325047548828783,0.18396491654739255,0.8563389405218675,1.0,65.9
орешки,1,57,1902,32,55,58,198,22,1.0350877192982457,0.017259414225941423,32.28813559322034,0.1625615763546798,0.115,1.0,0.291912980907884,0.19774819522747986,0.8032095385040142,1.0,65.9
кондиционер для волос,3,82,2875,33,75,76,145,23,1.0,0.011785095320623917,37.37662337662338,0.22666666666666666,0.16326530612244897,1.0,0.20998386241939115,0.19003617982329798,0.8963428713884721,1.0,65.9
мясо говядина,2,91,3848,79,85,92,546,60,1.0689655172413792,0.020736132711249352,41.40860215053763,0.14519056261343014,0.11131386861313869,1.0,0.33947655130883325,0.18496989990831647,0.7658762895373797,1.0,65.8
маршмеллоу,1,77,497,3,68,71,19,2,1.0285714285714285,0.007889546351084813,6.944444444444445,0.16666666666666666,0.14285714285714285,1.0,0.14597168245174574,0.3344541633345395,0.8111243971624381,1.0,65.8
пп сладости без сахара,4,36,881,11,33,35,60,7,1.0285714285714285,0.013468013468013467,24.555555555555557,0.18461538461538463,0.12903225806451613,1.0,0.23613199216901293,0.21387789270657195,0.8421569108651483,1.0,65.8
савоярди печенье,2,56,474,33,53,55,107,2,1.018181818181818,0.07024793388429752,8.517857142857142,0.30357142857142855,0.027522935779816515,1.0,0.7546228042030203,0.3076320306790885,0.9519596639082908,0.27522935779816515,65.8
выпечка,1,99,5778,95,89,93,522,65,1.032967032967033,0.0165860400829302,61.5,0.18216318785578747,0.12595419847328243,1.0,0.28231232790775707,0.16762255426683462,0.8382384397926719,1.0,65.8
корм для собак сухой,4,98,4492,45,85,87,178,34,1.0114942528735633,0.010217681030653044,51.07954545454545,0.25136612021857924,0.19444444444444445,1.0,0.18482594213656311,0.17535722607022936,0.9190287562023158,1.0,65.6
доска разделочная,2,34,234,2,33,33,18,1,0.9714285714285714,0.012295081967213115,6.970588235294118,0.13043478260869565,0.1,1.0,0.21800086090914128,0.33392480319488166,0.7286505556195534,1.0,65.6
говядина мясо,2,34,1516,34,32,40,269,26,1.2058823529411764,0.022935779816513763,37.048780487804876,0.12773722627737227,0.0996309963099631,1.0,0.3679050105271031,0.1904842340219563,0.721231129816562,0.9963099630996309,65.5
маршмеллоу зефир,2,49,671,5,49,49,26,5,0.9803921568627451,0.00881057268722467,13.48,0.1935483870967742,0.21428571428571427,1.0,0.1615593268285922,0.25933679249662156,0.8556455969827983,1.0,65.5
сладости без сахара,3,31,1921,31,29,29,177,25,0.967741935483871,0.016571724495080268,64.13333333333334,0.17582417582417584,0.1452513966480447,1.0,0.28210681607056043,0.16596617444133313,0.827652373626202,1.0,65.5
шампанское,1,52,942,8,49,49,40,5,0.9803921568627451,0.009453781512605041,18.9,0.2,0.14285714285714285,1.0,0.1722760966400705,0.23176601043752318,0.8646647167633873,1.0,65.4
перекись водорода,2,30,0,0,29,0,0,0,0.03225806451612903,0.1,3.0,0.2,0.5,0.04032258064516129,0.8646647167633873,0.5,0.8646647167633873,1.0,65.4
кимчи,1,35,0,0,28,0,0,0,0.03333333333333333,0.1,3.0,0.2,0.5,0.041666666666666664,0.8646647167633873,0.5,0.8646647167633873,1.0,65.4
санокс,1,36,0,0,31,0,0,0,0.030303030303030304,0.1,3.0,0.2,0.5,0.03787878787878788,0.8646647167633873,0.5,0.8646647167633873,1.0,65.3
пепси,1,41,0,0,38,0,0,0,0.025,0.1,3.0,0.2,0.5,0.03125,0.8646647167633873,0.5,0.8646647167633873,1.0,65.2
торт от палыча,3,76,545,13,66,71,98,7,1.0588235294117647,0.025225225225225224,7.611111111111111,0.13592233009708737,0.08,1.0,0.39619531618151826,0.3219368334068837,0.7431397974333549,0.8,65.2
капучинатор,1,30,218,3,26,27,35,3,1.0,0.017543859649122806,7.892857142857143,0.1,0.10810810810810811,1.0,0.2959297866903635,0.31719377298655355,0.6321205588285577,1.0,64.9
кисель,1,100,0,0,79,0,0,0,0.012345679012345678,0.1,3.0,0.2,0.5,0.015432098765432098,0.8646647167633873,0.5,0.8646647167633873,1.0,64.9
чиабатта хлеб,2,41,999,42,40,50,263,16,1.2142857142857142,0.04261645193260654,19.647058823529413,0.16044776119402984,0.06415094339622641,1.0,0.5735793756084515,0.2289448373890517,0.799005475369887,0.6415094339622641,64.9
диффузор для дома,3,64,2127,26,61,61,148,15,0.9841269841269841,0.012634534394010294,34.354838709677416,0.17647058823529413,0.10666666666666667,1.0,0.22329191010206406,0.19440745082334987,0.8287628570552119,1.0,64.9
смесь,1,81,2398,40,75,78,292,31,1.025974025974026,0.0170265780730897,30.39240506329114,0.13804713804713806,0.10884353741496598,1.0,0.28860792637038213,0.2011124067365453,0.7485400082112448,1.0,64.8
цветы живые букеты,3,169,1147,15,151,89,11,6,0.5882352941176471,0.013828867761452032,12.777777777777779,1.0,0.5384615384615384,0.7352941176470589,0.24162504740553858,0.2642516665325724,0.9999546000702375,1.0,64.8
веган,1,142,13816,143,114,122,603,86,1.0603448275862069,0.010415159843772602,112.34959349593495,0.23684210526315788,0.14380165289256197,1.0,0.18803918459516045,0.14652797407789336,0.9063715559866112,1.0,64.8
цветы,1,780,10772,55,687,698,170,15,1.0145137880986939,0.005193841587831571,15.414878397711016,0.32,0.09302325581395349,1.0,0.09866369340577041,0.24771285744733396,0.9592377960216338,0.9302325581395349,64.7
букет цветов живые,3,77,778,3,66,66,15,3,0.9852941176470589,0.005076142131979695,11.656716417910447,0.2,0.23529411764705882,1.0,0.0965394583170287,0.27308740569298096,0.8646647167633873,1.0,64.7
vichy,1,31,933,11,28,28,67,10,0.9666666666666667,0.012725344644750796,32.275862068965516,0.16666666666666666,0.15942028985507245,1.0,0.22470129098025549,0.197769002022017,0.8111243971624381,1.0,64.7
копчености,1,35,1238,20,30,31,141,14,1.0,0.016826923076923076,38.78125,0.14383561643835616,0.1048951048951049,1.0,0.2857615876603051,0.18818156880572776,0.7626824507415917,1.0,64.7
набор конфет,2,38,1274,13,34,37,71,12,1.0555555555555556,0.010903426791277258,33.60526315789474,0.18421052631578946,0.1780821917808219,1.0,0.19592966784591725,0.19558297097484664,0.8415165746659716,1.0,64.7
кукла,1,54,1659,22,43,46,137,21,1.0444444444444445,0.01378070701018574,35.361702127659576,0.1619718309859155,0.15827338129496402,1.0,0.2408942173396229,0.1928882923737563,0.802045546951665,1.0,64.7
наушники проводные,2,41,1595,23,33,33,150,16,0.9714285714285714,0.014953271028037384,47.0,0.15483870967741936,0.1118421052631579,1.0,0.25848910221053567,0.17905223175104135,0.7874094145061434,1.0,64.5
желе,1,86,1720,25,82,84,75,5,1.0119047619047619,0.015028901734104046,20.270588235294117,0.325,0.07792207792207792,1.0,0.25960987420418824,0.22671685740562705,0.961225792168278,0.7792207792207793,64.5
блендер,1,91,3063,31,77,78,165,20,1.0,0.010413276928083305,38.81012658227848,0.18823529411764706,0.12574850299401197,1.0,0.18800860694424426,0.1881445047490817,0.8477685077224123,1.0,64.5
сигареты,1,43,151,0,41,45,5,0,1.069767441860465,0.006211180124223602,3.347826086956522,0.1,0.14285714285714285,1.0,0.11681766296240492,0.47163265555205786,0.6321205588285577,1.0,64.4
ariel порошок,2,45,355,15,20,21,87,4,1.0,0.043835616438356165,16.272727272727273,0.17391304347826086,0.056179775280898875,1.0,0.583851174364109,0.24328390514150583,0.8243269065691256,0.5617977528089888,64.3
протеиновые,1,59,3460,37,56,57,195,25,1.0,0.01095100864553314,59.706896551724135,0.19,0.1319796954314721,1.0,0.196694487020174,0.16881088802796648,0.8504313807773649,1.0,64.3
смесь детская,2,34,1293,18,32,36,124,16,1.088235294117647,0.014581734458940905,35.027027027027025,0.14728682170542637,0.1349206349206349,1.0,0.25295861156458954,0.19338590428020902,0.7707330461542272,1.0,64.3
кето,1,52,2867,28,48,51,142,15,1.04,0.01007994438651373,55.19230769230769,0.19727891156462585,0.1111111111111111,1.0,0.18257725951621417,0.17204890867326975,0.8609315631595208,1.0,64.3
коробка подарочная,2,50,779,7,46,46,46,5,0.9791666666666666,0.010139416983523447,16.638297872340427,0.1568627450980392,0.125,1.0,0.18354896656685937,0.24150859173672154,0.7916690693750086,1.0,64.3
карандаши цветные,2,39,137,3,33,33,28,1,0.9714285714285714,0.027210884353741496,4.117647058823529,0.12121212121212122,0.06666666666666667,1.0,0.4197044214567107,0.42454180128705016,0.7024345898524347,0.6666666666666666,64.3
тесто для пиццы,3,34,483,11,34,37,75,5,1.0555555555555556,0.02434077079107505,12.789473684210526,0.15,0.07792207792207792,1.0,0.38541953569438314,0.26416621104032445,0.7768698398515702,0.7792207792207793,64.1
кокос,1,65,2164,25,65,67,165,16,1.0149253731343284,0.011959521619135235,31.86764705882353,0.15294117647058825,0.10179640718562874,1.0,0.2127350526428452,0.1984679750980161,0.7833369212917773,1.0,63.9
утюг,1,40,907,12,34,34,94,9,0.9722222222222222,0.014176663031624863,26.0,0.13131313131313133,0.10416666666666667,1.0,0.24688192745995374,0.21030991785715245,0.7310235132713165,1.0,63.8
диффузор,1,39,1066,17,34,35,140,13,1.0,0.016728624535315983,29.694444444444443,0.12413793103448276,0.09859154929577464,1.0,0.2843560345889894,0.20243301598802854,0.7110146575565955,0.9859154929577464,63.7
земля,1,30,160,1,29,32,18,1,1.064516129032258,0.011764705882352941,4.9393939393939394,0.08695652173913043,0.1,1.0,0.20966163701850182,0.38905726264217455,0.5808662583006774,1.0,63.6
тарелки,1,42,791,9,37,36,71,7,0.9487179487179487,0.012484394506866416,21.45945945945946,0.13157894736842105,0.1095890410958904,1.0,0.22095610758670392,0.22275429307014946,0.731737546530039,1.0,63.5
алиса,1,43,1707,16,36,42,98,9,1.131578947368421,0.009900990099009901,39.76744186046512,0.1650485436893204,0.1,1.0,0.17964639164891583,0.1869387563635317,0.8080432968657056,1.0,63.5
зарядка type c,3,42,1157,28,35,35,194,15,0.972972972972973,0.024850042844901457,32.22222222222222,0.1457286432160804,0.08163265306122448,1.0,0.3916475374850732,0.19786007707214673,0.7671326805799736,0.8163265306122448,63.5
букет,1,156,1776,5,130,131,27,5,1.0,0.0033594624860022394,13.477272727272727,0.1875,0.20689655172413793,1.0,0.06498176734709848,0.259355070734607,0.8466450331550716,1.0,63.4
спички,1,36,30,0,35,14,4,0,0.40540540540540543,0.025,2.2,0.1111111111111111,0.16666666666666666,0.5067567567567568,0.3934693402873666,0.5959220203575702,0.6708070121920944,1.0,63.3
пакет,1,77,3204,34,69,70,219,25,1.0,0.010889856876166771,45.16901408450704,0.15625,0.11764705882352941,1.0,0.19571141490751465,0.18086934061294552,0.7903886128489022,1.0,63.3
торт замороженный,2,35,1179,12,31,31,82,10,0.9696969696969697,0.010933557611438183,36.9375,0.14942528735632185,0.13095238095238096,1.0,0.1964140678490619,0.1906376803358455,0.7755837906053178,1.0,63.3
сухой корм для собак,4,33,1349,20,31,31,153,14,0.9696969696969697,0.01545253863134658,42.25,0.13291139240506328,0.0967741935483871,1.0,0.265856505313782,0.18400522687360618,0.7352882879045177,0.967741935483871,63.1
десерт без сахара,3,33,1100,10,32,33,70,7,1.0,0.00990990990990991,32.44117647058823,0.14666666666666667,0.1111111111111111,1.0,0.1797927265768815,0.19748975911239944,0.7693068177450372,1.0,62.9
корм для кошек,3,111,5315,57,102,102,388,45,0.9903846153846154,0.010892018779342722,51.63106796116505,0.1475826972010178,0.11794871794871795,1.0,0.1957461900366344,0.17489113310804566,0.7714103883512207,1.0,62.8
подарочный набор,2,202,14960,84,170,175,405,57,1.0232558139534884,0.0056780227120908485,85.01704545454545,0.2073170731707317,0.14250614250614252,1.0,0.10734976971291887,0.15560446823101587,0.8742136859170264,1.0,62.7
сладкое,1,92,7031,95,79,82,694,68,1.0246913580246915,0.013634426927993182,84.74698795180723,0.13733905579399142,0.09913793103448276,1.0,0.23867012439538882,0.155714388990334,0.7467531458738846,0.9913793103448276,62.7
клубника в шоколаде,3,193,2698,6,172,184,35,6,1.0632183908045978,0.00258493353028065,14.6,0.175,0.1891891891891892,1.0,0.050385029361013633,0.2523039052913308,0.8262260565495548,1.0,62.6
байкал вода,2,42,504,24,40,42,142,5,1.0238095238095237,0.048638132295719845,11.790697674418604,0.17006802721088435,0.041666666666666664,1.0,0.6219627888131413,0.27195913253550374,0.8174407081927669,0.41666666666666663,62.6
цветы живые,2,319,4061,24,289,290,103,8,1.0,0.006140997297961189,13.965635738831615,0.23148148148148148,0.08571428571428572,1.0,0.11557710785908903,0.25617499182838804,0.9012155242701678,0.8571428571428572,62.6
кошачий корм сухой,3,37,1584,22,36,36,193,20,0.9736842105263158,0.014429109159347553,42.891891891891895,0.11616161616161616,0.1076923076923077,1.0,0.25067477931776494,0.18328840303110294,0.6870200542610407,1.0,62.4
десерт,1,95,5183,50,87,97,359,38,1.101123595505618,0.009820912767186597,52.91836734693877,0.1401098901098901,0.10803324099722991,1.0,0.1783315044412077,0.17383127001009585,0.7536738728943514,1.0,62.1
варенье без сахара,3,36,1249,23,36,37,190,16,1.0,0.019062748212867357,32.94736842105263,0.12307692307692308,0.08854166666666667,1.0,0.3169962741196555,0.19664802287719957,0.7079321763085858,0.8854166666666667,62.1
наклейки,1,58,397,5,55,58,38,2,1.0350877192982457,0.014742014742014743,6.779661016949152,0.13953488372093023,0.075,1.0,0.2553494975025896,0.337871248960892,0.752253401940225,0.75,61.9
lovular трусики,2,36,444,14,36,41,123,7,1.105263157894737,0.03303964757709251,10.642857142857142,0.1171875,0.064,1.0,0.48355834112297214,0.2823763366467484,0.6902144515233184,0.64,61.9
шишкин лес 5 л,4,87,1908,38,79,80,230,16,1.0,0.020333680917622523,23.59259259259259,0.16595744680851063,0.07327586206896551,1.0,0.334138520193242,0.2164430986962663,0.8097800924768017,0.7327586206896551,61.9
страчателла сыр,2,43,396,23,41,42,182,6,1.0,0.059113300492610835,9.279069767441861,0.12834224598930483,0.03804347826086957,1.0,0.6934167697359356,0.2974740463130932,0.7229126445547895,0.3804347826086957,61.9
наушники беспроводные,2,189,8971,49,161,162,295,34,1.0,0.005567308762943993,55.05521472392638,0.16666666666666666,0.11784511784511785,1.0,0.1053710031067222,0.1721532870187016,0.8111243971624381,1.0,61.8
клей,1,84,696,6,79,78,36,2,0.9753086419753086,0.009915014164305949,8.848101265822784,0.17073170731707318,0.07894736842105263,1.0,0.17987645323480783,0.303044482131827,0.8186483061681296,0.7894736842105263,61.8
шеи куриные,2,31,317,18,31,31,107,2,0.9696969696969697,0.0581039755351682,10.0,0.16964285714285715,0.027522935779816515,1.0,0.6871650396411957,0.2890648263178878,0.8166628683282074,0.27522935779816515,61.4
фен,1,40,1220,14,33,35,122,11,1.0285714285714285,0.012195121951219513,33.97222222222222,0.11811023622047244,0.0967741935483871,1.0,0.21643592419036528,0.1950025690761748,0.6930598072322689,0.967741935483871,61.4
клетчатка,1,34,154,0,32,36,8,0,1.088235294117647,0.006097560975609756,4.243243243243243,0.07692307692307693,0.1,1.0,0.11480845247503935,0.41832961813676767,0.5366306307688247,1.0,61.4
ароматизатор для дома,3,38,795,10,33,35,94,8,1.0285714285714285,0.013664596273291925,22.166666666666668,0.1111111111111111,0.09375,1.0,0.23912936231045068,0.22055684298445363,0.6708070121920944,0.9375,61.4
кофе 3 в 1 в пакетиках,6,42,1023,20,41,41,104,6,0.9767441860465116,0.02032913843175218,24.428571428571427,0.1926605504587156,0.0660377358490566,1.0,0.33407802411798526,0.21420713810837594,0.8543582594331796,0.660377358490566,61.3
подарок на 8 марта,4,50,1951,16,38,42,130,14,1.075,0.008669046404895462,45.44186046511628,0.1259259259259259,0.11363636363636363,1.0,0.1591827370876796,0.1805916733493424,0.716135781567273,1.0,61.1
цветы букет,2,42,326,1,38,38,15,1,0.975,0.005952380952380952,8.435897435897436,0.1,0.11764705882352941,1.0,0.11223447479342219,0.3088173781279565,0.6321205588285577,1.0,61.1
вино,1,112,2598,10,105,106,73,8,1.0,0.004217791411042945,24.30841121495327,0.14102564102564102,0.12,1.0,0.08089584529352989,0.21452114953849485,0.7559193096633341,1.0,61.0
ножницы,1,50,70,0,43,26,8,0,0.6,0.0125,2.7037037037037037,0.07692307692307693,0.1,0.75,0.22119921692859512,0.5293893999188392,0.5366306307688247,1.0,60.7
подарок,1,145,14670,79,132,131,514,57,0.9850746268656716,0.005449591280653951,111.1590909090909,0.15414258188824662,0.1124031007751938,1.0,0.10326225225040797,0.1468557576354625,0.7859243493849655,1.0,60.7
мои заказы на ozon,4,38,160,0,34,29,8,0,0.8333333333333334,0.0058823529411764705,5.433333333333334,0.07692307692307693,0.1,1.0,0.11099023459722435,0.37236092337452803,0.5366306307688247,1.0,60.4
блеск для губ,3,31,255,3,28,29,43,3,1.0,0.01509433962264151,8.6,0.08333333333333333,0.08888888888888889,1.0,0.2605782317237746,0.3064632105049695,0.5654017914929217,0.888888888888889,60.4
терка,1,35,131,1,30,23,20,1,0.75,0.014184397163120567,5.583333333333333,0.08,0.09090909090909091,0.9375,0.24699841273469347,0.3678068590777336,0.5506710358827784,0.9090909090909092,60.2
хлоргексидин,1,40,201,0,38,36,8,0,0.925,0.004739336492890996,5.513513513513513,0.07692307692307693,0.1,1.0,0.09043310275424044,0.3698996428525311,0.5366306307688247,1.0,59.9
наушники,1,134,7049,53,115,122,451,43,1.0512820512820513,0.00764980875478113,57.333333333333336,0.11842105263157894,0.09713024282560706,1.0,0.14186699591819973,0.17046669282067506,0.6940123466324355,0.9713024282560706,59.6
bioderma,1,33,69,0,29,25,11,0,0.8387096774193549,0.012658227848101266,2.769230769230769,0.0625,0.07692307692307693,1.0,0.22365988085959754,0.5223923136193379,0.4647385714810097,0.7692307692307693,59.6
палочки,1,49,1112,17,48,48,142,10,0.98,0.016042780748663103,22.755102040816325,0.12244897959183673,0.0763888888888889,1.0,0.2744720011925421,0.2188104567031736,0.7060923850584782,0.763888888888889,59.3
мясо для запекания,3,37,371,13,34,35,156,8,1.0,0.03674540682414698,10.38888888888889,0.08695652173913043,0.056962025316455694,1.0,0.5204504899438822,0.28493640135522696,0.5808662583006774,0.5696202531645569,59.1
набор подарочный,2,100,6648,36,88,92,317,31,1.0333333333333334,0.005557224391709222,71.51612903225806,0.11490683229813664,0.10031347962382445,1.0,0.10519054949128015,0.16180627556074595,0.6830680899531223,1.0,59.0
мясо свинина,2,49,2266,49,49,51,453,33,1.0196078431372548,0.021968365553602813,43.63461538461539,0.1091703056768559,0.07472527472527472,1.0,0.3555559752744879,0.18247871864213197,0.6643556147636949,0.7472527472527473,59.0
средство для стирки,3,37,1632,26,34,34,245,19,0.9722222222222222,0.016443361753958587,46.714285714285715,0.108,0.08097165991902834,1.0,0.2802614335620983,0.17932879265154775,0.6604044743550609,0.8097165991902834,58.6
клавиатура,1,34,1153,7,28,40,64,5,1.3666666666666667,0.006878761822871883,28.195121951219512,0.11594202898550725,0.09090909090909091,1.0,0.12853121869326223,0.2054377130638993,0.6863320353121753,0.9090909090909092,58.6
шарики,1,61,1435,15,56,58,115,8,1.0172413793103448,0.011072664359861591,24.372881355932204,0.13333333333333333,0.07692307692307693,1.0,0.19864664526515508,0.2143523722070699,0.7364028618842733,0.7692307692307693,58.4
ваниль,1,36,752,16,30,31,148,9,1.0,0.02230971128608924,23.59375,0.1111111111111111,0.06666666666666667,1.0,0.35994055601930997,0.21643991796216314,0.6708070121920944,0.6666666666666666,58.3
контейнер для хранения,3,57,1560,10,53,54,104,9,1.0,0.0070063694267515925,28.418181818181818,0.10091743119266056,0.09433962264150944,1.0,0.13075250381961634,0.20497531755368212,0.6354801649716519,0.9433962264150944,58.3
коврик для йоги,3,30,172,2,28,28,37,2,0.9666666666666667,0.016483516483516484,6.0344827586206895,0.07142857142857142,0.07692307692307693,1.0,0.28083921967234826,0.35530992152016977,0.5104583404430468,0.7692307692307693,58.3
ушастый нянь,2,39,132,2,34,36,44,2,1.0277777777777777,0.02112676056338028,3.6486486486486487,0.061224489795918366,0.06521739130434782,1.0,0.34461682295187845,0.45109836810162784,0.4578675300800349,0.6521739130434783,58.1
адыгейский сыр,2,45,1369,21,42,43,229,18,1.0,0.01595358955765047,31.181818181818183,0.09401709401709402,0.08225108225108226,1.0,0.2731766320543384,0.19967357637503852,0.6094389329235756,0.8225108225108225,58.1
цыпленок,1,32,1122,15,30,31,155,12,1.0,0.014134275618374558,35.15625,0.1,0.08280254777070063,1.0,0.24624320221975926,0.19319291901439323,0.6321205588285577,0.8280254777070063,58.0
ozon fresh,2,33,2972,42,31,82,456,38,2.515151515151515,0.014419852448021462,35.8433734939759,0.09327548806941431,0.0851528384279476,1.0,0.25053604073038627,0.19218449982527785,0.6065317421952523,0.8515283842794761,58.0
донат магния вода 1 л,5,40,519,10,36,39,63,2,1.0526315789473684,0.020793950850661626,13.05,0.16176470588235295,0.046153846153846156,1.0,0.34023991459814995,0.26229520406203144,0.8016351086721607,0.46153846153846156,57.3
карамель,1,61,2891,21,59,61,187,15,1.0163934426229508,0.007583591864874182,46.67741935483871,0.11458333333333333,0.08465608465608465,1.0,0.1407297850856286,0.1793646609771357,0.6820411583440102,0.8465608465608465,57.0
заморозка,1,50,6001,105,45,48,1058,80,1.0425531914893618,0.01763433704874397,122.53061224489795,0.09971777986829727,0.07641509433962264,1.0,0.2972026835001118,0.14391129739510994,0.6310808625591687,0.7641509433962264,56.7
пена для ванн,3,46,428,6,42,44,52,2,1.0227272727272727,0.01598173515981735,9.577777777777778,0.12280701754385964,0.05555555555555555,1.0,0.2735856545488895,0.29386141140512345,0.7071428042919781,0.5555555555555556,56.6
вода байкал,2,37,392,12,35,35,104,3,0.972972972972973,0.03233830845771144,10.972222222222221,0.11926605504587157,0.03773584905660377,1.0,0.47626328286923325,0.2792033390220526,0.6965870561917327,0.3773584905660377,56.6
8 марта,2,93,4355,19,86,87,177,15,1.0,0.004581901489117984,49.52272727272727,0.10989010989010989,0.0893854748603352,1.0,0.08756463579508722,0.1767140186236677,0.6667629228437763,0.893854748603352,56.5
тюльпаны букет живые,3,84,489,1,76,44,11,1,0.5769230769230769,0.004008016032064128,10.933333333333334,0.125,0.15384615384615385,0.721153846153846,0.07703163635533428,0.2795697279687315,0.7134952031398099,1.0,55.8
стаканы,1,37,837,10,35,35,100,6,0.972972972972973,0.012987012987012988,23.333333333333332,0.10476190476190476,0.06862745098039216,1.0,0.2287481150455133,0.21716177105201387,0.6492280730971887,0.6862745098039216,55.6
игрушки для детей,3,111,10544,64,97,97,619,52,0.98989898989899,0.006158802349819974,107.62244897959184,0.10416666666666667,0.0853462157809984,1.0,0.11589199569901154,0.14785947201965838,0.6471339185411511,0.8534621578099839,55.3
подарок женщине,2,62,2786,16,60,61,148,11,1.0,0.006080114449213162,44.983870967741936,0.1111111111111111,0.08,1.0,0.11449952822762455,0.18105918128413923,0.6708070121920944,0.8,55.3
кошачий корм,2,34,1593,21,31,30,256,19,0.9393939393939394,0.01372426699937617,51.483870967741936,0.0842911877394636,0.07751937984496124,1.0,0.24003685476354997,0.17501480810354905,0.5695447362170774,0.7751937984496124,55.2
ночник,1,32,136,0,27,27,11,0,0.9655172413793104,0.00684931506849315,4.964285714285714,0.0625,0.07692307692307693,1.0,0.12801782898845826,0.38814611538432664,0.4647385714810097,0.7692307692307693,55.0
купальник женский,2,30,173,3,29,29,65,3,0.967741935483871,0.02185792349726776,5.866666666666666,0.05714285714285714,0.05970149253731343,1.0,0.3541309275361896,0.3597627093789673,0.4352818779922407,0.5970149253731343,54.9
шары воздушные,2,36,328,7,32,34,84,3,1.0294117647058822,0.023668639053254437,9.457142857142857,0.0898876404494382,0.046511627906976744,1.0,0.3771021766224839,0.29529737559139996,0.5929732636804879,0.46511627906976744,54.6
витамины,1,62,3648,37,56,59,347,24,1.0344827586206897,0.01038819026790596,60.85,0.10795454545454546,0.07163323782234957,1.0,0.18760110168044186,0.16804740887373276,0.6602500776649964,0.7163323782234956,54.6
кружка,1,84,3837,23,76,83,201,14,1.0769230769230769,0.006238627501949571,45.714285714285715,0.11650485436893204,0.07389162561576355,1.0,0.11730235070027073,0.18031689926548156,0.6880924794766357,0.7389162561576356,54.5
торт панчо,2,30,109,3,29,34,66,1,1.1290322580645162,0.03361344537815126,3.2,0.056338028169014086,0.029411764705882353,1.0,0.4894511255483216,0.483000944087389,0.43071852396063315,0.29411764705882354,53.9
тортик,1,42,1702,20,37,37,237,16,0.9743589743589743,0.012266355140186916,44.86842105263158,0.08677685950413223,0.07112970711297072,1.0,0.2175514447384317,0.18117815054344338,0.5801125563966023,0.7112970711297072,53.8
книга,1,59,2551,20,50,52,231,17,1.0192307692307692,0.008199921905505662,48.18867924528302,0.08898305084745763,0.07725321888412018,1.0,0.15125665247717757,0.17792788840516827,0.5892746386788319,0.7725321888412018,53.8
шоколадки,1,34,2204,34,32,38,393,25,1.1470588235294117,0.015808491418247517,56.58974358974359,0.08793969849246232,0.06582278481012659,1.0,0.2710643542936976,0.1710062350762828,0.5849668925413347,0.6582278481012659,53.7
миксер,1,43,758,8,40,42,105,6,1.0238095238095237,0.01171875,17.697674418604652,0.08181818181818182,0.06542056074766354,1.0,0.20893488914970404,0.2366983270483998,0.558766832240016,0.6542056074766355,53.2
напиток,1,39,1981,24,33,34,288,19,1.0,0.012556504269211451,56.68571428571428,0.08532423208191127,0.06896551724137931,1.0,0.22207883119754324,0.1709360165116199,0.5739686401790897,0.6896551724137931,53.1
открытка,1,52,411,4,46,46,52,2,0.9791666666666666,0.011876484560570071,8.808510638297872,0.08771929824561403,0.05555555555555555,1.0,0.21142652306832654,0.30357912913371143,0.5840511497690231,0.5555555555555556,53.1
краска для волос,3,271,2464,27,239,246,222,9,1.0248962655601659,0.01131770412287793,9.987854251012147,0.12334801762114538,0.044642857142857144,1.0,0.20256430631939526,0.28919806694435046,0.7087228839771097,0.44642857142857145,52.9
хлебные палочки,2,31,274,5,29,28,80,3,0.9354838709677419,0.02112676056338028,9.551724137931034,0.07058823529411765,0.04878048780487805,1.0,0.34461682295187845,0.29416896677615334,0.5063272116108697,0.4878048780487805,52.7
к чаю сладости,3,42,557,10,41,42,170,9,1.0,0.019400352733686066,13.023255813953488,0.06285714285714286,0.05813953488372093,1.0,0.3215924426967445,0.2624844537638373,0.46664680984318807,0.5813953488372093,52.6
вода с газом,3,30,373,7,28,29,124,6,1.0,0.020887728459530026,12.533333333333333,0.06201550387596899,0.05555555555555555,1.0,0.3414761693703037,0.2660674599306137,0.4621389581787566,0.5555555555555556,52.5
сигареты табачные,2,31,139,0,26,27,13,0,1.0,0.006711409395973154,5.071428571428571,0.05555555555555555,0.06666666666666667,1.0,0.12560948351578993,0.3843144347690867,0.42624657926256726,0.6666666666666666,52.1
нож,1,40,1528,16,39,41,179,10,1.024390243902439,0.011053315994798439,36.45238095238095,0.09239130434782608,0.06077348066298342,1.0,0.19833648771357026,0.19131485896719458,0.6030373341821982,0.6077348066298343,52.0
пазл,1,30,361,1,29,30,25,1,1.0,0.005390835579514825,11.741935483870968,0.06666666666666667,0.07407407407407407,1.0,0.10220786375624968,0.27236731213626336,0.486582880967408,0.7407407407407407,52.0
машинка игрушка,2,46,1085,6,39,38,82,5,0.9512195121951219,0.006392694063926941,27.897435897435898,0.08045977011494253,0.07142857142857142,1.0,0.12001804841133046,0.206063646105664,0.5527321742975,0.7142857142857142,51.9
подарки для женщины,3,49,2190,11,45,43,135,9,0.9361702127659575,0.005454545454545455,49.84090909090909,0.08571428571428572,0.072992700729927,1.0,0.10335109974342449,0.1764316303953664,0.57562715432305,0.7299270072992701,51.7
чемодан,1,49,539,5,40,41,90,5,1.0,0.01092896174863388,12.904761904761905,0.06315789473684211,0.06521739130434782,1.0,0.19634020104038397,0.2633306440673759,0.46824846986942925,0.6521739130434783,51.6
платье,1,34,105,0,32,26,15,0,0.7941176470588235,0.008695652173913044,4.0,0.05,0.058823529411764705,0.9926470588235293,0.15963002986910202,0.43067655807339306,0.3934693402873666,0.5882352941176471,51.3
курица копченая,2,47,237,4,44,44,102,4,0.9782608695652174,0.020242914979757085,5.333333333333333,0.04672897196261682,0.04807692307692308,1.0,0.3329286715609643,0.3755212686694933,0.3733015027462483,0.4807692307692308,51.3
лампа,1,35,1067,6,34,34,94,6,0.9722222222222222,0.0064995357474466105,30.571428571428573,0.0707070707070707,0.07291666666666667,1.0,0.1218964158806688,0.20078113348501517,0.5069135212668402,0.7291666666666667,51.2
суши роллы,2,30,862,6,27,29,88,5,1.0344827586206897,0.008027522935779817,28.833333333333332,0.07526881720430108,0.06666666666666667,1.0,0.14832515193122342,0.20412940407671382,0.5289015446245398,0.6666666666666666,51.0
новотерская вода,2,32,1320,12,28,30,177,11,1.0333333333333334,0.009774436090225564,42.67741935483871,0.07142857142857142,0.0670391061452514,1.0,0.17756738093226898,0.18352611881874353,0.5104583404430468,0.6703910614525139,50.8
тетрадь,1,89,752,2,82,85,42,2,1.0238095238095237,0.003937007874015748,8.779069767441861,0.06382978723404255,0.06818181818181818,1.0,0.07571993949522748,0.30397934168306073,0.4718092926577572,0.6818181818181818,50.7
альбом для рисования,3,42,592,2,41,42,41,2,1.0,0.0049833887043189366,13.837209302325581,0.06521739130434782,0.06976744186046512,1.0,0.09486192158533568,0.25699357521738114,0.4790878726882559,0.6976744186046512,50.6
полуфабрикаты,1,33,2512,31,30,32,460,28,1.03125,0.012688342585249802,76.21212121212122,0.06881720430107527,0.06277056277056277,1.0,0.2241273256482128,0.1594704193308293,0.4975062329521711,0.6277056277056277,50.2
подарочный набор для женщин,4,60,1787,5,56,58,80,5,1.0172413793103448,0.00333889816360601,30.338983050847457,0.07058823529411765,0.07317073170731707,1.0,0.0645971279263775,0.20121184015770807,0.5063272116108697,0.7317073170731707,50.1
подарок мужчине,2,52,1322,6,48,49,88,5,1.0,0.005255255255255256,26.5,0.07526881720430108,0.06666666666666667,1.0,0.0997701011445038,0.20914552761453564,0.5289015446245398,0.6666666666666666,50.1
еда,1,34,1485,30,31,33,550,29,1.0303030303030303,0.02073578595317726,43.76470588235294,0.055855855855855854,0.05434782608695652,1.0,0.33947197045619604,0.1823390149056588,0.42796697803380335,0.5434782608695652,49.9
epica йогурт,2,36,1294,9,35,37,137,8,1.027027027027027,0.007668711656441718,34.13157894736842,0.07042253521126761,0.06474820143884892,1.0,0.14219135867612043,0.1947534771417605,0.5055085172902378,0.6474820143884892,49.8
алмазная мозаика,2,58,223,3,48,64,82,2,1.3,0.017167381974248927,3.476923076923077,0.04597701149425287,0.03571428571428571,1.0,0.2906084438261194,0.46242613548521144,0.36857121513390023,0.3571428571428571,49.6
желе фруктовое,2,49,2141,18,47,50,183,8,1.0408163265306123,0.008833100883310088,42.03921568627451,0.10106382978723404,0.04864864864864865,1.0,0.16193701285417827,0.1842441791107045,0.6360134264481785,0.4864864864864865,49.4
антисептик,1,31,317,1,26,23,29,1,0.8571428571428571,0.0061162079510703364,13.333333333333334,0.058823529411764705,0.06451612903225806,1.0,0.1151385138260469,0.26032838185634777,0.4446936269980495,0.6451612903225806,49.3
игрушки,1,120,9857,40,103,104,512,34,1.0,0.004155265024830242,93.9047619047619,0.07930367504835589,0.06809338521400778,1.0,0.07974576111039122,0.15224387902020112,0.547531327590745,0.6809338521400777,49.2
торты,1,59,3779,34,54,58,436,24,1.0535714285714286,0.009237265769332278,64.10169491525424,0.07936507936507936,0.05707762557077625,1.0,0.1686840197179168,0.1659854843930981,0.5478090776034497,0.5707762557077625,49.1
коробка,1,41,1694,12,39,39,189,11,0.975609756097561,0.007629107981220657,42.425,0.06701030927835051,0.06282722513089005,1.0,0.14151164202222488,0.18380819143508745,0.4883441729559278,0.6282722513089005,48.8
рюкзак,1,42,769,3,36,35,59,3,0.9473684210526315,0.005134788189987163,21.444444444444443,0.0625,0.06557377049180328,1.0,0.09759852508140265,0.22280217721490997,0.4647385714810097,0.6557377049180328,48.8
хрен столовый,2,30,391,3,24,26,67,3,1.0384615384615385,0.00997506234413965,14.592592592592593,0.05555555555555555,0.057971014492753624,1.0,0.18086080055828568,0.2523475309838477,0.42624657926256726,0.5797101449275363,48.8
краска для бровей,3,34,557,3,30,30,63,3,0.96875,0.007054673721340388,18.06451612903226,0.058823529411764705,0.06153846153846154,1.0,0.13159186604885098,0.23513820664271134,0.4446936269980495,0.6153846153846154,48.5
игрушка,1,100,6406,42,88,88,569,34,0.9888888888888889,0.006701995012468828,72.01123595505618,0.07491289198606271,0.06129597197898424,1.0,0.12544483106216842,0.16154967240892706,0.5272217988730511,0.6129597197898424,48.5
зарядка,1,33,1283,22,30,31,310,12,1.0,0.017788089713843776,40.1875,0.07301587301587302,0.041666666666666664,1.0,0.29936050330304054,0.18642335890400927,0.5181674973296974,0.41666666666666663,48.4
фен для волос,3,59,1465,11,44,42,160,8,0.9347826086956522,0.008135593220338983,34.13953488372093,0.07272727272727272,0.05555555555555555,1.0,0.15016397885352273,0.19474108741267188,0.5167749188101746,0.5555555555555556,48.3
сироп для кофе,3,68,2490,20,65,67,277,14,1.0149253731343284,0.0084,36.661764705882355,0.07446808510638298,0.053763440860215055,1.0,0.15464616531534126,0.19102092041974378,0.5251141649334472,0.5376344086021505,48.2
свеча,1,54,1802,8,49,50,116,6,1.0,0.004966887417218543,35.3921568627451,0.0743801652892562,0.059322033898305086,1.0,0.09456315342150656,0.19284336470121027,0.5246964625810302,0.5932203389830508,48.1
белок,1,69,2686,22,64,66,244,10,1.0151515151515151,0.008531157270029673,40.134328358208954,0.09236947791164658,0.044715447154471545,1.0,0.156860745485917,0.18648815088062762,0.602950681923081,0.44715447154471544,47.9
контейнер,1,68,1057,8,64,65,109,4,1.0,0.008434864104967198,16.060606060606062,0.07894736842105263,0.04504504504504504,1.0,0.15523540995313534,0.24434362869796064,0.5459162761654972,0.4504504504504504,47.9
сливки порционные для кофе,4,30,765,5,27,27,99,5,0.9655172413793104,0.007741935483870968,27.428571428571427,0.057692307692307696,0.0594059405940594,1.0,0.14344667989591275,0.20707064679230808,0.4383762161028545,0.594059405940594,47.7
цветы в горшке живые,4,42,275,0,35,26,13,0,0.7297297297297297,0.0035087719298245615,10.296296296296296,0.05555555555555555,0.06666666666666667,0.9121621621621622,0.06776974360909693,0.28589579439596124,0.42624657926256726,0.6666666666666666,47.2
ваза для цветов,3,107,2635,21,93,92,157,3,0.9789473684210527,0.00831758034026465,28.365591397849464,0.13580246913580246,0.025157232704402517,1.0,0.15325154067803648,0.2050838318165123,0.7428317377406273,0.25157232704402516,47.1
iphone,1,49,1024,7,45,45,128,6,0.9787234042553191,0.007736943907156673,22.32608695652174,0.06015037593984962,0.05384615384615385,1.0,0.14336116459527826,0.22007660227557183,0.4520130243608993,0.5384615384615385,47.1
8 марта подарки,3,48,2109,8,45,46,142,8,1.0,0.004247286455875413,44.93617021276596,0.061224489795918366,0.0625,1.0,0.0814378657736039,0.18110828094323078,0.4578675300800349,0.625,46.9
боржоми в стекле,3,44,792,19,37,37,326,8,0.9743589743589743,0.02493765586034913,20.92105263157895,0.06042296072507553,0.027439024390243903,1.0,0.39271259595663466,0.22450492988209492,0.45350471949088955,0.27439024390243905,46.9
грунт,1,44,199,0,39,40,18,0,1.0,0.004784688995215311,4.926829268292683,0.043478260869565216,0.05,1.0,0.0912577513953362,0.38952026893815894,0.352594607916089,0.5,46.7
кроссовки,1,40,301,0,38,41,16,0,1.05,0.003215434083601286,7.238095238095238,0.047619047619047616,0.05555555555555555,1.0,0.062284500736882076,0.32869751453506957,0.3788548423845485,0.5555555555555556,46.5
коврик для ванной,3,32,167,1,30,30,46,1,0.96875,0.011299435028248588,5.483870967741935,0.0392156862745098,0.041666666666666664,1.0,0.20227288451953973,0.3708022340101548,0.3244018705288375,0.41666666666666663,46.3
с днем рождения,3,32,1691,12,32,33,192,9,1.0,0.007642563198118754,49.8235294117647,0.06598984771573604,0.05154639175257732,1.0,0.1417426338815969,0.17644698603525524,0.4830961906279466,0.5154639175257731,46.3
закуска,1,31,1561,10,25,27,178,9,1.037037037037037,0.007001909611712286,55.857142857142854,0.060109289617486336,0.05555555555555555,1.0,0.1306749667005288,0.17154807578378403,0.4517878304067904,0.5555555555555556,46.2
гель для интимной гигиены,4,47,1085,13,42,42,206,7,0.9772727272727273,0.012785388127853882,25.302325581395348,0.06635071090047394,0.038461538461538464,1.0,0.22563176487819647,0.21199382814545606,0.4849581446027077,0.38461538461538464,46.1
чулки женские,2,59,749,6,48,48,129,5,0.98,0.00922266139657444,15.346938775510203,0.05223880597014925,0.04580152671755725,1.0,0.16844116728345693,0.24808056418882507,0.4068975087161977,0.4580152671755725,45.6
игрушки для девочек,3,56,3265,14,53,54,245,13,1.0,0.004580152671755725,59.41818181818182,0.06,0.05668016194331984,1.0,0.08753272158083192,0.16900710910755287,0.4511883639059736,0.5668016194331984,45.5
игрушки для мальчиков,3,63,2605,13,57,57,235,12,0.9830508474576272,0.005353728489483747,44.96551724137931,0.058333333333333334,0.05485232067510549,1.0,0.10154132738201405,0.18107806408199303,0.4419648542299529,0.5485232067510549,45.5
лампочка,1,40,973,6,36,35,94,3,0.9473684210526315,0.007121057985757884,27.11111111111111,0.0707070707070707,0.041666666666666664,1.0,0.13274407369875396,0.20776766106291727,0.5069135212668402,0.41666666666666663,45.3
lego,1,92,4157,30,77,78,550,27,1.0,0.007439404847612191,52.65822784810127,0.055855855855855854,0.050724637681159424,1.0,0.13824829663489901,0.1740423644349836,0.42796697803380335,0.5072463768115942,45.0
кроссовки мужские,2,89,678,0,63,66,16,0,1.0307692307692307,0.0014534883720930232,10.164179104477611,0.047619047619047616,0.05555555555555555,1.0,0.028651306410974242,0.2872898431815447,0.3788548423845485,0.5555555555555556,45.0
микроволновка,1,37,724,5,31,30,107,4,0.9393939393939394,0.008174386920980926,23.451612903225808,0.05357142857142857,0.045871559633027525,1.0,0.15082308881129647,0.21683236106254594,0.41474889569258766,0.45871559633027525,44.8
корм,1,35,2304,22,32,34,435,20,1.0294117647058822,0.009939498703543647,65.91428571428571,0.05227272727272727,0.04805491990846682,1.0,0.1802779618624577,0.1649010615584289,0.4070986626879114,0.4805491990846682,44.7
крем,1,42,1743,13,41,40,249,11,0.9534883720930233,0.007986309184255563,42.58536585365854,0.05511811023622047,0.04780876494023904,1.0,0.14762284821392302,0.1836286968522219,0.42373122413851727,0.47808764940239046,44.7
игрушка для девочки,3,34,1142,8,28,28,176,8,0.9666666666666667,0.0078125,39.48275862068966,0.049723756906077346,0.05056179775280899,1.0,0.14465467269257748,0.18729272438335445,0.391791524869731,0.5056179775280899,44.6
телевизор,1,47,1596,7,44,46,154,7,1.0217391304347827,0.0049813200498132005,34.02127659574468,0.050314465408805034,0.05128205128205128,1.0,0.09482447245136327,0.1949257031121331,0.39537367360188336,0.5128205128205128,44.0
трубочки для коктейлей,3,47,496,2,44,45,64,2,1.0,0.005928853754940711,10.847826086956522,0.043478260869565216,0.045454545454545456,1.0,0.11181664380136558,0.2803829667360381,0.352594607916089,0.4545454545454546,44.0
кроссовки женские,2,50,316,0,41,40,19,0,0.9534883720930233,0.003067484662576687,7.780487804878049,0.041666666666666664,0.047619047619047616,1.0,0.0595057022440717,0.3190503945662464,0.34075936979955623,0.47619047619047616,43.9
сыр адыгейский,2,39,1677,19,35,39,384,14,1.0810810810810811,0.011855364552459988,42.0,0.05141388174807198,0.038860103626943004,1.0,0.21109335914446858,0.18428883314870617,0.40198462668702595,0.38860103626943004,43.7
pipibend наполнитель,2,53,1300,7,44,43,149,6,0.9565217391304348,0.0061068702290076335,29.613636363636363,0.05194805194805195,0.046357615894039736,1.0,0.11497324658189367,0.20258898525535868,0.40517052995415126,0.4635761589403974,43.7
зеркало,1,31,156,0,29,29,24,0,0.967741935483871,0.006024096385542169,5.3,0.034482758620689655,0.038461538461538464,1.0,0.1135068918396025,0.3765979292177298,0.29165752904763875,0.38461538461538464,43.3
колонка,1,30,1422,8,28,30,152,5,1.0333333333333334,0.006284916201117319,45.96774193548387,0.05732484076433121,0.03896103896103896,1.0,0.11811915107455584,0.18006343646280304,0.43630863793096175,0.38961038961038963,42.5
лего,1,72,2330,16,62,61,374,15,0.96875,0.007264957264957265,37.62903225806452,0.044854881266490766,0.0425531914893617,1.0,0.13523643554123932,0.1896952375766403,0.3614458587503916,0.425531914893617,42.2
футболка женская,2,75,2385,9,58,59,235,9,1.0,0.0041753653444676405,39.8,0.041666666666666664,0.04219409282700422,1.0,0.08011563484659379,0.18689851687055276,0.34075936979955623,0.42194092827004215,40.6
роллы суши готовые,3,30,346,1,30,32,55,1,1.03125,0.0056179775280898875,10.575757575757576,0.03333333333333333,0.03508771929824561,1.0,0.10627713883212064,0.2830427896855794,0.28346868942621073,0.3508771929824561,40.5
ореховый соус,2,36,418,2,33,37,90,2,1.0857142857142856,0.007009345794392523,11.078947368421053,0.031578947368421054,0.03260869565217391,1.0,0.13080424628194698,0.2782087826902335,0.2707870474747649,0.32608695652173914,40.1
клей момент,2,38,379,0,33,33,24,0,0.9714285714285714,0.002570694087403599,11.235294117647058,0.034482758620689655,0.038461538461538464,1.0,0.050114551085649994,0.27678007196674276,0.29165752904763875,0.38461538461538464,40.1
трусы,1,57,2345,12,55,58,255,7,1.0350877192982457,0.005520169851380042,39.79661016949152,0.05,0.0311284046692607,1.0,0.1045271686515048,0.186902704149002,0.3934693402873666,0.311284046692607,39.9
бутылка для воды,3,46,740,1,40,42,51,1,1.0238095238095237,0.0026666666666666666,17.27906976744186,0.03571428571428571,0.03773584905660377,1.0,0.05193606150660446,0.23854274726768712,0.30032746262486965,0.3773584905660377,39.4
лак для ногтей,3,61,365,0,58,59,30,0,1.0,0.0026666666666666666,6.133333333333334,0.02857142857142857,0.03125,1.0,0.05193606150660446,0.3527863998473406,0.248522706924714,0.3125,39.3
коврик,1,48,672,1,45,45,53,1,0.9787234042553191,0.002932551319648094,14.673913043478262,0.034482758620689655,0.03636363636363636,1.0,0.0569641936519798,0.25187054854176333,0.29165752904763875,0.36363636363636365,39.3
козий сыр,2,39,1133,10,39,41,307,7,1.024390243902439,0.009623797025371828,27.047619047619047,0.035256410256410256,0.025889967637540454,1.0,0.1750858350189315,0.20790857606687504,0.297116488268803,0.25889967637540456,38.8
массажер,1,49,524,1,43,40,60,1,0.9111111111111111,0.003745318352059925,12.853658536585366,0.03076923076923077,0.03225806451612903,1.0,0.07216964223686206,0.2636995116824056,0.2648585194083155,0.3225806451612903,38.5
копченая курица,2,77,781,5,75,77,226,5,1.0129870129870129,0.007585335018963337,10.051282051282051,0.025974025974025976,0.02631578947368421,1.0,0.14075974137121772,0.2885052159130777,0.2287481150455133,0.2631578947368421,38.4
светильник,1,34,1297,3,31,33,107,3,1.0303030303030303,0.00306044376434583,38.23529411764706,0.03571428571428571,0.03669724770642202,1.0,0.059373254426030475,0.1888902281859162,0.30032746262486965,0.3669724770642202,38.3
к чаю,2,81,1577,5,75,75,180,5,0.987012987012987,0.003780718336483932,20.789473684210527,0.032432432432432434,0.03296703296703297,1.0,0.07282631335221779,0.22494356730222628,0.27698428723245005,0.32967032967032966,38.1
сумка,1,55,1009,2,50,52,87,2,1.0192307692307692,0.002944062806673209,19.09433962264151,0.03260869565217391,0.033707865168539325,1.0,0.057181283549725404,0.23101531927565563,0.27825757550789354,0.33707865168539325,38.1
лоток для кошек,3,36,327,3,32,32,190,3,0.9705882352941176,0.011869436201780416,10.0,0.020512820512820513,0.020833333333333332,1.0,0.2113153522568445,0.2890648263178878,0.18545711885751637,0.20833333333333331,37.9
пылесос,1,56,3020,16,48,47,511,15,0.96,0.005610561056105611,62.979166666666664,0.03294573643410853,0.031189083820662766,1.0,0.10614456358872681,0.1666797150144008,0.2806860470503362,0.31189083820662766,37.3
расческа для волос,3,53,1098,2,47,46,91,2,0.9591836734693877,0.002707581227436823,23.425531914893618,0.03125,0.03225806451612903,1.0,0.05271153657362504,0.21690477397276386,0.2683843710533582,0.3225806451612903,37.2
книги,1,42,1808,7,36,36,258,7,0.9736842105263158,0.0044004400440044,48.945945945945944,0.030418250950570342,0.03076923076923077,1.0,0.08424718274287446,0.17723282462691903,0.2622737878832009,0.3076923076923077,36.6
планшет,1,42,1878,6,35,38,222,6,1.054054054054054,0.003707627118644068,48.23076923076923,0.030837004405286344,0.03125,1.0,0.07146995713835613,0.17788883174366754,0.2653565827229917,0.3125,36.5
dr pepper,2,45,541,0,38,37,32,0,0.95,0.0018148820326678765,14.31578947368421,0.02702702702702703,0.029411764705882353,1.0,0.035646779959601416,0.25400387389333745,0.23682679656699512,0.29411764705882354,36.4
мои заказы,2,34,237,0,27,24,39,0,0.8620689655172413,0.004048582995951417,9.6,0.022727272727272728,0.024390243902439025,1.0,0.0777801731411667,0.293600188843399,0.20329653010653848,0.24390243902439024,36.4
платье для девочки,3,33,469,1,29,31,74,1,1.032258064516129,0.0041753653444676405,14.75,0.02531645569620253,0.02631578947368421,1.0,0.08011563484659379,0.25142811651034674,0.22365988085959754,0.2631578947368421,36.4
для кошек,2,46,2631,11,43,43,356,8,0.9777777777777777,0.004543733434305188,59.86363636363637,0.0332409972299169,0.025139664804469275,1.0,0.08686785222030413,0.16870494215694076,0.2828067667845101,0.25139664804469275,35.8
мама лама,2,39,451,0,39,40,39,0,1.0,0.0021691973969631237,11.073170731707316,0.022727272727272728,0.024390243902439025,1.0,0.04245632744047467,0.27826220829398235,0.20329653010653848,0.24390243902439024,35.4
халат женский,2,37,338,1,28,28,96,1,0.9666666666666667,0.005747126436781609,11.758620689655173,0.019801980198019802,0.02040816326530612,1.0,0.10858262668176821,0.27222732980575653,0.17964639164891583,0.2040816326530612,35.3
розы,1,31,331,0,27,27,41,0,0.9655172413793104,0.002932551319648094,11.928571428571429,0.021739130434782608,0.023255813953488372,1.0,0.0569641936519798,0.27081989081943947,0.19538494167464715,0.23255813953488372,35.1
айфон,1,31,802,2,29,30,118,2,1.0,0.003694581280788177,25.967741935483872,0.024390243902439025,0.025,1.0,0.0712276564819101,0.21038622860464185,0.21643592419036528,0.25,35.0
расческа,1,31,697,1,30,31,79,1,1.0,0.002828854314002829,21.875,0.023809523809523808,0.024691358024691357,1.0,0.055006364356689486,0.22144961707197927,0.21187237225468902,0.24691358024691357,34.7
подарки на 8 марта,4,30,1877,3,28,31,140,3,1.0666666666666667,0.0021197668256491787,58.75,0.027586206896551724,0.028169014084507043,1.0,0.0415092207415072,0.1694666279617648,0.24108239816771115,0.28169014084507044,34.7
смартфон,1,65,3970,15,51,54,603,15,1.0377358490566038,0.004020100502512563,72.23636363636363,0.02631578947368421,0.026446280991735537,1.0,0.07725468107878097,0.1614338358421187,0.2313794734062642,0.2644628099173554,34.7
обувь женская,2,47,913,1,37,37,77,1,0.9743589743589743,0.0021668472372697724,24.105263157894736,0.024390243902439025,0.02531645569620253,1.0,0.04241131877182991,0.21505755851016983,0.21643592419036528,0.25316455696202533,34.5
телефон,1,64,2700,16,55,53,660,12,0.9473684210526315,0.006273062730627306,50.05555555555556,0.02556390977443609,0.019637462235649546,1.0,0.1179100593185366,0.17624263239080226,0.22557859120279866,0.19637462235649547,34.3
посуда,1,42,4238,13,38,39,524,13,1.0,0.003295668549905838,106.025,0.026465028355387523,0.026615969581749048,1.0,0.06378803611323769,0.14832825105059086,0.2325256985651487,0.2661596958174905,34.2
конструктор,1,54,1963,8,52,53,377,7,1.0,0.00456158134820071,36.407407407407405,0.02356020942408377,0.021108179419525065,1.0,0.0871937441309123,0.19137832693152196,0.2099050052576813,0.21108179419525064,34.0
озон фреш,2,32,2454,9,31,58,445,9,1.7878787878787878,0.004058441558441558,41.644067796610166,0.022222222222222223,0.02237136465324385,1.0,0.07796199045185914,0.18469699826865033,0.19926259708319194,0.2237136465324385,33.7
дистиллированная вода,2,43,1201,3,36,36,177,3,0.9736842105263158,0.0033030553261767133,32.54054054054054,0.02197802197802198,0.0223463687150838,1.0,0.06392633766334699,0.19732295753808832,0.19730480489613633,0.223463687150838,33.6
заказы мои,2,38,390,0,30,29,49,0,0.9375,0.0025,13.1,0.018518518518518517,0.0196078431372549,1.0,0.048770575499285984,0.26194308147940804,0.169049610098708,0.19607843137254902,33.5
xiaomi,1,31,1136,4,27,28,233,4,1.0,0.004363001745200698,39.275862068965516,0.02100840336134454,0.02127659574468085,1.0,0.0835612414181034,0.18755238934583818,0.1894838674910535,0.2127659574468085,33.5
сумка женская,2,52,546,0,39,39,49,0,0.975609756097561,0.0017985611510791368,13.725,0.018518518518518517,0.0196078431372549,1.0,0.03533194668455086,0.25771895797441735,0.169049610098708,0.19607843137254902,33.2
матрас,1,42,434,0,39,38,53,0,0.9512195121951219,0.0022522522522522522,11.205128205128204,0.017241379310344827,0.01818181818181818,1.0,0.04404558014666049,0.2770531648922601,0.1583691599327165,0.18181818181818182,33.2
пудинг ehrmann без сахара,4,30,868,3,29,29,220,3,0.967741935483871,0.004555808656036446,29.033333333333335,0.017777777777777778,0.018018018018018018,1.0,0.08708835105659662,0.20372852952561823,0.16287156863923635,0.18018018018018017,32.7
для волос,2,31,2055,5,26,25,272,5,0.9285714285714286,0.0029055690072639223,79.15384615384616,0.021660649819494584,0.021897810218978103,1.0,0.056455150578414215,0.15811026999596425,0.1947532269718043,0.21897810218978103,32.6
мышка для компьютера,3,36,1882,6,32,35,309,4,1.0588235294117647,0.0036997885835095136,52.361111111111114,0.022292993630573247,0.01607717041800643,1.0,0.07132437942020453,0.17428535329811437,0.19982908973936964,0.1607717041800643,32.1
куртка женская,2,30,306,0,26,27,70,0,1.0,0.0031645569620253164,11.035714285714286,0.013333333333333334,0.013888888888888888,1.0,0.0613298498111462,0.2786097483455753,0.12482668095705252,0.1388888888888889,32.1
озон,1,64,719,2,58,56,205,1,0.95,0.00411522633744856,12.666666666666666,0.014285714285714285,0.00966183574879227,1.0,0.07900855054470013,0.26506992053257894,0.1331221002498184,0.0966183574879227,31.5
косметичка,1,32,963,1,28,29,121,1,1.0,0.0020554984583761563,32.2,0.015873015873015872,0.016260162601626018,1.0,0.040276415859087256,0.1978978758660491,0.14677343635222972,0.1626016260162602,31.0
клубника в шоколаде букет,4,33,960,1,30,31,123,1,1.0,0.002061855670103093,30.09375,0.015625,0.016,1.0,0.04039843142260957,0.2016717492763566,0.14465467269257748,0.16,30.9
ноутбук,1,32,1404,1,27,30,133,1,1.0689655172413792,0.0014144271570014145,45.38709677419355,0.014492753623188406,0.014814814814814815,1.0,0.027892168716191046,0.180647205282603,0.13491502184322568,0.14814814814814814,29.8
духи женские,2,35,963,1,31,32,157,1,1.0,0.0020554984583761563,29.272727272727273,0.012345679012345678,0.012578616352201259,1.0,0.040276415859087256,0.20325423244028062,0.11614016810681649,0.12578616352201258,29.7
для детей,2,31,3619,19,27,26,1608,19,0.9310344827586207,0.005511160099200882,134.14814814814815,0.012399256044637322,0.012422360248447204,1.0,0.10436579434664417,0.14127490562213937,0.11661358714110381,0.12422360248447203,29.7
косметика,1,45,3580,10,43,43,801,10,0.9777777777777777,0.003064066852367688,81.43181818181819,0.013647642679900745,0.0136986301369863,1.0,0.05944141142651105,0.15710599665413252,0.12757311408844507,0.136986301369863,29.6
горшок для цветов,3,32,518,0,31,31,107,0,0.9696969696969697,0.001893939393939394,16.28125,0.008928571428571428,0.009174311926605505,1.0,0.03717035955855952,0.24324179015549474,0.08541577353806107,0.09174311926605505,29.2
антистатик для одежды спрей,4,30,571,0,28,29,96,0,1.0,0.0017211703958691911,19.133333333333333,0.009900990099009901,0.01020408163265306,1.0,0.033837662761803444,0.2308661513781811,0.09426625968164126,0.1020408163265306,29.2
набор,1,76,13947,26,65,69,1740,24,1.044776119402985,0.0019345131475245396,199.28571428571428,0.015472779369627506,0.014351320321469576,1.0,0.03795135488809731,0.1307887815761138,0.14335166917500475,0.14351320321469577,29.1
платье женское,2,85,1545,1,69,67,203,1,0.9577464788732394,0.0012861736334405145,22.764705882352942,0.009615384615384616,0.00975609756097561,1.0,0.025395442853384242,0.21878254054931093,0.09167573687557151,0.0975609756097561,28.7
одежда,1,44,2590,5,40,42,518,5,1.0238095238095237,0.002307692307692308,60.30232558139535,0.011472275334608031,0.011538461538461539,1.0,0.0451049560402379,0.16841056082223596,0.10838669355144248,0.11538461538461539,28.7
обувь,1,33,745,0,26,27,97,0,1.0,0.0013245033112582781,26.714285714285715,0.00980392156862745,0.010101010101010102,1.0,0.02614228212922476,0.20865684185053607,0.09338665040790484,0.10101010101010102,28.6
пижама женская,2,62,1529,1,51,53,199,1,1.0188679245283019,0.001299545159194282,28.37037037037037,0.00980392156862745,0.009950248756218905,1.0,0.025656047003792537,0.20507395818485258,0.09338665040790484,0.09950248756218905,28.5
коржи для тортов,3,34,1421,1,33,33,179,1,0.9714285714285714,0.001397624039133473,41.88235294117647,0.010869565217391304,0.011049723756906077,1.0,0.027565424966740526,0.18442317039758996,0.1029966230134064,0.11049723756906077,28.5
матрас надувной,2,33,654,0,28,27,124,0,0.9333333333333333,0.0015060240963855422,23.464285714285715,0.007751937984496124,0.007936507936507936,1.0,0.029671380556952287,0.21679722077771174,0.07459091006183483,0.07936507936507936,28.0
машинка,1,37,1481,1,31,35,219,1,1.0909090909090908,0.0013413816230717639,41.22222222222222,0.008928571428571428,0.00904977375565611,1.0,0.026470968133938677,0.18518756495209593,0.08541577353806107,0.0904977375565611,27.8
земля для цветов,3,53,1275,0,48,48,155,0,0.98,0.0007782101167315176,26.081632653061224,0.00625,0.006369426751592357,1.0,0.015443706090095377,0.21011745768363216,0.06058693718652419,0.06369426751592357,27.0
уцененный товар,2,102,7021,15,47,48,2290,15,1.0,0.002275636467074385,143.3469387755102,0.006971677559912854,0.006980802792321117,1.0,0.04449256048595085,0.1394039729800664,0.06734206601302195,0.06980802792321117,26.4
часы,1,32,1743,1,24,26,324,1,1.0384615384615385,0.0011409013120365088,64.66666666666667,0.0060790273556231,0.006134969325153374,1.0,0.022559663917021466,0.16564273728676615,0.05897942401910994,0.06134969325153374,26.2
органайзер,1,34,1184,0,32,32,259,0,0.9705882352941176,0.0008375209380234506,35.96969696969697,0.003787878787878788,0.0038314176245210726,1.0,0.01661091052269359,0.19200228634140956,0.03717035955855952,0.038314176245210725,25.7
одежда женская,2,83,3154,0,69,69,334,0,0.9859154929577465,0.0003160556257901391,45.1,0.0029498525073746312,0.002976190476190476,1.0,0.006301176312530021,0.180939970081148,0.029067690306307736,0.02976190476190476,24.9
